<?xml version="1.0" encoding="utf-8"?>
<COLLADA xmlns="http://www.collada.org/2005/11/COLLADASchema" version="1.4.1" xmlns:xsi="http://www.w3.org/2001/XMLSchema-instance">
  <asset>
    <contributor>
      <author>Blender User</author>
      <authoring_tool>Blender 4.3.2 commit date:2024-12-16, commit time:21:10, hash:32f5fdce0a0a</authoring_tool>
    </contributor>
    <created>2025-12-27T17:48:23</created>
    <modified>2025-12-27T17:48:23</modified>
    <unit name="meter" meter="1"/>
    <up_axis>Z_UP</up_axis>
  </asset>
  <library_effects>
    <effect id="head_armor-effect">
      <profile_COMMON>
        <newparam sid="new_dds-surface">
          <surface type="2D">
            <init_from>new_dds</init_from>
          </surface>
        </newparam>
        <newparam sid="new_dds-sampler">
          <sampler2D>
            <source>new_dds-surface</source>
          </sampler2D>
        </newparam>
        <technique sid="common">
          <lambert>
            <emission>
              <color sid="emission">0 0 0 1</color>
            </emission>
            <diffuse>
              <texture texture="new_dds-sampler" texcoord="UVMap"/>
            </diffuse>
            <index_of_refraction>
              <float sid="ior">1.5</float>
            </index_of_refraction>
          </lambert>
        </technique>
      </profile_COMMON>
    </effect>
    <effect id="head_visor-effect">
      <profile_COMMON>
        <newparam sid="new_dds-surface">
          <surface type="2D">
            <init_from>new_dds</init_from>
          </surface>
        </newparam>
        <newparam sid="new_dds-sampler">
          <sampler2D>
            <source>new_dds-surface</source>
          </sampler2D>
        </newparam>
        <technique sid="common">
          <lambert>
            <emission>
              <color sid="emission">0 0 0 1</color>
            </emission>
            <diffuse>
              <texture texture="new_dds-sampler" texcoord="UVMap"/>
            </diffuse>
            <index_of_refraction>
              <float sid="ior">1.5</float>
            </index_of_refraction>
          </lambert>
        </technique>
      </profile_COMMON>
    </effect>
    <effect id="emblem-effect">
      <profile_COMMON>
        <technique sid="common">
          <lambert>
            <emission>
              <color sid="emission">0 0 0 1</color>
            </emission>
            <diffuse>
              <color sid="diffuse">0.7094117 0.1346491 0.316552 1</color>
            </diffuse>
            <reflectivity>
              <float sid="specular">0.5</float>
            </reflectivity>
          </lambert>
        </technique>
      </profile_COMMON>
    </effect>
    <effect id="head_rubber-effect">
      <profile_COMMON>
        <newparam sid="cyborg_head_normal_tiff-surface">
          <surface type="2D">
            <init_from>cyborg_head_normal_tiff</init_from>
          </surface>
        </newparam>
        <newparam sid="cyborg_head_normal_tiff-sampler">
          <sampler2D>
            <source>cyborg_head_normal_tiff-surface</source>
          </sampler2D>
        </newparam>
        <technique sid="common">
          <lambert>
            <emission>
              <color sid="emission">0 0 0 1</color>
            </emission>
            <diffuse>
              <texture texture="cyborg_head_normal_tiff-sampler" texcoord="UVMap"/>
            </diffuse>
            <index_of_refraction>
              <float sid="ior">1.5</float>
            </index_of_refraction>
          </lambert>
        </technique>
      </profile_COMMON>
    </effect>
    <effect id="legs_armor-effect">
      <profile_COMMON>
        <newparam sid="new_dds-surface">
          <surface type="2D">
            <init_from>new_dds</init_from>
          </surface>
        </newparam>
        <newparam sid="new_dds-sampler">
          <sampler2D>
            <source>new_dds-surface</source>
          </sampler2D>
        </newparam>
        <technique sid="common">
          <lambert>
            <emission>
              <color sid="emission">0 0 0 1</color>
            </emission>
            <diffuse>
              <texture texture="new_dds-sampler" texcoord="UVMap"/>
            </diffuse>
            <index_of_refraction>
              <float sid="ior">1.5</float>
            </index_of_refraction>
          </lambert>
        </technique>
      </profile_COMMON>
    </effect>
    <effect id="torso_armor-effect">
      <profile_COMMON>
        <newparam sid="new_dds-surface">
          <surface type="2D">
            <init_from>new_dds</init_from>
          </surface>
        </newparam>
        <newparam sid="new_dds-sampler">
          <sampler2D>
            <source>new_dds-surface</source>
          </sampler2D>
        </newparam>
        <technique sid="common">
          <lambert>
            <emission>
              <color sid="emission">0 0 0 1</color>
            </emission>
            <diffuse>
              <texture texture="new_dds-sampler" texcoord="UVMap"/>
            </diffuse>
            <index_of_refraction>
              <float sid="ior">1.5</float>
            </index_of_refraction>
          </lambert>
        </technique>
      </profile_COMMON>
    </effect>
    <effect id="arms_armor-effect">
      <profile_COMMON>
        <newparam sid="new_dds-surface">
          <surface type="2D">
            <init_from>new_dds</init_from>
          </surface>
        </newparam>
        <newparam sid="new_dds-sampler">
          <sampler2D>
            <source>new_dds-surface</source>
          </sampler2D>
        </newparam>
        <technique sid="common">
          <lambert>
            <emission>
              <color sid="emission">0 0 0 1</color>
            </emission>
            <diffuse>
              <texture texture="new_dds-sampler" texcoord="UVMap"/>
            </diffuse>
            <index_of_refraction>
              <float sid="ior">1.5</float>
            </index_of_refraction>
          </lambert>
        </technique>
      </profile_COMMON>
    </effect>
    <effect id="mp_visor-effect">
      <profile_COMMON>
        <technique sid="common">
          <lambert>
            <emission>
              <color sid="emission">0 0 0 1</color>
            </emission>
            <diffuse>
              <color sid="diffuse">0.8 0.8 0.8 1</color>
            </diffuse>
            <index_of_refraction>
              <float sid="ior">1.5</float>
            </index_of_refraction>
          </lambert>
        </technique>
      </profile_COMMON>
    </effect>
    <effect id="cyborg_99_armor-effect">
      <profile_COMMON>
        <newparam sid="macworld_mp_dds-surface">
          <surface type="2D">
            <init_from>macworld_mp_dds</init_from>
          </surface>
        </newparam>
        <newparam sid="macworld_mp_dds-sampler">
          <sampler2D>
            <source>macworld_mp_dds-surface</source>
          </sampler2D>
        </newparam>
        <technique sid="common">
          <lambert>
            <emission>
              <color sid="emission">0 0 0 1</color>
            </emission>
            <diffuse>
              <texture texture="macworld_mp_dds-sampler" texcoord="UVMap"/>
            </diffuse>
            <index_of_refraction>
              <float sid="ior">1.5</float>
            </index_of_refraction>
          </lambert>
        </technique>
      </profile_COMMON>
    </effect>
    <effect id="armor_fixed-effect">
      <profile_COMMON>
        <newparam sid="cyborg_dds-surface">
          <surface type="2D">
            <init_from>cyborg_dds</init_from>
          </surface>
        </newparam>
        <newparam sid="cyborg_dds-sampler">
          <sampler2D>
            <source>cyborg_dds-surface</source>
          </sampler2D>
        </newparam>
        <technique sid="common">
          <lambert>
            <emission>
              <color sid="emission">0 0 0 1</color>
            </emission>
            <diffuse>
              <texture texture="cyborg_dds-sampler" texcoord="UVMap"/>
            </diffuse>
            <index_of_refraction>
              <float sid="ior">1.5</float>
            </index_of_refraction>
          </lambert>
        </technique>
      </profile_COMMON>
    </effect>
    <effect id="light_shield_generator-effect">
      <profile_COMMON>
        <technique sid="common">
          <lambert>
            <emission>
              <color sid="emission">0 0 0 1</color>
            </emission>
            <diffuse>
              <color sid="diffuse">0.8 0.8 0.8 1</color>
            </diffuse>
            <index_of_refraction>
              <float sid="ior">1.5</float>
            </index_of_refraction>
          </lambert>
        </technique>
      </profile_COMMON>
    </effect>
    <effect id="light_shield_cc-effect">
      <profile_COMMON>
        <technique sid="common">
          <lambert>
            <emission>
              <color sid="emission">0 0 0 1</color>
            </emission>
            <diffuse>
              <color sid="diffuse">0.8 0.8 0.8 1</color>
            </diffuse>
            <index_of_refraction>
              <float sid="ior">1.5</float>
            </index_of_refraction>
          </lambert>
        </technique>
      </profile_COMMON>
    </effect>
  </library_effects>
  <library_images>
    <image id="cyborg_dds" name="cyborg_dds">
      <init_from>cyborg.dds</init_from>
    </image>
    <image id="cyborg_head_normal_tiff" name="cyborg_head_normal_tiff">
      <init_from>cyborg%20head%20normal.tiff</init_from>
    </image>
    <image id="macworld_mp_dds" name="macworld_mp_dds">
      <init_from>macworld_mp.dds</init_from>
    </image>
    <image id="new_dds" name="new_dds">
      <init_from>new.dds</init_from>
    </image>
  </library_images>
  <library_materials>
    <material id="head_armor-material" name="head armor">
      <instance_effect url="#head_armor-effect"/>
    </material>
    <material id="head_visor-material" name="head visor">
      <instance_effect url="#head_visor-effect"/>
    </material>
    <material id="emblem-material" name="emblem">
      <instance_effect url="#emblem-effect"/>
    </material>
    <material id="head_rubber-material" name="head rubber">
      <instance_effect url="#head_rubber-effect"/>
    </material>
    <material id="legs_armor-material" name="legs armor">
      <instance_effect url="#legs_armor-effect"/>
    </material>
    <material id="torso_armor-material" name="torso armor">
      <instance_effect url="#torso_armor-effect"/>
    </material>
    <material id="arms_armor-material" name="arms armor">
      <instance_effect url="#arms_armor-effect"/>
    </material>
    <material id="mp_visor-material" name="mp_visor">
      <instance_effect url="#mp_visor-effect"/>
    </material>
    <material id="cyborg_99_armor-material" name="cyborg_99_armor">
      <instance_effect url="#cyborg_99_armor-effect"/>
    </material>
    <material id="armor_fixed-material" name="armor_fixed">
      <instance_effect url="#armor_fixed-effect"/>
    </material>
    <material id="light_shield_generator-material" name="light_shield_generator">
      <instance_effect url="#light_shield_generator-effect"/>
    </material>
    <material id="light_shield_cc-material" name="light_shield_cc">
      <instance_effect url="#light_shield_cc-effect"/>
    </material>
  </library_materials>
  <library_geometries>
    <geometry id="default_mp_beta-mesh" name="default:mp_beta">
      <mesh>
        <source id="default_mp_beta-mesh-positions">
          <float_array id="default_mp_beta-mesh-positions-array" count="354">2.305556 1.199013 59.79331 2.305556 1.199013 59.79331 -4.956069 2.448278 65.32128 2.305556 -1.199003 59.79332 -4.956069 2.448278 65.32128 -4.64692 1.718397 62.21858 -1.106693 0.03283107 60.43045 -5.365195 2.25731 63.0648 -4.64692 1.718397 62.21858 -4.956068 -2.448261 65.32128 -5.365195 -2.257297 63.0648 -4.64692 -1.718384 62.21858 -1.263905 -3.117243 61.15297 2.305556 -1.199003 59.79332 -5.365195 2.25731 63.0648 2.885772 2.309318 60.5513 -1.523074 -3.598328 65.69776 -4.715621 -3.699997 66.62859 -1.111903 3.456127 61.94986 -1.523074 3.598334 65.69776 -6.319553 1.141556 66.5281 -6.319553 -1.141544 66.52809 -6.319553 1.141556 66.5281 2.885772 -2.309306 60.5513 2.885772 2.309318 60.5513 -4.71562 3.700003 66.62859 -1.111904 -3.45612 61.94986 2.885772 -2.309306 60.5513 2.567264 1.159493 70.17701 -1.326499 4.192388 65.75987 -1.068734 3.908421 68.49565 -4.117216 3.300003 68.31105 -1.326499 -4.192382 65.75987 -4.715621 -3.699997 66.62859 -1.068734 -3.908416 68.49565 -4.117216 -3.299997 68.31105 -0.8013761 4.728788 66.04647 0.960622 3.786537 64.47109 -0.8013761 -4.728782 66.04647 2.771108 -3.45546 63.89424 -0.5336611 4.7 63.89186 -1.523074 3.598334 65.69776 -5.418648 1.147506 68.43505 -2.6013 2.90398 69.32659 -1.111903 3.456127 61.94986 -0.4398811 4.700001 62.35857 1.113244 3.786537 61.97574 1.084128 4.599999 62.45178 2.940068 2.342902 62.901 2.415814 2.921686 69.63065 -0.6302361 4.591753 67.42504 0.9903489 4.599999 63.98507 -0.5336611 -4.699995 63.89186 -1.523074 -3.598328 65.69776 -5.418648 -1.147494 68.43505 -2.6013 -2.903974 69.32659 -6.319553 -1.141544 66.52809 -6.319553 1.141556 66.5281 -1.111904 -3.45612 61.94986 -0.4398821 -4.699994 62.35857 0.9903479 -4.599994 63.98507 2.885772 -2.309306 60.5513 2.940067 -2.342896 62.901 2.415814 -2.921681 69.63065 -2.716719 -1.146361 70.41167 -2.716719 1.146372 70.41167 1.084128 -4.599994 62.45178 1.113244 -3.786531 61.97574 0.960622 -3.786531 64.47109 2.771109 3.455467 63.89424 -4.71562 3.700003 66.62859 3.443127 2.454757 62.82958 4.396988 0.70474 60.33315 0.2772819 3.900995 65.88186 0.3872649 3.800507 67.17119 2.954527 2.979659 64.41642 4.396988 -0.704727 60.33315 2.885772 2.309318 60.5513 2.567264 -1.159482 70.17701 5.206495 1.143834 68.9181 5.206495 -1.143822 68.9181 5.430333 -1.233611 63.05331 5.430334 1.233623 63.05331 3.443127 -2.45475 62.82958 5.128571 -1.198037 63.648 5.128571 1.198049 63.648 4.130419 -1.157304 67.25344 0.2772819 -3.900989 65.88186 2.954527 -2.979653 64.41642 7.484717 -2.873509 67.51308 2.795307 -4.438743 67.63797 2.794092 -3.024453 67.22061 2.412228 -3.260109 68.70421 -0.6302361 -4.591749 67.42504 0.3872649 -3.800502 67.17119 5.426778 -1.166314 68.14952 7.840424 -1.151436 67.59754 7.484717 2.873515 67.51308 2.794092 3.024459 67.22061 2.412228 3.260114 68.70421 2.795307 4.438748 67.63797 5.426778 1.166322 68.14952 4.130419 1.157312 67.25344 7.840425 1.151441 67.59754 2.794092 -3.024453 67.22061 2.954527 2.979659 64.41642 4.890017 1.183552 65.60989 4.130419 1.157312 67.25344 0.2772819 3.900995 65.88186 0.3872649 3.800507 67.17119 5.128571 1.198049 63.648 2.954527 -2.979653 64.41642 2.794092 3.024459 67.22061 4.890017 -1.183541 65.60989 4.130419 -1.157304 67.25344 0.2772819 -3.900989 65.88186 0.3872649 -3.800502 67.17119 5.128571 -1.198037 63.648</float_array>
          <technique_common>
            <accessor source="#default_mp_beta-mesh-positions-array" count="118" stride="3">
              <param name="X" type="float"/>
              <param name="Y" type="float"/>
              <param name="Z" type="float"/>
            </accessor>
          </technique_common>
        </source>
        <source id="default_mp_beta-mesh-normals">
          <float_array id="default_mp_beta-mesh-normals-array" count="354">-0.8039279 -0.525695 -0.2781091 -0.9858897 0 0.1673963 -0.5522457 -0.2724956 -0.7878901 -0.9853736 0 -0.1704078 -0.4206466 0.6926881 -0.5858666 -0.4815976 0.8110797 -0.3319843 -0.7901341 0.5087743 -0.3418143 -0.286598 0.9303656 -0.2286519 -0.2930883 0.6620806 -0.6897453 -0.2991378 0.09168893 -0.9497947 -0.2728646 0.5214684 -0.808465 -0.5392356 0.5793053 -0.6112531 -0.329966 0.896927 -0.2943544 -0.4206448 -0.6926854 -0.5858711 -0.7257089 -0.6059736 -0.3257954 -0.2866004 -0.9303644 -0.2286536 -0.720183 -0.1204531 -0.6832479 -0.2229244 -0.9295685 -0.2936106 -0.9781495 0 -0.207903 -0.2458152 -0.6808876 -0.6899036 0.006972789 -0.6200441 -0.784536 -0.1343255 -0.2898482 -0.9475995 -0.6627782 9.46969e-7 -0.7488158 0.7940647 -3.14794e-7 -0.6078332 0.7940642 -1.80371e-6 -0.6078339 0.7940649 0 -0.6078331 0.7940639 -2.88164e-6 -0.6078344 -0.3066434 0.4345914 -0.8468177 0.3479416 0.9147403 -0.2053942 0.3376291 0.9315889 -0.1347172 -0.1683376 0.9741992 -0.150328 0.1094246 0.9315185 -0.3468424 -0.5432206 0.7935723 0.2741436 -0.4820829 0.6745867 0.559043 -0.08173549 0.8176554 0.5698763 -0.8786557 0.2291456 0.4188752 -0.08173644 -0.8176553 0.5698764 -0.5432202 -0.7935718 0.2741451 -0.5362709 -0.7997609 -0.2698073 -0.4820824 -0.6745865 0.5590435 -0.5362709 0.799761 -0.2698072 -0.1827437 0.967944 0.1723052 0.6073698 0.669962 0.4269108 0.3376314 -0.9315882 -0.1347168 0.3479428 -0.9147398 -0.2053945 -0.1683377 -0.974199 -0.1503287 0.1094236 -0.9315183 -0.3468433 0.5926017 -0.7498247 -0.2942554 0.4401024 -0.7495884 -0.4943957 -0.3514537 -0.8185027 -0.4544599 -0.6997139 0.2993599 -0.6486788 -0.2372641 0.6114475 0.754876 -0.7551058 0.2361444 0.6115972 -0.5921566 0.5099376 -0.6239506 -0.3514536 0.818503 -0.4544591 0.6543642 0.6686308 -0.353186 0.4401134 0.7495995 -0.4943692 0.5926039 0.7498242 -0.2942522 0.2111369 0.7595044 0.6152838 0.2621551 0.6955685 0.668924 0.8557038 -0.2660498 0.4438339 -0.2888204 0.2425512 0.926149 -0.1409866 0.972322 0.1863135 0.5981507 0.71301 0.3658312 0.3411874 0.6342818 -0.6937419 -0.1827431 -0.9679443 0.1723044 -0.699714 -0.2993599 -0.6486787 -0.2372632 -0.6114469 0.7548767 -0.7551096 -0.2361397 0.6115943 -0.2888227 -0.2425546 0.9261473 0.262156 -0.6955677 0.6689244 0.2111377 -0.7595041 0.6152841 -0.1409871 -0.972322 0.1863131 -0.8786544 -0.2291553 0.4188727 -0.5921563 -0.5099375 -0.6239508 0.6543658 -0.6686296 -0.3531853 0.6073698 -0.669962 0.4269108 0.8556964 0.2660565 0.4438443 0.240106 0.1524162 0.9587066 0.7387334 0.36927 0.5638374 0.251252 0.9011691 -0.3532233 0.9132097 0.4071633 0.0163151 0.5297557 0.239471 -0.8136416 0.5986461 0.6851628 0.4149396 0.8107863 0.3918173 0.4348622 0.5297507 -0.2394666 -0.8136461 0.2401025 -0.1524153 0.9587076 0.7387339 -0.3692589 0.5638441 0.9132083 -0.4071675 0.01629447 0.2512516 -0.9011689 -0.3532242 0.8107926 -0.3918142 0.4348529 0.2859346 0.1307775 -0.9492833 0.2859303 -0.1307786 -0.9492844 0.598151 -0.7130101 0.3658305 0.3411893 -0.6342815 -0.6937412 0.5986462 -0.6851634 0.4149384 0.8420425 -0.5309026 -0.09543162 0.8828755 0.4686732 -0.02960395 0.08193546 -0.2214978 -0.9717127 0.2042686 -0.9648134 -0.1655583 0.8828756 -0.4686728 -0.02960419 0.8420426 0.5309022 -0.09543192 0.08193558 0.221498 -0.9717126 0.2042677 0.9648135 -0.1655583 0.530785 -0.8432316 0.08501672 0.3161847 -0.9483277 0.02649211 0.5544855 -0.8315469 0.03279668 0.3056294 -0.9509377 0.04804283 0.5307843 0.843232 0.08501726 0.8631878 0.3031001 0.4037786 0.9011353 0.3705212 0.2250983 0.5544852 0.8315471 0.0327968 0.3161842 0.9483278 0.02649253 0.3056284 0.9509381 0.04804342 0.9246736 0.3629419 0.115117 0.9011386 -0.370513 0.2250984 0.8631867 -0.3031058 0.4037768 0.9246703 -0.3629505 0.1151163</float_array>
          <technique_common>
            <accessor source="#default_mp_beta-mesh-normals-array" count="118" stride="3">
              <param name="X" type="float"/>
              <param name="Y" type="float"/>
              <param name="Z" type="float"/>
            </accessor>
          </technique_common>
        </source>
        <source id="default_mp_beta-mesh-map-0">
          <float_array id="default_mp_beta-mesh-map-0-array" count="1038">0.4772402 0.7019754 0.4114423 0.6836573 0.4771104 0.6836573 0.4114423 0.6836573 0.4772402 0.7019754 0.4116211 0.7019754 0.4942886 0.7653148 0.4837514 0.742268 0.4663143 0.7653058 0.4837514 0.742268 0.4942886 0.7653148 0.5416235 0.7378109 0.4837514 0.742268 0.5416235 0.7378109 0.5519291 0.6801947 0.5450592 0.6619303 0.5519291 0.6801947 0.6229735 0.6516476 0.5519291 0.6801947 0.5450592 0.6619303 0.4772765 0.6839134 0.4772765 0.6839134 0.4771005 0.7022318 0.5519291 0.6801947 0.5519291 0.6801947 0.4771005 0.7022318 0.4837514 0.742268 0.4942886 0.7653148 0.4837514 0.742268 0.5416235 0.7378109 0.4837514 0.742268 0.4942886 0.7653148 0.4663143 0.7653058 0.4837514 0.742268 0.5519291 0.6801947 0.5416235 0.7378109 0.5519291 0.6801947 0.4837514 0.742268 0.4772402 0.7019754 0.4058298 0.7420116 0.4772402 0.7019754 0.4837514 0.742268 0.4772402 0.7019754 0.4058298 0.7420116 0.4116211 0.7019754 0.5450592 0.6619303 0.6229735 0.6516476 0.5519291 0.6801947 0.6229735 0.6516476 0.5450592 0.6619303 0.6231309 0.6302782 0.4771104 0.6836573 0.5519291 0.6801947 0.4772402 0.7019754 0.5519291 0.6801947 0.4771104 0.6836573 0.5450592 0.6619303 0.4237177 0.7654437 0.4837514 0.742268 0.4663143 0.7653058 0.4837514 0.742268 0.4237177 0.7654437 0.4058298 0.7420116 0.6710207 0.6087818 0.7124102 0.6220595 0.6633233 0.6220595 0.7124102 0.6220595 0.6710207 0.6087818 0.7047128 0.6087818 0.6229735 0.6516476 0.6231309 0.6302782 0.5450592 0.6619303 0.6257147 0.7118306 0.5944984 0.7210943 0.5652405 0.7506596 0.5944984 0.7210943 0.6257147 0.7118306 0.6275816 0.6913883 0.4971101 0.7650902 0.5076295 0.7965482 0.562105 0.8048652 0.5076295 0.7965482 0.4971101 0.7650902 0.4688282 0.7650811 0.5620687 0.80504 0.4970741 0.765265 0.5556726 0.7463644 0.4970741 0.765265 0.5620687 0.80504 0.5075935 0.796723 0.5944984 0.7210943 0.5557086 0.7461896 0.5652405 0.7506596 0.5557086 0.7461896 0.5944984 0.7210943 0.5676282 0.7125253 0.5944984 0.7125253 0.5676282 0.7125253 0.5944984 0.7210943 0.5944624 0.7212691 0.6256787 0.7120054 0.5652045 0.7508344 0.6256787 0.7120054 0.5944624 0.7212691 0.6275456 0.6915631 0.5944624 0.6772732 0.6275456 0.6915631 0.5944624 0.7212691 0.6275456 0.6915631 0.5944624 0.6772732 0.6271743 0.6503476 0.5675922 0.685666 0.6271743 0.6503476 0.5944624 0.6772732 0.5944624 0.7212691 0.5652045 0.7508344 0.5556726 0.7463644 0.4971101 0.7650902 0.5557086 0.7461896 0.5449656 0.7372837 0.5557086 0.7461896 0.4971101 0.7650902 0.562105 0.8048652 0.5371478 0.823819 0.5076295 0.7965482 0.4689311 0.809605 0.5076295 0.7965482 0.5371478 0.823819 0.562105 0.8048652 0.4688282 0.7650811 0.4689311 0.809605 0.5076295 0.7965482 0.5449656 0.7372837 0.5557086 0.7461896 0.5553846 0.679034 0.5676282 0.7125253 0.5676282 0.6854912 0.5557086 0.7461896 0.5676282 0.6854912 0.5676282 0.7125253 0.5944984 0.6854912 0.5944984 0.7125253 0.5944984 0.6854912 0.5676282 0.7125253 0.5676282 0.6854912 0.5553846 0.679034 0.5557086 0.7461896 0.5553846 0.679034 0.5676282 0.6854912 0.6272103 0.6501728 0.5944984 0.6770983 0.6272103 0.6501728 0.5676282 0.6854912 0.6272103 0.6501728 0.5944984 0.6770983 0.6275816 0.6913883 0.5944984 0.7210943 0.6275816 0.6913883 0.5944984 0.6770983 0.5676282 0.6854912 0.5944984 0.6854912 0.5944984 0.6770983 0.6286271 0.8047786 0.6287106 0.8233609 0.6719948 0.804724 0.6287106 0.8233609 0.6286271 0.8047786 0.5371478 0.823819 0.5371478 0.823819 0.5362862 0.8485542 0.6287106 0.8233609 0.5362862 0.8485542 0.5371478 0.823819 0.4689311 0.809605 0.562105 0.8048652 0.5371478 0.823819 0.6286271 0.8047786 0.6286271 0.8047786 0.569674 0.780952 0.562105 0.8048652 0.569674 0.780952 0.5652405 0.7506596 0.5557086 0.7461896 0.5652405 0.7506596 0.569674 0.780952 0.5854989 0.7517812 0.5891032 0.7770336 0.5854989 0.7517812 0.569674 0.780952 0.569674 0.780952 0.5557086 0.7461896 0.562105 0.8048652 0.3957092 0.8162733 0.4236724 0.8326679 0.4236724 0.8854736 0.4236724 0.8854736 0.3957092 0.9022117 0.3957092 0.8162733 0.5944624 0.7212691 0.5556726 0.7463644 0.5675922 0.7127001 0.4970741 0.765265 0.5449296 0.7374585 0.5556726 0.7463644 0.5371118 0.8239938 0.468895 0.8097798 0.5075935 0.796723 0.468895 0.8097798 0.5371118 0.8239938 0.5362502 0.848729 0.6286746 0.823537 0.5362502 0.848729 0.5371118 0.8239938 0.5620687 0.80504 0.5371118 0.8239938 0.5075935 0.796723 0.5371118 0.8239938 0.5620687 0.80504 0.6285911 0.8049534 0.569638 0.7811269 0.6285911 0.8049534 0.5620687 0.80504 0.5075935 0.796723 0.4687921 0.7652559 0.4970741 0.765265 0.4687921 0.7652559 0.5075935 0.796723 0.468895 0.8097798 0.4257271 0.7653953 0.468895 0.8097798 0.4256163 0.8099352 0.468895 0.8097798 0.4257271 0.7653953 0.4687921 0.7652559 0.5449296 0.7374585 0.5553486 0.6792088 0.5556726 0.7463644 0.5675922 0.7127001 0.5556726 0.7463644 0.5675922 0.685666 0.5675922 0.685666 0.5556726 0.7463644 0.5553486 0.6792088 0.5675922 0.685666 0.5944624 0.6772732 0.5944624 0.685666 0.5675922 0.7127001 0.5944624 0.685666 0.5944624 0.7127001 0.5944624 0.685666 0.5675922 0.7127001 0.5675922 0.685666 0.5944624 0.7212691 0.5675922 0.7127001 0.5944624 0.7127001 0.5675922 0.685666 0.5553486 0.6792088 0.6271743 0.6503476 0.6285911 0.8049534 0.6719588 0.8048988 0.6286746 0.823537 0.6286746 0.823537 0.5371118 0.8239938 0.6285911 0.8049534 0.4680353 0.8489701 0.5365023 0.8885872 0.4680353 0.8884139 0.5365023 0.8885872 0.4680353 0.8489701 0.5362502 0.848729 0.569638 0.7811269 0.5556726 0.7463644 0.5652045 0.7508344 0.5556726 0.7463644 0.569638 0.7811269 0.5620687 0.80504 0.3957412 0.8162733 0.4236345 0.8854738 0.4236345 0.8326679 0.4236345 0.8854738 0.3957412 0.8162733 0.3957412 0.9022117 0.5362862 0.8485542 0.6288754 0.8484501 0.6287106 0.8233609 0.6719095 0.8231648 0.6719948 0.804724 0.6287106 0.8233609 0.6719095 0.8231648 0.6287106 0.8233609 0.6288754 0.8484501 0.6363415 0.6895931 0.67148 0.6913883 0.6272103 0.6501728 0.67148 0.6913883 0.6363415 0.6895931 0.6257147 0.7118306 0.67148 0.6913883 0.6811435 0.6447171 0.6272103 0.6501728 0.6363415 0.6895931 0.6275816 0.6913883 0.6257147 0.7118306 0.6275816 0.6913883 0.6363415 0.6895931 0.6272103 0.6501728 0.6257147 0.7118306 0.5652405 0.7506596 0.5854989 0.7517812 0.6257147 0.7118306 0.5854989 0.7517812 0.6286347 0.720806 0.6286347 0.720806 0.67148 0.7021583 0.67148 0.6913883 0.67148 0.6913883 0.6257147 0.7118306 0.6286347 0.720806 0.7175946 0.6204342 0.6811075 0.6446228 0.6679679 0.6204342 0.6811075 0.6446228 0.7175946 0.6204342 0.7044633 0.6446228 0.6290913 0.8882947 0.5362502 0.848729 0.6290913 0.8487972 0.5362502 0.848729 0.6290913 0.8882947 0.5365023 0.8885872 0.6290913 0.8882947 0.6745488 0.8486847 0.6745488 0.8886837 0.6745488 0.8486847 0.6290913 0.8882947 0.6290913 0.8487972 0.7135734 0.823211 0.6719588 0.8048988 0.7140027 0.8047701 0.6719588 0.8048988 0.7135734 0.823211 0.6718735 0.823211 0.5362502 0.848729 0.6286746 0.823537 0.6290913 0.8487972 0.6718735 0.823211 0.6286746 0.823537 0.6719588 0.8048988 0.6286746 0.823537 0.6718735 0.823211 0.6290913 0.8487972 0.6811075 0.6446228 0.7140027 0.6912937 0.6714439 0.6912937 0.7140027 0.6912937 0.6811075 0.6446228 0.7044633 0.6446228 0.6271743 0.6503476 0.6811075 0.6446228 0.6714439 0.6912937 0.6363055 0.689768 0.6271743 0.6503476 0.6714439 0.6912937 0.6271743 0.6503476 0.6363055 0.689768 0.6275456 0.6915631 0.6256787 0.7120054 0.6275456 0.6915631 0.6363055 0.689768 0.6256787 0.7120054 0.6363055 0.689768 0.6714439 0.6912937 0.6714439 0.6912937 0.7140027 0.702064 0.6714439 0.702064 0.7140027 0.702064 0.6714439 0.6912937 0.7140027 0.6912937 0.7140027 0.8047701 0.6715289 0.7767542 0.714004 0.7767542 0.6715289 0.7767542 0.7140027 0.8047701 0.6719588 0.8048988 0.5854629 0.751956 0.569638 0.7811269 0.5652045 0.7508344 0.569638 0.7811269 0.5854629 0.751956 0.5890672 0.7772084 0.6256787 0.7120054 0.5854629 0.751956 0.5652045 0.7508344 0.5854629 0.751956 0.6256787 0.7120054 0.6285987 0.7209808 0.6714439 0.6912937 0.6285987 0.7209808 0.6256787 0.7120054 0.6285987 0.7209808 0.6714439 0.6912937 0.6714439 0.702064 0.5451704 0.6522193 0.5511567 0.6236269 0.5116791 0.624063 0.4885984 0.6156245 0.4104741 0.6174513 0.48836 0.5921174 0.4104741 0.6174513 0.4885984 0.6156245 0.4661281 0.6464601 0.4675087 0.6783346 0.5451704 0.6522193 0.4622359 0.659048 0.4622359 0.659048 0.5451704 0.6522193 0.5116791 0.624063 0.4622359 0.659048 0.4104694 0.6808757 0.4675087 0.6783346 0.48836 0.5921174 0.5454192 0.5900725 0.5286844 0.6030765 0.48836 0.5921174 0.5286844 0.6030765 0.4885984 0.6156245 0.4660363 0.6464073 0.4428619 0.6597125 0.4042479 0.6460567 0.4042382 0.6460173 0.4104741 0.6174513 0.4661281 0.6464601 0.5511567 0.6236269 0.5451704 0.6522193 0.5116791 0.624063 0.4104741 0.6174513 0.4885984 0.6156245 0.48836 0.5921174 0.4885984 0.6156245 0.4104741 0.6174513 0.4661281 0.6464601 0.5451704 0.6522193 0.4675087 0.6783346 0.4622359 0.659048 0.5451704 0.6522193 0.4622359 0.659048 0.5116791 0.624063 0.4104694 0.6808757 0.4622359 0.659048 0.4675087 0.6783346 0.5454192 0.5900725 0.48836 0.5921174 0.5286844 0.6030765 0.5286844 0.6030765 0.48836 0.5921174 0.4885984 0.6156245 0.4428619 0.6597125 0.4660363 0.6464073 0.4042479 0.6460567 0.4104741 0.6174513 0.4042382 0.6460173 0.4661281 0.6464601 0.6298389 0.7773286 0.587282 0.752713 0.6298888 0.7221178 0.587282 0.752713 0.6298389 0.7773286 0.590842 0.777656 0.6298389 0.7773286 0.6722928 0.7774733 0.672605 0.7441046 0.6298389 0.7773286 0.6298888 0.7221178 0.587282 0.752713 0.6298888 0.7221178 0.6298389 0.7773286 0.672605 0.7441046 0.6298389 0.7773286 0.587282 0.752713 0.590842 0.777656 0.672605 0.7441046 0.6722089 0.7036987 0.6298888 0.7221178 0.672605 0.7441046 0.6298389 0.7773286 0.6298888 0.7221178 0.6298389 0.7773286 0.672605 0.7441046 0.6722928 0.7772074 0.672605 0.7441046 0.7142458 0.7034327 0.7138496 0.7438386 0.7142458 0.7034327 0.672605 0.7441046 0.6722089 0.7034327 0.7142471 0.7772074 0.672605 0.7441046 0.7138496 0.7438386 0.672605 0.7441046 0.7142471 0.7772074 0.6722928 0.7772074 0.672605 0.7441046 0.6298888 0.7221178 0.6722089 0.7034327 0.4771104 0.6836573 0.4772765 0.6839134 0.5450592 0.6619303 0.5450592 0.6619303 0.6231309 0.6302782 0.6231309 0.6302782 0.6231309 0.6302782 0.5450592 0.6619303 0.5450592 0.6619303 0.5450592 0.6619303 0.4771104 0.6836573 0.5450592 0.6619303 0.4771104 0.6836573 0.4114423 0.6836573 0.4772765 0.6839134</float_array>
          <technique_common>
            <accessor source="#default_mp_beta-mesh-map-0-array" count="519" stride="2">
              <param name="S" type="float"/>
              <param name="T" type="float"/>
            </accessor>
          </technique_common>
        </source>
        <vertices id="default_mp_beta-mesh-vertices">
          <input semantic="POSITION" source="#default_mp_beta-mesh-positions"/>
        </vertices>
        <triangles material="head_armor-material" count="159">
          <input semantic="VERTEX" source="#default_mp_beta-mesh-vertices" offset="0"/>
          <input semantic="NORMAL" source="#default_mp_beta-mesh-normals" offset="1"/>
          <input semantic="TEXCOORD" source="#default_mp_beta-mesh-map-0" offset="2" set="0"/>
          <p>10 0 0 5 1 1 11 2 2 5 1 3 10 0 4 14 3 5 25 4 6 2 5 7 22 6 8 2 5 9 25 4 10 19 7 11 2 5 12 19 7 13 18 8 14 6 9 15 18 8 16 15 10 17 18 8 18 6 9 19 8 11 20 8 11 21 7 12 22 18 8 23 18 8 24 7 12 25 2 5 26 17 13 27 9 14 28 16 15 29 9 14 30 17 13 31 21 16 32 9 14 33 26 17 34 16 15 35 26 17 36 9 14 37 10 0 38 4 18 39 10 0 40 9 14 41 10 0 42 4 18 43 14 3 44 12 19 45 27 20 46 26 17 47 27 20 48 12 19 49 3 21 50 11 2 51 26 17 52 10 0 53 26 17 54 11 2 55 12 19 56 20 22 57 9 14 58 21 16 59 9 14 60 20 22 61 4 18 62 13 23 63 24 24 64 23 25 65 24 24 66 13 23 67 1 26 68 15 10 69 0 27 70 6 9 71 69 28 72 37 29 73 36 30 74 37 29 75 69 28 76 48 31 77 70 32 78 31 33 79 30 34 80 31 33 81 70 32 82 57 35 83 34 36 84 33 37 85 32 38 86 33 37 87 34 36 88 35 39 89 37 29 90 29 40 91 36 30 92 29 40 93 37 29 94 40 41 95 51 42 96 40 41 97 37 29 98 68 43 99 39 44 100 38 45 101 39 44 102 68 43 103 62 46 104 67 47 105 62 46 106 68 43 107 62 46 108 67 47 109 61 48 110 59 49 111 61 48 112 67 47 113 68 43 114 38 45 115 32 38 116 70 32 117 29 40 118 41 50 119 29 40 120 70 32 121 30 34 122 43 51 123 31 33 124 42 52 125 31 33 126 43 51 127 30 34 128 57 35 129 42 52 130 31 33 131 41 50 132 29 40 133 44 53 134 40 41 135 45 54 136 29 40 137 45 54 138 40 41 139 47 55 140 51 42 141 47 55 142 40 41 143 45 54 144 44 53 145 29 40 146 44 53 147 45 54 148 77 56 149 46 57 150 77 56 151 45 54 152 77 56 153 46 57 154 48 31 155 37 29 156 48 31 157 46 57 158 45 54 159 47 55 160 46 57 161 99 58 162 49 59 163 101 60 164 49 59 165 99 58 166 43 51 167 43 51 168 65 61 169 49 59 170 65 61 171 43 51 172 42 52 173 30 34 174 43 51 175 99 58 176 99 58 177 50 62 178 30 34 179 50 62 180 36 30 181 29 40 182 36 30 183 50 62 184 73 63 185 74 64 186 73 63 187 50 62 188 50 62 189 29 40 190 30 34 191 46 57 192 47 55 193 51 42 194 51 42 195 37 29 196 46 57 197 68 43 198 32 38 199 52 65 200 33 37 201 53 66 202 32 38 203 55 67 204 54 68 205 35 39 206 54 68 207 55 67 208 64 69 209 63 70 210 64 69 211 55 67 212 34 36 213 55 67 214 35 39 215 55 67 216 34 36 217 92 71 218 93 72 219 92 71 220 34 36 221 35 39 222 56 73 223 33 37 224 56 73 225 35 39 226 54 68 227 57 35 228 54 68 229 42 52 230 54 68 231 57 35 232 56 73 233 53 66 234 58 74 235 32 38 236 52 65 237 32 38 238 59 49 239 59 49 240 32 38 241 58 74 242 59 49 243 67 47 244 66 75 245 52 65 246 66 75 247 60 76 248 66 75 249 52 65 250 59 49 251 68 43 252 52 65 253 60 76 254 59 49 255 58 74 256 61 48 257 92 71 258 95 77 259 63 70 260 63 70 261 55 67 262 92 71 263 54 68 264 65 61 265 42 52 266 65 61 267 54 68 268 64 69 269 93 72 270 32 38 271 38 45 272 32 38 273 93 72 274 34 36 275 67 47 276 60 76 277 66 75 278 60 76 279 67 47 280 68 43 281 65 61 282 28 78 283 49 59 284 79 79 285 101 60 286 49 59 287 79 79 288 49 59 289 28 78 290 71 80 291 82 81 292 77 56 293 82 81 294 71 80 295 69 28 296 82 81 297 72 82 298 77 56 299 71 80 300 48 31 301 69 28 302 48 31 303 71 80 304 77 56 305 69 28 306 36 30 307 73 63 308 69 28 309 73 63 310 75 83 311 75 83 312 85 84 313 82 81 314 82 81 315 69 28 316 75 83 317 77 56 318 76 85 319 61 48 320 76 85 321 77 56 322 72 82 323 28 78 324 64 69 325 78 86 326 64 69 327 28 78 328 65 61 329 28 78 330 80 87 331 79 79 332 80 87 333 28 78 334 78 86 335 79 79 336 95 77 337 101 60 338 95 77 339 79 79 340 80 87 341 64 69 342 63 70 343 78 86 344 80 87 345 63 70 346 95 77 347 63 70 348 80 87 349 78 86 350 76 85 351 82 81 352 81 88 353 82 81 354 76 85 355 72 82 356 61 48 357 76 85 358 81 88 359 83 89 360 61 48 361 81 88 362 61 48 363 83 89 364 62 46 365 39 44 366 62 46 367 83 89 368 39 44 369 83 89 370 81 88 371 81 88 372 85 84 373 84 90 374 85 84 375 81 88 376 82 81 377 101 60 378 86 91 379 102 92 380 86 91 381 101 60 382 95 77 383 87 93 384 93 72 385 38 45 386 93 72 387 87 93 388 94 94 389 39 44 390 87 93 391 38 45 392 87 93 393 39 44 394 88 95 395 81 88 396 88 95 397 39 44 398 88 95 399 81 88 400 84 90 401 89 96 402 96 97 403 95 77 404 91 98 405 89 96 406 90 99 407 89 96 408 91 98 409 86 91 410 90 99 411 89 96 412 92 71 413 92 71 414 89 96 415 95 77 416 92 71 417 93 72 418 90 99 419 90 99 420 93 72 421 94 94 422 90 99 423 94 94 424 91 98 425 86 91 426 95 77 427 96 97 428 96 97 429 89 96 430 86 91 431 103 100 432 97 101 433 101 60 434 97 101 435 98 102 436 100 103 437 98 102 438 97 101 439 102 92 440 97 101 441 100 103 442 99 58 443 97 101 444 99 58 445 101 60 446 50 62 447 99 58 448 100 103 449 50 62 450 100 103 451 74 64 452 74 64 453 100 103 454 98 102 455 101 60 456 102 92 457 103 100 458 97 101 459 103 100 460 102 92 461 11 2 504 8 11 505 6 9 506 6 9 507 0 27 508 3 21 509 3 21 510 12 19 511 6 9 512 12 19 513 11 2 514 6 9 515 11 2 516 5 1 517 8 11 518</p>
        </triangles>
        <triangles material="head_visor-material" count="14">
          <input semantic="VERTEX" source="#default_mp_beta-mesh-vertices" offset="0"/>
          <input semantic="NORMAL" source="#default_mp_beta-mesh-normals" offset="1"/>
          <input semantic="TEXCOORD" source="#default_mp_beta-mesh-map-0" offset="2" set="0"/>
          <p>104 104 462 115 105 463 111 106 464 115 105 465 104 104 466 116 107 467 112 108 468 107 109 469 106 110 470 112 108 471 105 111 472 108 112 473 105 111 474 112 108 475 106 110 476 112 108 477 108 112 478 109 113 479 106 110 480 110 114 481 105 111 482 113 115 483 104 104 484 111 106 485 104 104 486 113 115 487 114 116 488 113 115 489 110 114 490 106 110 491 110 114 492 113 115 493 117 117 494 107 109 495 113 115 496 106 110 497 113 115 498 107 109 499 114 116 500 113 115 501 111 106 502 117 117 503</p>
        </triangles>
      </mesh>
    </geometry>
    <geometry id="chest_mp_beta-mesh" name="chest:mp_beta">
      <mesh>
        <source id="chest_mp_beta-mesh-positions">
          <float_array id="chest_mp_beta-mesh-positions-array" count="3471">-9.027568 0.496535 48.01862 -9.072949 1.919899 48.34696 -9.391698 1.183182 48.16719 -7.647948 1.920432 43.81768 -7.154201 1.183182 48.16719 -7.472949 2.680161 44.17761 -8.71795 -9.090957 45.47468 -8.71795 -7.843853 48.62332 -7.877951 -7.843853 48.62332 -8.27295 1.906977 43.46598 -9.07295 2.68016 44.1776 -8.89795 1.920432 43.81768 -8.27295 0.6076909 48.44133 -8.27295 1.119622 48.75084 -7.154201 1.183182 48.16719 -9.07295 2.68016 44.1776 -8.27295 1.906977 43.46598 -7.472949 2.680161 44.17761 -8.27295 1.820108 48.63895 -9.391698 1.183182 48.16719 -9.072949 1.919899 48.34696 -7.472949 1.9199 48.34696 -8.27295 1.820108 48.63895 -9.07295 2.68016 44.1776 -8.27295 1.820108 48.63895 -7.472949 1.9199 48.34696 -7.154201 1.183182 48.16719 -8.272952 -7.915117 45.49528 -8.71795 -9.090957 45.47468 -7.877952 -9.090827 45.47483 -8.27295 1.906977 43.46598 -7.647948 1.920432 43.81768 -7.472949 2.680161 44.17761 -8.71795 -9.090957 45.47468 -8.272952 -7.915117 45.49528 -8.912951 -7.51351 46.8391 -8.912951 -7.51351 46.8391 -8.71795 -7.843853 48.62332 -8.71795 -9.090957 45.47468 -7.877952 -9.090827 45.47483 -7.877951 -7.843853 48.62332 -7.632951 -7.513514 46.8391 -8.71795 -7.843853 48.62332 -8.912951 -7.51351 46.8391 -8.912951 -6.986968 47.97751 -7.154201 1.183182 48.16719 -7.5417 0.336523 46.05412 -7.518331 0.496534 48.01862 -8.27295 -7.242846 48.38035 -8.27295 0.6076909 48.44133 -7.518331 0.496534 48.01862 -8.912951 -6.986968 47.97751 -9.027568 0.496535 48.01862 -8.27295 -7.242846 48.38035 -8.89795 1.920432 43.81768 -9.004199 0.336522 46.05412 -8.27295 0.333369 45.69277 -9.391698 1.183182 48.16719 -9.027568 0.496535 48.01862 -9.004199 0.336522 46.05412 -8.27295 1.906977 43.46598 -8.27295 0.333369 45.69277 -7.5417 0.336523 46.05412 -7.472951 -4.080954 46.57907 -7.5417 0.336523 46.05412 -8.27295 0.333369 45.69277 -7.5417 0.336523 46.05412 -7.472951 -4.080954 46.57907 -7.518331 0.496534 48.01862 -8.27295 1.820108 48.63895 -8.27295 1.119622 48.75084 -9.391698 1.183182 48.16719 -8.27295 0.6076909 48.44133 -9.027568 0.496535 48.01862 -9.391698 1.183182 48.16719 -9.004199 0.336522 46.05412 -9.07295 -4.080952 46.57908 -8.27295 0.333369 45.69277 -9.027568 0.496535 48.01862 -9.07295 -4.080952 46.57908 -9.004199 0.336522 46.05412 -8.27295 0.333369 45.69277 -8.27295 -4.084885 46.17058 -7.472951 -4.080954 46.57907 -9.391698 1.183182 48.16719 -8.89795 1.920432 43.81768 -9.07295 2.68016 44.1776 -7.154201 1.183182 48.16719 -7.472949 1.9199 48.34696 -7.472949 2.680161 44.17761 -8.27295 1.820108 48.63895 -9.072949 1.919899 48.34696 -9.07295 2.68016 44.1776 -9.07295 2.68016 44.1776 -7.472949 2.680161 44.17761 -7.472949 1.9199 48.34696 -9.07295 -4.080952 46.57908 -9.07295 2.68016 44.1776 -8.912951 -6.986968 47.97751 -7.647948 1.920432 43.81768 -7.5417 0.336523 46.05412 -7.154201 1.183182 48.16719 -7.518331 0.496534 48.01862 -7.632951 -6.986965 47.97751 -8.27295 -7.242846 48.38035 -8.27295 -4.084885 46.17058 -8.27295 0.333369 45.69277 -9.07295 -4.080952 46.57908 -8.27295 0.6076909 48.44133 -8.27295 -7.242846 48.38035 -9.027568 0.496535 48.01862 -8.89795 1.920432 43.81768 -8.27295 0.333369 45.69277 -8.27295 1.906977 43.46598 -9.391698 1.183182 48.16719 -9.004199 0.336522 46.05412 -8.89795 1.920432 43.81768 -8.27295 1.906977 43.46598 -7.5417 0.336523 46.05412 -7.647948 1.920432 43.81768 -7.632951 -6.986965 47.97751 -7.518331 0.496534 48.01862 -7.472951 -4.080954 46.57907 -8.27295 0.6076909 48.44133 -7.154201 1.183182 48.16719 -7.518331 0.496534 48.01862 -8.272952 -7.915117 45.49528 -8.27295 -4.084885 46.17058 -9.07295 -4.080952 46.57908 -9.07295 -4.080952 46.57908 -8.912951 -7.51351 46.8391 -8.272952 -7.915117 45.49528 -8.27295 -7.242846 48.38035 -7.632951 -6.986965 47.97751 -7.877951 -7.843853 48.62332 -8.272952 -7.915117 45.49528 -7.472951 -4.080954 46.57907 -8.27295 -4.084885 46.17058 -7.472951 -4.080954 46.57907 -8.272952 -7.915117 45.49528 -7.632951 -7.513514 46.8391 -7.472951 -4.080954 46.57907 -7.632951 -7.513514 46.8391 -7.632951 -6.986965 47.97751 -8.912951 -7.51351 46.8391 -9.07295 -4.080952 46.57908 -8.912951 -6.986968 47.97751 -8.27295 -7.242846 48.38035 -8.71795 -7.843853 48.62332 -8.912951 -6.986968 47.97751 -8.27295 1.119622 48.75084 -8.27295 1.820108 48.63895 -7.154201 1.183182 48.16719 -8.27295 1.119622 48.75084 -8.27295 0.6076909 48.44133 -9.391698 1.183182 48.16719 -7.632951 -7.513514 46.8391 -7.877951 -7.843853 48.62332 -7.632951 -6.986965 47.97751 -8.27295 -7.242846 48.38035 -7.877951 -7.843853 48.62332 -8.71795 -7.843853 48.62332 -8.272952 -7.915117 45.49528 -7.877952 -9.090827 45.47483 -7.632951 -7.513514 46.8391 -7.877952 -9.090827 45.47483 5.136364 1.411828 38.87569 -4.899338 -3.399998 44.34259 -3.363477 -5.806905 44.53673 -3.372955 -6.712635 43.17957 2.168162 -6.240891 42.51485 1.614392 -5.264313 44.24229 3.930283 -4.221389 41.50271 4.895507 -1.710858 43.01576 5.136364 -1.411823 38.87569 -1.211658 0.946734 35.55655 -1.211658 -0.94673 35.55655 -4.899334 3.400002 44.34259 -5.14868 1.669909 36.20224 -5.964792 4.942527 42.94364 -5.14868 -1.669906 36.20224 -6.498203 3.211724 40.36817 -6.498203 -3.211719 40.36817 -6.284188 2.510008 37.50843 -6.284187 -2.510004 37.50843 5.136364 1.411828 38.87569 4.895507 1.710866 43.01576 4.026389 -1.016023 36.24269 -5.14868 1.669909 36.20224 -5.14868 -1.669906 36.20224 -5.964792 4.942527 42.94364 -3.363477 5.806911 44.53673 4.02639 1.016026 36.24269 -4.899334 3.400002 44.34259 2.168162 6.240895 42.51485 -3.372956 6.712638 43.17957 -5.964793 -4.942521 42.94364 4.895507 1.710866 43.01576 1.614392 5.264318 44.24229 3.930283 4.221393 41.50271 4.367231 1.720244 36.23454 4.367231 1.720244 36.23454 4.357108 -1.736872 36.20747 4.357108 -1.736872 36.20747 -0.6848741 -0.4931471 34.68545 -6.660707 5.436345 37.25447 -6.14572 1.17907 34.89974 -2.03182 7.269609 22.81468 3.953268 5.439895 39.40916 4.376272 1.527977 33.47009 -1.019237 0.585731 27.62478 3.480867 2.491235 27.86154 -2.051367 1.954816 22.85055 3.480867 2.491235 27.86154 4.376272 1.527977 33.47009 3.495495 6.468717 27.8347 4.33986 6.331717 34.41064 -1.02894 8.510356 28.27023 -0.77766 8.535672 34.69984 -4.852069 6.334287 33.93742 -5.7066 2.10623 27.35678 -2.157805 7.416058 40.04938 -5.689969 6.628117 27.32627 -4.817533 1.160365 33.00862 -2.086771 -7.348904 22.8352 -2.105104 -2.033996 22.84573 1.703947 -6.155118 23.03601 -4.837999 -1.190381 33.00884 -5.730071 -6.685041 27.35556 -5.745669 -2.163056 27.36451 -1.06638 -8.563782 28.29333 -0.6705701 0.570786 34.80636 3.457033 -6.52525 27.83332 4.357183 -1.557824 33.44212 3.443313 -2.547682 27.84119 -1.057144 -0.642334 27.60997 3.443313 -2.547682 27.84119 4.357183 -1.557824 33.44212 3.952723 -5.441212 39.40117 -6.160022 -1.199752 34.90433 -6.668214 -5.445608 37.28107 -0.7941611 -8.558415 34.72214 -4.870576 -6.359797 33.96247 4.322844 -6.357005 34.40573 -2.15664 -7.412936 40.07073 0.7401278 4.07653 8.829646 1.480612 2.679829 17.35444 1.757959 6.076014 23.03353 -2.152638 0.895233 18.9995 -7.121501 2.773621 17.39448 1.7471 3.123351 23.05346 -7.115586 7.244595 17.36442 -3.573191 0.52145 14.67487 -2.141741 9.131239 18.94413 1.7471 3.123351 23.05346 2.881919 2.372928 22.6735 0.7401278 4.07653 8.829646 -4.163562 2.119432 14.25307 -6.356833 6.921956 14.18003 -6.973663 2.526825 14.79838 -6.361595 3.32204 14.20424 -6.356833 6.921956 14.18003 -6.967051 7.526709 14.76477 0.7433039 6.476474 8.81351 -4.155624 8.119293 14.21273 -3.561285 9.52124 14.61436 3.473421 4.571073 23.27974 2.881919 2.372928 22.6735 1.480612 2.679829 17.35444 2.887677 6.725225 22.64424 4.128884 4.550115 20.29144 1.487073 7.563714 17.3216 -2.182066 -9.229613 18.96555 -7.149812 -7.352404 17.3557 0.741082 -4.221939 8.839521 -7.157477 -2.88134 17.36447 1.444693 -2.784444 17.36065 -2.196187 -0.9934399 18.98171 2.830652 -6.804109 22.67558 -6.377601 -7.044617 14.17308 1.453066 -7.668428 17.35107 -6.998659 -2.646832 14.76788 0.741082 -4.221939 8.839521 1.693763 -3.20239 23.04186 1.693763 -3.20239 23.04186 2.823191 -2.451722 22.68412 -6.990087 -7.646815 14.75807 -6.377601 -7.044617 14.17308 -4.176118 -8.240941 14.22086 0.7451959 -6.621932 8.834814 4.081094 -4.639731 20.31778 1.444693 -2.784444 17.36065 2.823191 -2.451722 22.68412 3.412899 -4.646734 23.30333 -3.582989 -9.640733 14.63168 -3.598418 -0.640764 14.64933 -4.186405 -2.24096 14.23263 -6.383773 -3.444628 14.18014 6.574523 7.295848 3.550036 -4.921761 2.668091 2.750036 1.17824 3.828115 6.550035 -4.921761 7.568089 2.750036 1.17824 3.828115 6.550035 1.17824 7.07653 6.550034 1.17824 7.07653 6.550034 7.678241 3.054331 1.950035 6.782523 3.166203 3.550036 7.678241 3.054331 1.950035 6.782523 3.166203 3.550036 6.574523 7.295848 3.550036 2.678239 7.068091 5.050034 2.678239 7.068091 5.050034 -2.72176 8.379519 5.250034 -1.92176 8.368091 2.750035 -5.421761 6.868091 5.750034 -5.421761 3.868091 5.750034 -2.72176 2.485092 5.250035 -1.92176 2.568091 2.750036 2.678239 3.868092 5.050035 -6.22176 6.468091 2.750035 -5.421761 3.868091 5.750034 1.57824 8.468092 1.950035 1.57824 2.568092 1.950035 -6.22176 4.168091 2.750036 7.37824 7.225691 1.950035 -6.22176 4.168091 2.750036 2.678239 3.868092 5.050035 1.188017 -7.232902 6.550577 6.584299 -7.45222 3.550578 7.388017 -7.382063 1.950578 6.584299 -7.45222 3.550578 2.688016 -4.024463 5.050577 6.792301 -3.322574 3.550578 6.792301 -3.322574 3.550578 2.688016 -7.224463 5.050577 7.688018 -3.210703 1.950577 1.188017 -3.984486 6.550576 7.688018 -3.210703 1.950577 1.188017 -7.232902 6.550577 1.188017 -3.984486 6.550576 -6.211984 -4.324462 2.750577 -5.411983 -4.024463 5.750576 -6.211984 -6.624464 2.750577 -6.211984 -4.324462 2.750577 1.588017 -2.724463 1.950577 1.588016 -8.624464 1.950577 -4.911984 -7.724462 2.750578 -4.911984 -2.824463 2.750578 2.688016 -4.024463 5.050577 -2.711983 -2.641463 5.250577 -1.911983 -2.724463 2.750578 -5.411983 -4.024463 5.750576 -5.411983 -7.024464 5.750576 -2.711983 -8.535891 5.250577 -1.911984 -8.524463 2.750578 2.688016 -7.224463 5.050577 3.930283 4.221393 41.50271 -5.14868 1.669909 36.20224 -6.284188 2.510008 37.50843 4.02639 1.016026 36.24269 5.136364 1.411828 38.87569 -5.14868 1.669909 36.20224 -6.498203 3.211724 40.36817 -1.211658 0.946734 35.55655 -5.964792 4.942527 42.94364 -3.372956 6.712638 43.17957 2.168162 6.240895 42.51485 4.026389 -1.016023 36.24269 -5.14868 -1.669906 36.20224 -6.284187 -2.510004 37.50843 3.930283 -4.221389 41.50271 2.168162 -6.240891 42.51485 -5.964793 -4.942521 42.94364 -3.372955 -6.712635 43.17957 -1.211658 -0.94673 35.55655 -6.498203 -3.211719 40.36817 -5.14868 -1.669906 36.20224 5.136364 -1.411823 38.87569 3.48009 5.221826 40.77529 -5.402349 4.722082 41.0702 -1.371477 6.611752 41.54738 -5.48888 2.01639 36.6156 -5.48888 2.01639 36.6156 -1.001895 0.537692 35.28561 4.077211 1.516746 36.66522 4.367231 1.720244 36.23454 -1.368365 -6.606731 41.55421 -5.493478 -2.022976 36.61795 3.482302 -5.218864 40.77085 -5.493478 -2.022976 36.61795 -5.399982 -4.718018 41.07908 4.357108 -1.736872 36.20747 -1.008305 -0.547657 35.27705 4.073158 -1.523638 36.65077 -2.051367 1.954816 22.85055 -5.689969 6.628117 27.32627 -2.03182 7.269609 22.81468 -0.6848741 -0.4931471 34.68545 -5.7066 2.10623 27.35678 -6.660707 5.436345 37.25447 3.953268 5.439895 39.40916 -6.14572 1.17907 34.89974 -6.14572 1.17907 34.89974 -2.157805 7.416058 40.04938 2.212266 4.652314 21.5874 -5.227913 4.677144 22.73629 2.212266 4.652314 21.5874 1.703947 -6.155118 23.03601 -2.086771 -7.348904 22.8352 -2.105104 -2.033996 22.84573 1.703947 -6.155118 23.03601 3.952723 -5.441212 39.40117 1.703947 -6.155118 23.03601 -6.160022 -1.199752 34.90433 -5.730071 -6.685041 27.35556 -5.745669 -2.163056 27.36451 -6.668214 -5.445608 37.28107 -0.6705701 0.570786 34.80636 -6.160022 -1.199752 34.90433 -2.15664 -7.412936 40.07073 2.157698 -4.73706 21.59901 -5.284592 -4.757426 22.7391 2.157698 -4.73706 21.59901 -5.437104 6.477156 7.698812 -6.361595 3.32204 14.20424 1.7471 3.123351 23.05346 3.473421 4.571073 23.27974 0.7401278 4.07653 8.829646 1.757959 6.076014 23.03353 0.7433039 6.476474 8.81351 1.757959 6.076014 23.03353 -3.635564 7.874965 7.722756 0.7401278 4.07653 8.829646 -3.642443 2.675087 7.757713 -5.440281 4.077212 7.714946 -5.440281 4.077212 7.714946 -5.437104 6.477156 7.698812 -3.635564 7.874965 7.722756 0.7433039 6.476474 8.81351 -7.121501 2.773621 17.39448 1.757959 6.076014 23.03353 -7.115586 7.244595 17.36442 -2.141741 9.131239 18.94413 -2.152638 0.895233 18.9995 0.7433039 6.476474 8.81351 1.7471 3.123351 23.05346 -6.356833 6.921956 14.18003 -4.155624 8.119293 14.21273 -2.141741 9.131239 18.94413 -2.141741 9.131239 18.94413 2.887677 6.725225 22.64424 2.881919 2.372928 22.6735 -2.152638 0.895233 18.9995 -2.152638 0.895233 18.9995 -5.437104 6.477156 7.698812 -6.356833 6.921956 14.18003 -5.440281 4.077212 7.714946 0.7401278 4.07653 8.829646 -4.163562 2.119432 14.25307 -3.642443 2.675087 7.757713 -3.637386 -2.827288 7.742264 0.741082 -4.221939 8.839521 0.741082 -4.221939 8.839521 0.7451959 -6.621932 8.834814 -5.434514 -4.230289 7.6985 -5.434514 -4.230289 7.6985 1.693763 -3.20239 23.04186 -4.186405 -2.24096 14.23263 -6.383773 -3.444628 14.18014 -6.377601 -7.044617 14.17308 -5.430401 -6.63028 7.693792 -2.196187 -0.9934399 18.98171 -7.149812 -7.352404 17.3557 -3.637386 -2.827288 7.742264 -6.377601 -7.044617 14.17308 -5.434514 -4.230289 7.6985 -5.430401 -6.63028 7.693792 -2.182066 -9.229613 18.96555 -4.176118 -8.240941 14.22086 -7.157477 -2.88134 17.36447 2.823191 -2.451722 22.68412 -3.628471 -8.027271 7.732061 -2.196187 -0.9934399 18.98171 -5.430401 -6.63028 7.693792 0.7451959 -6.621932 8.834814 3.412899 -4.646734 23.30333 -2.182066 -9.229613 18.96555 0.741082 -4.221939 8.839521 1.693763 -3.20239 23.04186 -2.182066 -9.229613 18.96555 -2.196187 -0.9934399 18.98171 0.7451959 -6.621932 8.834814 2.830652 -6.804109 22.67558 -3.628471 -8.027271 7.732061 8.078241 2.936091 0.3500365 -4.921761 2.468091 -0.04996544 -6.421761 3.968091 -0.04996544 -6.421761 6.868091 -0.04996544 -1.92176 2.368091 -0.04996544 -1.92176 8.768092 -0.04996544 -4.921761 7.968091 -0.04996544 1.57824 8.868092 -0.04996442 1.57824 2.368091 -0.04996442 -0.6217601 3.268091 0.7500345 8.078241 2.936091 0.3500365 7.678241 3.054331 1.950035 -0.6217601 7.868092 0.7500345 7.678241 3.054331 1.950035 -6.22176 4.168091 2.750036 8.078241 2.936091 0.3500365 -4.921761 2.668091 2.750036 -6.421761 3.968091 -0.04996544 -4.921761 2.468091 -0.04996544 -6.421761 3.968091 -0.04996544 -6.421761 6.868091 -0.04996544 -6.22176 4.168091 2.750036 -4.921761 7.568089 2.750036 -4.921761 7.968091 -0.04996544 -6.22176 6.468091 2.750035 7.37824 7.225691 1.950035 1.57824 8.868092 -0.04996442 7.77824 7.276092 0.3500355 -0.6217601 7.868092 0.7500345 -1.92176 8.368091 2.750035 -1.92176 8.768092 -0.04996544 -1.92176 2.368091 -0.04996544 7.77824 7.276092 0.3500355 1.57824 8.468092 1.950035 1.57824 2.368091 -0.04996442 -0.6217601 3.268091 0.7500345 1.57824 2.568092 1.950035 -1.92176 2.568091 2.750036 -2.72176 8.379519 5.250034 -5.421761 3.868091 5.750034 1.17824 7.07653 6.550034 1.17824 7.07653 6.550034 -5.421761 6.868091 5.750034 -2.72176 2.485092 5.250035 -5.421761 3.868091 5.750034 1.17824 3.828115 6.550035 1.17824 3.828115 6.550035 -1.911983 -2.524463 -0.04942244 1.588017 -2.524463 -0.04942244 1.588017 -2.724463 1.950577 -4.911983 -2.624463 -0.04942244 1.188017 -3.984486 6.550576 -2.711983 -2.641463 5.250577 1.188017 -7.232902 6.550577 1.188017 -3.984486 6.550576 -6.411983 -4.124463 -0.04942345 1.588016 -8.624464 1.950577 -0.6119831 -8.024464 0.7505776 -4.911983 -8.124464 -0.04942345 1.588017 -9.024464 -0.04942244 -1.911983 -8.924464 -0.04942244 -6.411983 -7.024464 -0.04942244 7.788015 -7.432464 0.3505786 7.388017 -7.382063 1.950578 7.788015 -7.432464 0.3505786 -6.411983 -7.024464 -0.04942244 -4.911983 -8.124464 -0.04942345 -4.911984 -7.724462 2.750578 -6.211984 -4.324462 2.750577 -6.211984 -6.624464 2.750577 -6.411983 -4.124463 -0.04942345 -2.711983 -8.535891 5.250577 8.088017 -3.092462 0.3505786 -6.411983 -4.124463 -0.04942345 -6.211984 -4.324462 2.750577 -4.911983 -2.624463 -0.04942244 -4.911984 -2.824463 2.750578 8.088017 -3.092462 0.3505786 7.688018 -3.210703 1.950577 -5.411983 -4.024463 5.750576 -0.6119831 -8.024464 0.7505776 7.688018 -3.210703 1.950577 8.088017 -3.092462 0.3505786 1.588017 -2.524463 -0.04942244 1.588017 -9.024464 -0.04942244 -5.411983 -4.024463 5.750576 -5.411983 -7.024464 5.750576 -0.6119831 -3.424463 0.7505776 -1.911983 -8.924464 -0.04942244 -0.6119831 -3.424463 0.7505776 1.188017 -7.232902 6.550577 -1.911983 -2.724463 2.750578 -1.911983 -2.524463 -0.04942244 -1.911984 -8.524463 2.750578 -7.972956 6.350002 46.11264 -7.172957 4.600002 44.72927 -7.972956 6.350002 46.11264 5.73413 -1.939995 50.91264 -3.372956 5.800002 45.33499 4.605901 -1.856798 47.7599 4.605901 1.856806 47.7599 1.816471 -5.712131 46.58401 -9.572957 -1.599998 48.72039 -9.572957 -1.599998 45.92927 -7.172957 -3.399998 44.72927 -3.372956 -5.799998 45.33499 -3.372956 -5.799998 46.79629 -7.172957 -3.399998 49.32039 -7.172957 -3.399998 49.32039 -9.572957 -1.599998 48.72039 -9.572957 -1.599998 45.92927 -9.172957 3.500002 45.91264 -9.572957 4.100002 45.92927 -7.172957 4.600002 44.72927 -9.572957 4.100002 48.72039 -9.572957 4.100002 45.92927 -7.972956 6.350002 48.41264 -7.972956 6.350002 46.11264 -9.572957 4.100002 45.92927 -7.972956 6.350002 46.11264 -3.372956 5.800002 45.33499 -7.172957 4.600002 44.72927 -9.572957 4.100002 48.72039 -7.172957 4.600002 49.32039 -7.972956 6.350002 48.41264 -7.972956 6.350002 48.41264 -7.172957 4.600002 49.32039 -3.372956 5.800002 46.79629 -3.372956 5.800002 46.79629 -7.972956 6.350002 48.41264 5.73413 1.940004 50.91264 1.816471 5.712138 46.58401 -8.201731 5.949815 58.45516 -7.879707 3.250002 50.49465 -11.24478 -2.599997 59.59707 -9.681298 -1.860196 64.38801 -8.201731 3.250003 58.45516 -11.24478 2.600003 59.59707 -8.201731 3.250003 58.45516 -9.862053 2.600002 51.21702 -11.24478 2.600003 59.59707 -8.201731 3.250003 58.45516 -7.879759 4.518586 50.49466 -8.20173 -3.249997 58.45516 -8.201731 -5.949809 58.45516 -11.24478 -2.599997 59.59707 -9.681299 1.860204 64.38801 -8.20173 -3.249997 58.45516 6.972648 -1.515678 52.17061 6.972648 1.515688 52.17061 -9.862054 -2.599998 51.21702 -7.879707 -3.249998 50.49466 -8.20173 -3.249997 58.45516 -7.879759 -4.518579 50.49466 -8.201731 -5.949809 58.45516 -11.24478 -2.599997 59.59707 -7.879707 -3.249998 50.49466 -7.879707 3.250002 50.49465 -9.862054 -2.599998 51.21702 -9.862053 2.600002 51.21702 -9.681298 -1.860196 64.38801 -9.681299 1.860204 64.38801 -8.201731 5.949815 58.45516 -11.24478 2.600003 59.59707 6.268397 4.353363 50.93175 -5.368188 2.448004 61.00858 -5.368188 -2.447994 61.00858 6.419249 1.583043 55.46388 -7.879759 4.518586 50.49466 -4.276154 6.438968 48.26617 -4.187643 6.730731 49.51023 6.268397 -4.353355 50.93175 4.503731 1.385164 57.43886 7.549784 1.780923 52.29835 4.503732 -1.385154 57.43886 6.419249 -1.583034 55.46388 7.549784 -1.780915 52.29835 1.964843 6.189498 47.88045 1.735624 6.88689 49.14333 1.964843 6.189498 47.88045 1.735624 6.88689 49.14333 4.023012 -7.024124 54.57633 3.169895 -6.771446 57.44843 1.293303 -3.623034 59.28661 -6.137769 -6.605233 56.00362 -2.120937 -8.118102 59.87718 -2.120937 -8.118102 59.87718 -4.187642 -6.730726 49.51023 -4.276154 -6.438963 48.26617 1.964843 -6.189492 47.88045 1.735624 -6.886885 49.14333 0.8534349 -7.703176 59.36108 -4.969542 -7.113851 58.42382 3.169895 6.77145 57.44843 4.023012 7.024129 54.57633 1.293303 3.623044 59.28661 -6.13777 6.605238 56.00362 -8.201731 5.949815 58.45516 -2.120937 8.118108 59.87718 -9.681299 1.860204 64.38801 -2.120937 8.118108 59.87718 0.8534349 7.703183 59.36108 -4.969542 7.113855 58.42382 1.87697 6.04597 44.68463 -4.899338 -3.399998 44.34259 -3.363477 -5.806905 44.53673 -4.899334 3.400002 44.34259 -4.899338 -3.399998 44.34259 1.87697 6.04597 44.68463 1.614392 -5.264313 44.24229 -4.899334 3.400002 44.34259 1.614392 5.264318 44.24229 1.876971 -6.045965 44.68463 4.895507 1.710866 43.01576 4.895507 -1.710858 43.01576 1.614392 5.264318 44.24229 -3.363477 5.806911 44.53673 -7.172957 -3.399998 49.32039 1.917437 6.151595 45.76267 1.816471 5.712138 46.58401 -7.172957 4.600002 49.32039 5.73413 -1.939995 50.91264 -3.372956 5.800002 46.79629 -3.372956 5.800002 45.33499 5.73413 1.940004 50.91264 -2.660607 6.72341 45.12578 -2.660606 -6.723407 45.12578 -2.639099 6.736118 46.29629 -3.372956 -5.799998 45.33499 -2.639097 -6.736114 46.29629 -3.372956 -5.799998 46.79629 1.917438 -6.151587 45.76267 1.816471 -5.712131 46.58401 -7.172957 4.600002 49.32039 4.605901 -1.856798 47.7599 1.917437 6.151595 45.76267 5.597756 2.679432 46.7427 1.816471 5.712138 46.58401 4.605901 1.856806 47.7599 5.591953 -2.394041 43.44645 5.679686 -2.476922 46.77913 5.660692 2.16301 43.45386 -9.572957 -1.599998 48.72039 -7.172957 -3.399998 49.32039 -9.172957 3.500002 45.91264 -9.572957 -1.599998 45.92927 -9.572957 -1.599998 48.72039 -9.172957 3.500002 45.91264 -7.172957 -3.399998 44.72927 -7.172957 4.600002 44.72927 -7.172957 -3.399998 49.32039 -7.172957 -3.399998 44.72927 -7.172957 -3.399998 44.72927 -7.172957 4.600002 44.72927 -7.172957 4.600002 44.72927 6.972648 -1.515678 52.17061 -7.879707 -3.249998 50.49466 6.268397 -4.353355 50.93175 -7.879759 -4.518579 50.49466 -7.879759 4.518586 50.49466 6.268397 4.353363 50.93175 -4.276154 -6.438963 48.26617 -7.879707 3.250002 50.49465 -4.276154 6.438968 48.26617 -10.0818 2.542931 58.33168 -7.879759 4.518586 50.49466 1.964843 -6.189492 47.88045 1.964843 6.189498 47.88045 1.964843 6.189498 47.88045 -9.854122 3.804803 54.80466 -9.170817 3.798388 54.93595 -9.775058 2.566845 54.5044 -9.091751 2.56043 54.63569 -9.461591 4.146602 54.57838 -9.854122 3.804803 54.80466 -9.355957 2.567867 54.17809 -9.775058 2.566845 54.5044 -9.170817 3.798388 54.93595 -9.091751 2.56043 54.63569 -10.34881 2.542985 57.87211 -9.661753 2.546451 58.00605 -10.29498 3.819317 57.56942 -9.607924 3.822781 57.70335 -10.0101 4.173217 57.92813 -10.29498 3.819317 57.56942 -9.607924 3.822781 57.70335 6.972648 1.515688 52.17061 -10.34881 2.542985 57.87211 -9.661753 2.546451 58.00605 -9.854122 -3.804799 54.80466 -9.775055 -2.566842 54.5044 -9.170817 -3.798383 54.93595 -9.09175 -2.560426 54.63569 -9.461589 -4.146597 54.57838 -9.355955 -2.567863 54.17809 -9.854122 -3.804799 54.80466 -9.775055 -2.566842 54.5044 -9.170817 -3.798383 54.93595 -9.09175 -2.560426 54.63569 -10.34881 -2.54298 57.87212 -10.29498 -3.819311 57.56942 -9.661752 -2.546445 58.00605 -9.607924 -3.822776 57.70336 -10.0101 -4.173211 57.92813 -10.29498 -3.819311 57.56942 -9.607924 -3.822776 57.70336 -10.0818 -2.542925 58.33168 -10.34881 -2.54298 57.87212 -9.661752 -2.546445 58.00605 4.503732 -1.385154 57.43886 1.293303 -3.623034 59.28661 1.735624 -6.886885 49.14333 1.293303 3.623044 59.28661 4.503731 1.385164 57.43886 -4.187642 -6.730726 49.51023 -5.368188 -2.447994 61.00858 -2.120937 8.118108 59.87718 -4.187643 6.730731 49.51023 -4.969542 -7.113851 58.42382 -5.368188 2.448004 61.00858 -6.137769 -6.605233 56.00362 4.023012 7.024129 54.57633 0.8534349 7.703183 59.36108 -6.13777 6.605238 56.00362 3.169895 6.77145 57.44843 0.8534349 -7.703176 59.36108 4.023012 -7.024124 54.57633 -2.120937 -8.118102 59.87718 -4.969542 7.113855 58.42382 3.169895 -6.771446 57.44843 1.735624 6.88689 49.14333 -1.263905 -3.117243 61.15297 -1.263905 3.117251 61.15296 -4.64692 1.718397 62.21858 2.305556 1.199013 59.79331 2.305556 -1.199003 59.79332 -4.64692 -1.718384 62.21858 -3.048962 8.766796 58.03655 3.145367 8.852768 54.96312 1.371597 8.473919 58.5652 -4.533199 7.350616 55.11629 -5.032868 6.951877 55.45837 -3.245616 7.021734 50.34777 -2.884813 7.212937 50.7936 -3.185353 8.152644 58.80734 1.219412 7.355431 50.21575 3.268351 7.95207 54.59346 0.990428 7.801519 50.7149 0.6033999 9.237238 57.97267 -3.185353 -8.152637 58.80733 1.371597 -8.473915 58.56519 0.990428 -7.801515 50.7149 0.6033999 -9.237233 57.97267 3.145367 -8.852763 54.96312 -3.048963 -8.766791 58.03655 -2.884813 -7.212932 50.7936 -4.533199 -7.350612 55.11629 1.219412 -7.355425 50.21575 3.268351 -7.952066 54.59346 -3.245616 -7.021729 50.34777 -5.032867 -6.951873 55.45837 -2.524009 7.404139 51.23943 0.7614429 8.24761 51.21403 3.022383 9.753466 55.33277 -4.033532 7.749355 54.77421 -4.033532 -7.749351 54.77421 0.7614429 -8.247606 51.21403 -2.524009 -7.404134 51.23943 3.022383 -9.75346 55.33277 -2.869038 13.53909 46.89278 -4.033532 7.749355 54.77421 -2.912572 10.18523 58.60742 -4.033532 7.749355 54.77421 3.359011 12.20983 54.22691 -0.4759661 13.15147 55.82572 -3.318492 12.23476 55.54343 -5.080906 9.816121 54.68668 -2.813165 11.85804 51.78913 -2.524009 7.404139 51.23943 0.2511659 14.24713 47.18212 2.308831 12.48549 48.12421 0.2188618 12.83587 52.09024 2.931017 10.58183 48.04106 3.831869 10.73153 54.26609 3.022383 9.753466 55.33277 1.95102 12.95905 55.48739 -0.1647971 11.07138 58.88031 0.7614429 8.24761 51.21403 -1.061437 8.11891 44.7796 -4.573141 9.642906 48.01088 -4.133685 9.74158 46.36767 -4.133685 9.74158 46.36767 -3.056201 13.58215 45.55017 -1.010816 7.85362 46.64443 -4.573141 9.642906 48.01088 -2.813165 -11.85804 51.78914 2.308832 -12.48548 48.12422 -2.869038 -13.53909 46.89278 0.2511659 -14.24712 47.18212 0.2188618 -12.83586 52.09025 -5.080905 -9.816118 54.68668 -4.033532 -7.749351 54.77421 -2.912572 -10.18522 58.60742 -4.033532 -7.749351 54.77421 -3.318492 -12.23476 55.54343 3.022383 -9.75346 55.33277 -0.4759661 -13.15147 55.82572 3.831869 -10.73153 54.26609 0.7614429 -8.247606 51.21403 3.359011 -12.20982 54.22691 1.95102 -12.95904 55.48739 -0.1647971 -11.07137 58.88031 2.931017 -10.58183 48.04106 -2.524009 -7.404134 51.23943 -4.573141 -9.642902 48.01088 -4.133685 -9.741577 46.36767 -1.010816 -7.853616 46.64444 -3.0562 -13.58214 45.55017 -4.573141 -9.642902 48.01088 -1.061437 -8.118906 44.7796 -4.133685 -9.741577 46.36767 -0.05784404 14.46088 45.01618 3.151858 11.38854 43.22258 2.466153 13.29533 43.47484 -0.4079271 14.87331 35.72629 2.466153 -13.29533 43.47484 3.151858 -11.38854 43.22258 -0.05784404 -14.46087 45.01618 -0.4079271 -14.87331 35.72629 -1.793092 13.39887 35.40121 -1.257693 11.96257 35.20861 -1.257693 11.96257 35.20861 0.762672 11.61225 35.2793 1.701582 14.71643 35.81829 2.274609 13.17593 35.61148 2.274609 -13.17593 35.61148 1.701582 -14.71643 35.81829 0.762672 -11.61225 35.2793 -1.257692 -11.96257 35.20861 -1.257692 -11.96257 35.20861 -1.793091 -13.39887 35.40121 0.6033999 9.237238 57.97267 -3.048962 8.766796 58.03655 -3.048963 -8.766791 58.03655 0.6033999 -9.237233 57.97267 -4.033532 7.749355 54.77421 3.022383 9.753466 55.33277 1.592834 11.84791 45.65961 -0.1647971 11.07138 58.88031 2.308831 12.48549 48.12421 -2.912572 10.18523 58.60742 1.592834 11.84791 45.65961 1.592834 11.84791 45.65961 0.2511659 14.24713 47.18212 1.134878 9.552954 45.92236 -0.3361591 13.83142 46.306 -2.869038 13.53909 46.89278 1.592834 11.84791 45.65961 -0.3361591 13.83142 46.306 1.134878 9.552954 45.92236 -2.581734 13.04038 46.36917 -2.581734 13.04038 46.36917 2.931017 10.58183 48.04106 1.592834 11.84791 45.65961 1.592834 11.84791 45.65961 -4.133685 9.74158 46.36767 -4.573141 9.642906 48.01088 -1.110697 8.761917 45.98553 -3.037886 10.13813 46.68414 -3.037886 10.13813 46.68414 -3.037886 10.13813 46.68414 -4.133685 9.74158 46.36767 -3.037886 10.13813 46.68414 -3.056201 13.58215 45.55017 -1.061437 8.11891 44.7796 -1.010816 7.85362 46.64443 -1.110697 8.761917 45.98553 -4.573141 9.642906 48.01088 -0.3361591 -13.83142 46.306 -2.869038 -13.53909 46.89278 -2.581734 -13.04038 46.36917 3.022383 -9.75346 55.33277 0.2511659 -14.24712 47.18212 1.592834 -11.84791 45.65961 1.592834 -11.84791 45.65961 2.308832 -12.48548 48.12422 1.592834 -11.84791 45.65961 1.592834 -11.84791 45.65961 1.592834 -11.84791 45.65961 1.592834 -11.84791 45.65961 2.931017 -10.58183 48.04106 1.134878 -9.55295 45.92236 1.134878 -9.55295 45.92236 -0.3361591 -13.83142 46.306 -2.581734 -13.04038 46.36917 -2.912572 -10.18522 58.60742 -4.033532 -7.749351 54.77421 -0.1647971 -11.07137 58.88031 -4.133685 -9.741577 46.36767 -3.037886 -10.13813 46.68414 -3.0562 -13.58214 45.55017 -4.573141 -9.642902 48.01088 -3.037886 -10.13813 46.68414 -3.037886 -10.13813 46.68414 -1.061437 -8.118906 44.7796 -4.133685 -9.741577 46.36767 -4.573141 -9.642902 48.01088 -3.037886 -10.13813 46.68414 -1.110697 -8.761912 45.98553 -1.110697 -8.761912 45.98553 -1.010816 -7.853616 46.64444 0.3099519 12.9892 36.87081 -0.4079271 14.87331 35.72629 -1.150677 14.58267 34.01569 -1.150677 14.58267 34.01569 2.466153 13.29533 43.47484 -0.05784404 14.46088 45.01618 3.151858 11.38854 43.22258 -1.485808 14.58768 34.80512 0.3099519 12.9892 36.87081 0.3099519 12.9892 36.87081 -1.485808 14.58768 34.80512 -0.7287051 12.05924 34.73937 0.3099519 12.9892 36.87081 -0.05784404 -14.46087 45.01618 -0.4079271 -14.87331 35.72629 -1.485808 -14.58768 34.80512 0.3099519 -12.9892 36.87081 -1.485808 -14.58768 34.80512 0.3099519 -12.9892 36.87081 0.3099519 -12.9892 36.87081 -0.7287051 -12.05923 34.73937 3.151858 -11.38854 43.22258 2.466153 -13.29533 43.47484 -1.150677 -14.58267 34.01569 -1.150677 -14.58267 34.01569 0.3099519 -12.9892 36.87081 1.295957 11.3329 29.72417 2.507518 11.98232 27.98359 2.15554 13.56751 29.64786 2.15554 13.56751 29.64786 3.251375 13.55002 29.75605 3.251375 13.55002 29.75605 2.765694 11.85131 28.87524 3.198596 11.9713 28.05182 3.198596 11.9713 28.05182 2.09352 14.58835 35.47315 2.765694 11.85131 28.87524 2.765694 11.85131 28.87524 2.507518 11.98232 27.98359 2.507518 11.98232 27.98359 1.71512 12.06744 35.26108 3.198596 11.9713 28.05182 1.71512 12.06744 35.26108 -1.257693 11.96257 35.20861 3.251375 13.55002 29.75605 -1.793092 13.39887 35.40121 1.701582 14.71643 35.81829 0.762672 11.61225 35.2793 2.274609 13.17593 35.61148 -1.318557 13.87343 29.77821 -1.339687 13.12514 30.55945 -1.516496 14.71021 31.22542 3.415802 12.73 32.18815 2.15554 13.56751 29.64786 3.251375 13.55002 29.75605 -0.5940171 11.90781 28.72784 2.000572 11.51266 28.87145 2.000572 11.51266 28.87145 -1.318557 13.87343 29.77821 2.057923 12.27299 31.86334 2.15554 13.56751 29.64786 3.401038 10.99609 31.27202 1.827747 13.11129 30.87183 3.415802 12.73 32.18815 2.057923 12.27299 31.86334 3.139199 10.51364 31.78114 3.401038 10.99609 31.27202 3.139199 10.51364 31.78114 3.401038 10.99609 31.27202 3.415802 12.73 32.18815 3.263705 14.68167 31.68462 2.647451 14.5688 29.7022 3.149928 11.74337 33.53291 2.765694 11.85131 28.87524 1.793373 12.15848 34.4401 -0.4493531 12.17416 33.9513 2.858557 13.39705 28.61317 -0.5940171 11.90781 28.72784 2.141327 14.55863 34.6407 -1.516496 14.71021 31.22542 1.793373 12.15848 34.4401 2.15554 -13.56751 29.64786 3.251375 -13.55002 29.75605 2.507518 -11.98232 27.98359 2.274609 -13.17593 35.61148 3.415802 -12.72999 32.18815 2.000572 -11.51266 28.87145 2.15554 -13.56751 29.64786 -0.5940171 -11.90781 28.72784 0.762672 -11.61225 35.2793 2.765694 -11.8513 28.87524 2.765694 -11.8513 28.87524 2.507518 -11.98232 27.98359 2.141328 -14.55862 34.6407 1.793374 -12.15848 34.4401 1.793374 -12.15848 34.4401 -0.4493531 -12.17415 33.9513 3.263705 -14.68167 31.68462 2.15554 -13.56751 29.64786 -1.516496 -14.7102 31.22542 3.139199 -10.51364 31.78114 2.647451 -14.56879 29.7022 3.149928 -11.74337 33.53291 3.415802 -12.72999 32.18815 3.401037 -10.99608 31.27202 -1.339687 -13.12514 30.55945 3.401037 -10.99608 31.27202 3.139199 -10.51364 31.78114 2.057923 -12.27299 31.86334 -1.318557 -13.87343 29.77821 1.827746 -13.11129 30.87183 2.765694 -11.8513 28.87524 -1.516496 -14.7102 31.22542 3.251375 -13.55002 29.75605 -0.5940171 -11.90781 28.72784 3.251375 -13.55002 29.75605 2.858557 -13.39704 28.61317 3.198596 -11.97129 28.05182 3.251375 -13.55002 29.75605 2.057923 -12.27299 31.86334 1.295957 -11.33289 29.72417 3.401037 -10.99608 31.27202 2.15554 -13.56751 29.64786 3.415802 -12.72999 32.18815 -1.318557 -13.87343 29.77821 -1.257692 -11.96257 35.20861 2.000572 -11.51266 28.87145 1.71512 -12.06743 35.26108 1.701582 -14.71643 35.81829 3.198596 -11.97129 28.05182 1.71512 -12.06743 35.26108 2.765694 -11.8513 28.87524 3.198596 -11.97129 28.05182 2.507518 -11.98232 27.98359 -1.793091 -13.39887 35.40121 2.09352 -14.58834 35.47315 -9.731149 -2.165816 64.35469 5.301476 6.28676 52.41787 -9.731148 2.165819 64.35469 5.928506 1.895886 56.64318 7.208644 2.39936 52.53577 -11.0697 -2.165817 60.23505 4.021337 5.783286 56.52528 -11.0697 2.165819 60.23505 -3.688976 12.10802 55.57722 -0.2413991 13.22451 55.91996 0.1130519 11.20643 58.92853 -3.334525 10.08994 58.5858 -3.68937 -12.09855 55.59682 -0.241792 -13.21504 55.93956 -3.33492 -10.08048 58.6054 0.1126579 -11.19697 58.94815</float_array>
          <technique_common>
            <accessor source="#chest_mp_beta-mesh-positions-array" count="1157" stride="3">
              <param name="X" type="float"/>
              <param name="Y" type="float"/>
              <param name="Z" type="float"/>
            </accessor>
          </technique_common>
        </source>
        <source id="chest_mp_beta-mesh-normals">
          <float_array id="chest_mp_beta-mesh-normals-array" count="3342">0.99656 -0.01571059 0.08137232 0.9965599 -0.01571059 0.08137232 0.9774581 -0.1597545 -0.1380375 0.977458 -0.1597545 -0.1380375 1.24521e-5 -0.9297301 0.3682417 0 -0.9297289 0.3682448 6.8008e-5 -0.9297354 0.3682286 -0.4646755 0.289429 -0.836844 -0.4646754 0.289429 -0.8368439 -0.4646754 0.289429 -0.8368439 0.4296762 -0.4671918 0.772729 0.4296762 -0.4671918 0.772729 4.53776e-6 0.6772086 -0.7357912 4.53776e-6 0.6772086 -0.7357912 -0.3502436 -0.07626551 0.9335486 -0.3502437 -0.07626551 0.9335486 -0.0499652 0.9789908 0.1976882 -0.0499652 0.9789907 0.1976882 -0.0499652 0.9789907 0.1976882 0.3502454 -0.07626384 0.9335481 0.3502454 -0.07626384 0.933548 0.3502454 -0.07626384 0.9335482 1.6992e-4 0.01745343 -0.9998477 1.6992e-4 0.01745343 -0.9998478 0.4646609 0.2894382 -0.8368488 0.4646609 0.2894381 -0.8368487 0.4646609 0.2894382 -0.8368487 -0.815897 0.3172498 -0.4833887 -0.8158971 0.3172498 -0.4833888 -0.815897 0.3172498 -0.4833887 -0.9801544 -0.1843057 0.0729987 -0.9801544 -0.1843057 0.0729987 0.9691963 -0.2289844 0.09069007 0.9691963 -0.2289844 0.09069007 0.9691964 -0.2289844 0.09069007 -0.9831523 -0.165902 0.07673412 -0.9831523 -0.1659021 0.07673412 -0.9831523 -0.165902 0.07673412 0.8805894 -0.4730489 0.02805483 0.8805894 -0.4730489 0.02805483 0.8805894 -0.4730489 0.02805483 0.4879388 -0.006780147 0.8728516 0.4879387 -0.006780147 0.8728516 -0.5363389 -0.01285034 0.8439049 -0.5363389 -0.01285034 0.8439049 -0.2817623 -0.7766385 -0.5634205 -0.8805872 -0.4730529 0.02805608 -0.8805873 -0.4730529 0.02805608 0.2773871 -0.7846164 -0.554467 0.2773871 -0.7846165 -0.554467 0.2773871 -0.7846164 -0.554467 0.4411825 -0.09912616 -0.8919261 0.4411825 -0.09912616 -0.8919261 0.4411825 -0.09912616 -0.8919261 0.9998169 0.0140112 -0.01303511 0.9998169 0.0140112 -0.01303511 -0.451637 0.1407327 0.8810326 -0.451637 0.1407327 0.8810325 -0.451637 0.1407327 0.8810327 -0.4045882 -0.3931978 0.8256536 -0.4045882 -0.3931978 0.8256537 -0.4045882 -0.3931978 0.8256536 -0.4411822 -0.09912741 -0.8919261 -0.4411822 -0.09912741 -0.8919261 -0.4411821 -0.09912741 -0.8919261 -0.9998169 0.01401174 -0.01303464 -0.9998169 0.01401174 -0.01303464 -0.9998169 0.01401174 -0.01303464 0.4530477 -0.09584969 -0.8863186 0.4530477 -0.09584975 -0.8863186 -0.9774575 -0.1597579 -0.138038 -0.9774575 -0.1597579 -0.138038 -0.9774574 -0.1597579 -0.1380379 0.9216337 0.3817661 0.06961327 0.9216337 0.3817661 0.06961327 0.9216337 0.381766 0.06961327 0.05714827 0.9821709 0.1790937 0.05714827 0.9821708 0.1790937 0.05714827 0.9821709 0.1790937 -2.20028e-6 0.9837786 0.1793873 -2.20028e-6 0.9837785 0.1793873 -0.9965599 -0.01571023 0.08137291 -0.99656 -0.01571023 0.08137291 0.9838753 -0.1205543 -0.1321217 0.9838753 -0.1205543 -0.1321217 0.9838753 -0.1205543 -0.1321216 0.5363332 -0.01285064 0.8439087 0.5363332 -0.01285064 0.8439087 -0.4530468 -0.09584951 -0.8863191 -0.4530468 -0.09584951 -0.8863191 -0.4530468 -0.09584951 -0.8863191 -0.4879319 -0.006780207 0.8728554 -0.4879319 -0.006780207 0.8728555 -0.3238843 -0.7726432 -0.5460049 -0.3238843 -0.7726434 -0.546005 -0.9838755 -0.1205529 -0.1321218 -0.9838755 -0.1205529 -0.1321218 -0.9838755 -0.1205529 -0.1321218 0.3293266 -0.7630929 -0.5560874 0.3293266 -0.7630929 -0.5560874 -0.9216325 0.3817688 0.06961381 -0.9216326 0.3817688 0.06961381 -0.9216326 0.3817687 0.06961381 0.4045839 -0.3931992 0.8256551 0.4045839 -0.3931992 0.8256552 -0.4486512 0.1551733 -0.8801326 -0.4486513 0.1551733 -0.8801327 -0.9087455 -0.07347989 -0.4108313 -0.9087455 -0.07347989 -0.4108313 0.2968976 0.5191482 0.8014593 0.2968976 0.5191482 0.8014593 0.2968976 0.5191483 0.8014592 0.448645 0.1551728 -0.8801358 0.9087452 -0.07348024 -0.410832 0.9087451 -0.07348024 -0.410832 0.9987713 -0.04497969 0.02080446 0.9987713 -0.04497969 0.02080446 -0.9987714 -0.04497939 0.02080398 -0.9987714 -0.04497939 0.02080398 -0.9987713 -0.04497939 0.02080398 -0.287051 0.5340325 0.7952429 0.451637 0.1407325 0.8810326 0.451637 0.1407325 0.8810326 0.451637 0.1407325 0.8810327 -0.4296764 -0.4671913 0.7727293 -0.4296764 -0.4671913 0.7727293 0.9737856 -0.2064538 0.09549117 0.9737856 -0.2064538 0.09549117 7.00535e-6 0.3748061 0.9271032 7.00535e-6 0.3748061 0.9271033 7.00535e-6 0.3748061 0.9271032 0.8288088 0.2868081 -0.4804345 0.8288088 0.2868081 -0.4804345 0.8288087 0.2868081 -0.4804344 8.04618e-5 -0.9297366 0.3682255 -0.9952144 0 0.09771561 -0.9501948 0 -0.3116568 -0.9501974 -2.16073e-7 -0.3116486 -0.9952143 0 0.09771764 -0.7985306 -0.2175391 0.5612716 -0.9169167 2.92984e-7 0.3990787 -0.7277591 -0.1111034 0.6767739 -0.7955478 7.82006e-7 0.605891 -0.177577 -0.8206188 0.5431862 -0.2779617 -0.73202 0.622 0.8304749 -0.4707387 0.2978534 0.4438879 -0.7226641 0.5298305 0.5378822 -0.6482692 0.5389155 0.9542326 -0.2636171 0.141231 0.9899131 -0.0775265 -0.1185828 0.9880779 0 -0.1539549 0.6268675 -2.21828e-7 -0.7791259 -0.02350223 0 -0.9997238 -0.02350789 0 -0.9997237 -0.1618416 0 -0.9868168 -0.7546958 0 -0.656075 -0.7546933 0 -0.6560779 0.6268676 -1.30951e-7 -0.7791259 -0.568796 0.3012186 0.7653356 -0.2779613 0.7320206 0.6219996 -0.5704487 0.4479913 0.6883983 0.998312 0 0.05807882 0.443888 0.7226644 0.52983 -0.1775771 0.8206195 0.5431851 0.5378822 0.6482693 0.5389153 0.8304749 0.470739 0.2978528 -0.1618421 0 -0.9868168 0.9274863 0.3728793 0.0270254 0.8690173 0.4534393 0.1979945 0.998947 0.02187889 0.04032653 0.8279819 0.5598313 0.03217363 0.7081671 0.6752843 0.2061322 0.9971257 0.01398718 -0.0744642 0.2034018 -0.9766896 0.0685938 0.05640983 -0.9960979 -0.06787484 0.1662145 -0.9831206 -0.07646286 0.05675345 0.9951918 -0.07982748 0.2210449 0.9732254 0.06301939 0.1865566 0.9790316 -0.0818156 0.8279667 -0.5598549 0.03215312 0.9990685 -0.02190744 0.03717726 0.7086958 -0.674448 0.2070509 0.9968748 -0.01456409 -0.07764333 -0.08126419 0.9822793 0.1688891 -0.7787528 0.6236672 -0.06770175 -0.7306105 0.6450969 -0.2237373 -0.01812523 0.9957744 0.09002697 -0.8066824 -0.3095126 -0.5034539 0.008389472 0.996465 -0.0835886 0.05109137 0.9717547 -0.2303966 -0.7382088 0.6724883 0.05298542 -0.6184702 -0.7571744 -0.2101943 0.06343948 -0.9556025 -0.2877489 0.05158108 -0.9899857 -0.1314065 -0.7272701 -0.6863278 0.005710899 0.8162809 0.5367615 -0.2134774 0.9703594 -0.005199432 -0.2416108 0.3347684 -0.9284848 -0.1607678 -0.6314517 0.7459288 -0.2117995 -0.8108626 0.2966144 -0.5045016 -0.7291041 0.6844015 0.001410722 0.05156737 0.9883226 -0.1433857 0.3384848 0.9251289 -0.1719437 0.7362504 0.5836573 -0.3424613 0.3392246 -0.89448 -0.29126 0.9404518 -0.005752921 -0.3398785 0.007911622 -0.9968551 -0.07885038 -0.7790977 -0.6238111 -0.06218266 -0.7381712 -0.6720632 0.05860382 -0.01803725 -0.9953287 0.09484541 -0.08091539 -0.9814428 0.1738469 -0.7314679 -0.6459975 -0.2182703 0.06269919 0.9542019 -0.2925193 0.8154707 -0.5379567 -0.2135659 0.9695683 0.003829061 -0.2447915 0.7350105 -0.5854512 -0.3420624 0.05013966 -0.9728562 -0.2259134 0.3384584 0.8930022 -0.2966362 0.9393411 0.003919064 -0.3429623 0.4188394 -0.8973232 -0.1392288 0.3792037 -0.9126502 -0.1525596 0.1850809 -0.9826814 -0.009076297 0.1718072 0.9833799 0.05870479 0.8005755 0.5978299 0.04096668 0.7466326 0.6410637 -0.1776994 0.9962201 -0.001902103 -0.08684551 0.9239963 -0.1545459 -0.3497804 0.9115916 0.3640782 -0.1909134 0.9764532 -0.04463702 -0.211061 0.9767798 0.002291977 0.2142337 -0.179964 0.9348126 -0.3061671 0.2678101 -0.8981764 -0.3486501 -0.1597794 -0.9295719 -0.3322146 -0.8438997 -0.5343711 0.04775971 -0.7587029 -0.4863594 -0.4333872 -0.8464991 0.5299136 0.05129188 -0.7699069 0.488056 -0.4111508 -0.3947081 -0.3814947 -0.8358634 -0.5288251 -0.2077972 -0.8228999 -0.6938873 -0.003924012 -0.720073 -0.4020757 0.418447 -0.8143939 -0.2684607 0.5157637 -0.8135827 0.8696101 -0.493723 0.003965258 -0.3912777 0.3773655 -0.8393432 -0.5253847 0.2036798 -0.8261268 -0.7570239 0.4840028 -0.4389261 -0.7679689 -0.4902997 -0.4121043 -0.8465178 -0.5299882 0.05020183 -0.1783176 -0.9363264 -0.3024828 0.1719121 -0.983024 0.06411188 -0.8442896 0.5342685 0.04161995 0.4191036 0.8968117 -0.1417077 0.2689683 0.8966113 -0.3517729 -0.1586981 0.9279209 -0.3373096 0.1847612 0.982698 -0.01296037 0.7476163 -0.6416151 -0.1714643 0.9125295 -0.3646329 -0.1852915 0.8006103 -0.5973218 0.04722183 0.9965806 0.001870334 -0.08260571 0.9254238 0.1532351 -0.346569 -0.2648009 -0.5197284 -0.812258 -0.3984465 -0.4224674 -0.8141018 0.3795192 0.91206 -0.1552804 0.9758578 -8.99446e-4 0.2184048 0.9773283 0.04400736 -0.207106 0.8694061 0.4940695 0.005324482 -0.6908112 2.34305e-4 -0.7230351 0.07894629 -0.9904029 0.1134448 0.05300837 -0.9796122 0.1937785 0.05109924 -0.9366562 0.3465027 -0.4434028 -0.8852626 0.1403718 -0.7487939 -0.648954 0.134783 -0.350462 -0.8882722 0.2968989 0.707107 2.20927e-7 0.7071067 0.5344131 0.004545748 0.8452112 0.5422397 2.81167e-7 0.8402239 0.7071072 2.71986e-7 0.7071064 -0.9115835 0.3620239 0.1948189 -0.8125082 0.5587136 0.1663416 -0.4288166 0.8929603 0.1368878 -0.9662351 0 0.2576624 0.1023943 -0.9469811 0.3045365 0.249566 -0.9419842 0.2244608 -0.1678405 -0.9834928 -0.06761252 0.1400752 0.9399093 0.3113669 -0.1921264 0.9801595 -0.04873478 0.2376561 0.9431505 0.2323505 -0.03233468 0.9916058 0.1251906 0.08867961 0.9301946 0.3561938 0.8727155 0.062765 0.4841781 0.7652218 0.5263091 0.3707215 0.681254 0.04255104 0.7308095 0.02898114 -0.9887426 0.1467934 0.6635256 0.02941513 0.7475751 -0.9662351 0 0.2576624 0.1770493 0.971312 0.1587659 0.5344129 -0.004545629 0.8452115 0.7071064 0 0.7071072 0.7071069 0 0.7071067 0.7652215 -0.526309 0.370722 0.8727157 -0.062765 0.4841776 0.681254 -0.04255127 0.7308093 0.05300849 0.9796124 0.193778 0.07894647 0.9904029 0.1134439 0.05109906 0.9366562 0.3465027 0.1023941 0.946981 0.3045365 0.249566 0.9419842 0.224461 -0.1678407 0.9834929 -0.06761306 0.6635255 -0.02941542 0.7475753 -0.1921262 -0.9801595 -0.04873383 0.1400752 -0.9399095 0.3113664 0.2376562 -0.9431508 0.2323495 -0.03233462 -0.9916056 0.1251909 -0.8125081 -0.5587138 0.1663418 0.5422401 0 0.8402237 0.08867973 -0.9301947 0.3561935 0.1770491 -0.9713119 0.1587665 -0.9662351 0 0.2576627 -0.966235 0 0.2576628 -0.9115834 -0.362024 0.194819 -0.4288164 -0.8929604 0.1368874 -0.7487938 0.6489541 0.1347831 -0.4434027 0.8852626 0.1403718 -0.3504621 0.8882721 0.296899 0.02898102 0.9887426 0.1467931 0.9357042 -0.1224622 -0.3308483 0.6948416 -0.7114578 0.1049907 0.7243828 0.6756986 0.1367517 0.3054549 0.924494 -0.228053 -0.01358586 0.9923989 0.1223109 -0.3011425 0.8961402 -0.3259541 0.8827727 0.461432 0.08827686 0.8159458 0.4842271 -0.3158428 -0.5879272 0.7637946 -0.266382 -0.6717485 0.7347198 -0.09455621 -0.1976891 -0.8931644 0.4039512 -0.1435403 -0.8863055 0.4402938 -0.03581494 -0.931248 0.3626218 -0.9630279 0.003513455 -0.2693788 -0.9226918 0.01004141 0.3854076 -0.7970969 -0.3632345 0.4823871 -0.1796703 0.8472585 -0.4998716 -0.7337441 0.6392983 -0.230038 0.8858438 0.2929795 0.3597829 -0.3359701 0.7449571 0.5763359 0.01590937 -0.5375185 0.8431019 0.04179918 0.7823756 -0.6214026 0.3679219 0.5775872 -0.7287157 -0.6899257 0.1637721 -0.7051109 -0.144026 0.8865431 0.4396566 -0.04091322 0.9027001 0.4283209 0.04967862 0.9937297 0.1001673 0.9354833 0.1199293 -0.3323974 0.08399105 -0.9961732 -0.02418142 0.7062785 0.7020138 0.09136372 -0.1822818 -0.8475804 -0.4983781 -0.6708338 -0.7355493 -0.09460043 -0.7310692 -0.6420203 -0.2309713 -0.9649082 0.01518851 -0.2621481 -0.7027065 -0.1360094 -0.6983588 0.01094871 0.5631836 0.8262593 0.3777257 -0.5587502 -0.7383235 0.7250161 -0.6751474 0.1361165 0.8174688 -0.482617 -0.3143656 0.8872147 -0.2907722 0.3581922 0.03995937 -0.7776942 -0.6273717 -0.199226 0.8989039 0.3902317 -0.5860537 -0.7641291 -0.2695326 -0.3006122 -0.8948095 -0.3300732 0.8826739 -0.4615322 0.0887413 -0.01272422 -0.9923685 0.1226499 0.3043925 -0.9243963 -0.2298625 -0.3344571 -0.7420263 0.580978 -0.9213666 -0.007205247 0.388628 -0.7940579 0.3664931 0.4849277 0.9926488 -0.01324218 -0.1203042 0.8900466 -0.4261158 -0.1619954 0.7224133 -0.5803044 -0.3759865 0.9536133 -0.001475095 0.301031 -0.9202391 0.3181708 -0.2278761 -0.9974353 -2.08194e-4 0.07157498 -0.9078503 -0.3193264 -0.2717326 -0.3077427 0.9148311 0.2614933 -0.3237154 -0.9423303 0.08498185 -0.3228619 -0.8807764 0.3464002 -0.7984272 -0.4190322 0.4323495 -0.771531 0.4243934 0.4739516 0.2516762 0.8749457 0.4136778 -0.3122674 0.8239971 0.4727769 0.272652 -0.9294507 0.2485603 -0.8016963 0.005679905 0.5977047 -0.7131038 0.005789816 0.7010346 -0.6944394 0.1329389 0.7071642 -0.7073556 -0.1242898 0.6958449 0.7666561 0.5612978 -0.3117424 0.7666561 0.5612978 -0.3117424 -0.6364997 -0.1755169 0.7510405 -0.614169 0.1851075 0.7671582 0.2735465 0.9303709 0.2440951 -0.3231941 0.8830409 0.3402713 -0.3244423 0.9425531 0.07956767 0.8901175 0.424637 -0.1654521 0.9928886 0.01277673 -0.1183594 0.7237293 0.57604 -0.379992 0.9528223 0.002684891 0.3035169 -0.7166401 -0.00270754 0.6974379 -0.698039 -0.1309869 0.7039774 -0.6174889 -0.1833733 0.7649064 -0.8051091 -0.003154814 0.5931184 -0.7111186 0.1284954 0.6912303 -0.6400824 0.1805583 0.7467886 0.7681149 -0.5601451 -0.310221 0.7681149 -0.560145 -0.310221 -0.9974336 4.93769e-4 0.07159733 -0.9211286 -0.3195323 -0.2223086 -0.9087546 0.318752 -0.269374 -0.3087413 -0.9135929 0.2646256 -0.312578 -0.8226736 0.4748719 0.2526802 -0.872648 0.4178972 -0.7737286 -0.4227319 0.4718494 -0.8007715 0.4210431 0.4260139 -0.1919406 0.9800134 -0.05227524 -0.2842146 0.9542877 -0.09250533 0.3067558 0.9517219 -0.01124829 -0.5803619 0.8093849 -0.08986872 0.3164284 -0.9469842 -0.05562436 -0.2789515 -0.9504567 -0.1371797 -0.1891721 -0.9769656 -0.09875315 -0.8863762 -0.4376912 -0.1508768 -0.8388013 -0.5141962 -0.1789265 -0.9900774 3.64992e-4 -0.1405234 -0.9900773 3.65993e-4 -0.1405238 -0.4725108 0.8721401 -0.1269066 0.2703509 -0.9492769 0.1605736 -0.0322799 -0.9976381 0.06063258 0.2746648 -0.9487719 0.1561771 -0.1969382 -0.9785547 0.06038284 -0.5444354 -0.8386535 -0.015836 -0.8414309 0.5385214 0.04459792 -0.999961 7.07787e-4 -0.008820712 -0.9173651 0.3916786 0.07091605 -0.9999536 0.001259326 -0.009559094 -0.2204601 0.9610481 0.1666854 -0.06176525 0.9815326 0.1810493 0.2206047 0.9331527 0.2838303 0.2154359 0.9328655 0.2887032 0.9820278 -3.0705e-5 0.1887365 0.9820311 -1.5622e-5 0.1887195 0.9820318 -1.20367e-5 0.1887155 0.9820345 1.31796e-7 0.1887019 -0.6142668 -0.7852556 0.07778298 -0.2834711 -0.9548255 -0.08917683 -0.4716486 -0.8729147 -0.1247709 -0.5796796 -0.8100252 -0.08849185 -0.1913602 -0.9803243 -0.04843169 -0.2787089 0.9496868 -0.1428863 -0.1891041 0.9764125 -0.1042037 -0.8858833 0.4366295 -0.1567339 0.3163188 0.9468303 -0.05877763 0.3071463 -0.9516469 -0.005414068 -0.9894688 -0.001412332 -0.1447398 -0.8382173 0.513018 -0.1849444 -0.9894688 -0.001411855 -0.1447397 -0.0616433 -0.9812977 0.1823598 0.2145155 -0.9323731 0.29097 0.2202603 -0.9326939 0.2856002 -0.2191512 -0.9611215 0.1679827 -0.8410527 -0.5391347 0.0443201 0.9815793 6.63567e-4 0.1910545 0.9816109 5.17667e-4 0.1908922 0.9817228 0 0.1903162 0.9814392 0.001306176 0.1917694 -0.9170991 -0.3924068 0.07032942 -0.9999297 -0.001690208 -0.01174426 -0.9999418 -9.51211e-4 -0.01075309 -0.1977912 0.9785214 0.0580914 -0.5451984 0.8381137 -0.01800543 -0.6147449 0.7850711 0.07584357 -0.03202879 0.9977695 0.05856943 0.2705886 0.9496637 0.1578628 0.2760214 0.9490014 0.1523439 0.06267315 0.002167642 -0.9980318 -0.1207634 9.32762e-4 -0.9926809 -0.1289275 0 -0.9916541 0.06105446 0.004220068 -0.9981256 0.2406539 0 -0.970611 0.2192031 0 -0.9756792 0 0 -1 0.1209517 0 -0.9926585 0.1164737 0 -0.9931938 0 0 -1 0 0 -1 0 0 -1 0.7098909 0.6717425 0.2117004 0.9687064 0.06757062 0.2388355 0.7663452 0.6072674 0.2096223 0.08062469 -0.9922495 0.09455555 -0.1138749 -0.9886184 0.0983175 0.08095484 -0.9923158 0.09357142 -0.09958541 -0.994993 -0.008472979 0.9691169 0.06698983 0.2373286 0.08387541 -0.9950382 -0.05351799 -0.4224259 -0.9026809 0.08199781 0.2087008 -0.9754943 0.06967812 -0.7247701 -0.6854218 0.07003796 -0.7518824 -0.6516308 0.100251 -0.3912256 -0.9179561 0.06556832 -0.8726898 0.4707652 0.1295875 -0.9974588 0 0.07124727 -0.9079877 0.4049351 0.1076377 -0.9974588 0 0.07124727 -0.4315031 0.8910788 0.1406553 0.05695545 0.9883425 0.1411918 -0.04954624 0.9985409 0.02147704 -0.4676369 0.8750368 0.1250055 -0.04034727 0.981743 0.1858836 -0.04276639 0.9950881 0.08928006 0.08612018 0.9953423 -0.04332649 0.1015606 -0.986715 -0.1268027 0.1209515 0 -0.9926584 0.2406541 0 -0.970611 0.2192032 0 -0.9756792 0.1164736 0 -0.9931938 -0.1207635 -9.32816e-4 -0.9926809 -0.1289276 0 -0.9916541 0.06267321 -0.002167761 -0.9980318 0 0 -1 1.51887e-7 1.80846e-7 -1 -0.4315028 -0.8910788 0.1406551 0.05695551 -0.9883425 0.1411918 -0.04954612 -0.9985409 0.02147698 -0.1138749 0.9886184 0.09831702 0.08062463 0.9922494 0.09455537 0.08095473 0.992316 0.0935713 -0.09958547 0.9949929 -0.008473277 0.1015603 0.986715 -0.1268029 0.08387541 0.9950382 -0.05351811 0.2087009 0.9754943 0.069678 0.9687066 -0.06757062 0.2388347 0.7098913 -0.6717424 0.2116993 0.7663452 -0.6072677 0.2096212 0.9691171 -0.06698983 0.2373279 -0.9079878 -0.4049351 0.1076372 -0.9974588 0 0.07124662 -0.9974588 0 0.07124662 -0.8726897 -0.4707655 0.1295868 -0.4676368 -0.8750368 0.1250055 -0.4224261 0.9026809 0.08199745 -0.7247701 0.6854218 0.07003754 -0.7518823 0.6516309 0.1002503 -0.3912259 0.917956 0.06556814 2.65508e-7 0 -1 0.08612018 -0.9953423 -0.04332655 -0.04276639 -0.9950881 0.08928042 -0.04034709 -0.981743 0.1858842 -9.11197e-7 -3.42983e-7 -1 0.06105446 -0.004220366 -0.9981256 -0.9546843 0.2976208 -3.17763e-7 -1 0 -3.41681e-7 -0.9561072 0.2930174 -4.23674e-7 -1 0 -3.41681e-7 0.9281092 -0.1596459 -0.3363428 0.9003807 0.2839235 -0.3297001 0.9281083 0.1596505 -0.3363432 0.9003787 -0.2839311 -0.3296989 0.8134416 -0.4957701 -0.3041787 0.813441 0.4957708 -0.3041792 -0.5339928 -0.8454891 0 -0.5339927 -0.8454891 0 -0.5339927 -0.8454892 0 -0.2425373 0 0.9701421 -0.242538 0 0.970142 -0.2709077 0.1616384 0.9489374 -0.2619391 0.1062556 0.9592173 -0.1873674 -0.09782135 -0.977407 -0.04153764 6.61835e-7 -0.999137 -0.2854562 -0.1641332 -0.9442326 -0.3941879 -0.2381899 -0.887627 -0.8149554 0.5795238 -2.35877e-7 -0.8149555 0.5795236 0 -0.4751265 0.401672 -0.7828886 -0.06281965 0.6010826 -0.7967141 -0.06281965 0.6010826 -0.7967142 -0.2932065 0.331173 0.8968581 0.3346445 0.5499215 0.7652449 0.3346445 0.5499214 0.7652448 0.3346445 0.5499215 0.7652447 0.1187194 0.9929279 0 0.1187196 0.9929279 0 0.1187193 0.9929279 0 0.1187196 0.9929279 0 -0.9991831 -4.06943e-6 -0.04041373 -0.9991829 -3.27191e-5 -0.04041826 -0.8469663 -2.70295e-5 -0.5316465 -0.9588553 0.2679204 0.09389054 -0.3513274 0 -0.9362527 -0.2353768 -0.9713358 -0.03323572 -0.2978439 -0.9544563 -0.0173909 -0.3157467 -0.9487576 -0.0127725 -0.2218682 -0.9743893 -0.03660863 0.9302182 0.1055638 -0.3514975 0.8494914 0.173478 0.4982668 0.8494949 -0.1734753 0.4982619 0.8057469 0.5790326 0.1244721 0.767063 0.6357547 -0.08620011 0.5522506 0.7796682 -0.2951895 0.5555776 0.7664179 -0.322393 0.5588484 0.09055382 0.824311 0.6201363 -0.04888463 0.7829695 0.620136 0.04888737 0.7829697 0.5588483 -0.09055387 0.8243111 -0.9991831 4.23942e-6 -0.04041367 -0.846967 2.73953e-5 -0.5316457 -0.8518385 -0.5111669 -0.1143665 -0.6665816 -0.7263434 0.1676134 -0.8507343 -0.361755 0.3812932 -0.9446767 0.2793989 0.1718205 -0.9446761 -0.2794012 0.1718201 -0.9194997 0.2097423 0.3324585 -0.7363306 0 -0.676622 -0.7363302 -3.84808e-7 -0.6766224 0.271612 -0.1318643 -0.9533303 0.9302143 -0.1055625 -0.3515082 0.7670632 -0.6357544 -0.08620041 0.2716115 0.131862 -0.9533308 0.8057472 -0.5790322 0.1244719 0.7346618 -0.2183322 0.6423419 0.6836791 -0.09745043 0.7232471 -0.235377 0.9713357 -0.03323608 -0.2978439 0.9544562 -0.01739126 -0.2218683 0.9743892 -0.03660899 -0.3157466 0.9487577 -0.01277291 0.6836782 0.09745359 0.7232476 -0.3475105 0.9154808 -0.2028092 -0.2344911 0.9500152 -0.206119 -0.5264979 0.8364684 -0.1520546 -0.04184311 0.8902251 -0.4535949 -0.05329602 0.8700236 -0.490121 -0.3513308 0 -0.9362514 -0.3513307 0 -0.9362514 0.4453847 -0.08060604 0.8917036 -0.4488729 -0.8846134 -0.1263815 -0.3388349 -0.940846 -9.2194e-5 -0.3865616 -0.8510956 0.3552557 0.2920891 0.008891224 0.9563499 -0.3475095 -0.9154813 -0.2028086 -0.23449 -0.9500157 -0.206118 0.3124069 -0.8624656 -0.3981897 0.2743732 -0.8710126 -0.4075002 0.3716513 -0.02312922 0.9280842 0.7346617 0.2183323 0.642342 0.4453855 0.08060604 0.8917031 -0.411782 0.8917837 0.1875035 -0.4488725 0.8846136 -0.1263815 -0.3388369 0.9408451 -9.37967e-5 -0.3865623 0.8510956 0.355255 -0.3915616 0.8003333 0.4540334 0.2920899 -0.008891165 0.9563496 0.3716529 0.02312922 0.9280837 0.3311406 -0.7985287 -0.5026906 0.08194184 -0.4729913 -0.8772485 0.3832949 -0.1798089 -0.9059547 0.5700843 0.6991287 -0.4315357 0.3812513 0.2191103 -0.8981304 0.154461 0.4467869 -0.8812056 -0.3117242 -0.872556 -0.3761306 -0.7851339 -0.6124852 -0.09179717 -0.6889334 -0.6621455 -0.2948461 -0.3117244 0.872556 -0.3761304 -0.6889351 0.6621444 -0.2948447 -0.768154 0.6237756 -0.1443731 -0.007719695 0.5012944 -0.8652424 -0.2462427 -0.4999433 -0.8303141 -0.1033767 0.4355121 -0.8942273 0.03357392 0.3635985 -0.9309507 -0.1676611 -2.74892e-7 -0.9858447 -0.1676667 3.32018e-7 -0.9858438 -0.1676592 -4.74649e-7 -0.9858451 -0.1676681 4.85033e-7 -0.9858435 0.07238078 0.8375142 -0.5416005 -0.1491038 -0.4573444 -0.8767008 0.8219248 0.4184739 0.3864185 0.7758678 0.3551805 -0.5214173 0.6627314 0.7381229 0.1263395 0.7429994 -0.3962368 -0.5393963 0.8352474 -0.3821508 0.3953765 0.4255001 -0.8904722 0.1612729 0.1567171 0.9706919 0.1822003 0.3917961 -0.9067422 0.1559317 -0.2862929 -0.8588888 0.4246724 -0.3857012 -0.9125131 -0.1362146 0.5788112 -0.2334783 0.781323 0.5999264 0.2185684 0.7696208 -0.2862938 0.8588885 0.4246723 0.08933246 0.9880823 0.1253519 -0.3397787 0.934343 -0.1074886 0.6585447 0.7309464 0.1789864 0.9969385 -0.07819068 3.4314e-7 0.9969385 -0.07819068 3.4314e-7 0.9969385 -0.07819068 3.4314e-7 -0.7980483 -0.2897182 -0.5283771 -0.6328126 -0.3854078 -0.6715722 -1 0 0 -0.2188838 -0.4823472 -0.8481928 -0.1342339 -0.4698167 -0.8724985 -0.4202681 0.7245637 -0.5462437 -0.5892044 0.7318542 -0.3423851 -0.5867692 0.7517082 -0.3010594 -0.8567836 -7.95671e-6 -0.5156762 -0.8567712 -2.96189e-5 -0.5156968 -0.8567798 -1.43442e-5 -0.5156826 -0.8567867 1.52784e-5 -0.5156711 -0.8567867 1.15796e-5 -0.5156712 -0.7402527 -0.2045873 -0.6404452 -0.6305997 -0.3631615 -0.6858993 -0.4996126 -0.6239284 -0.6009165 0.7036526 0.04789191 -0.7089283 0.6892361 -0.09766435 -0.7179244 0.7036507 -0.04789274 -0.7089303 0.6892374 0.09766489 -0.7179229 0.6880764 0.07447415 -0.7218064 0.688076 -0.07447403 -0.7218068 0.3396615 -0.8678023 -0.3626974 0.003745019 0.9350939 -0.3543803 0.5631794 0.7524597 -0.3415166 -0.1236171 -0.7866247 0.6049301 -0.1852489 -0.2427901 0.9522268 -0.1852549 -0.2427898 0.9522258 -0.1226782 -0.7846925 0.6076246 0.1976091 0.2456696 -0.9489979 -0.7161635 0.4911283 -0.4958858 0.1056888 0.7834372 -0.6124182 -0.6075724 0.1503589 -0.7799025 0.8464106 0.4892588 -0.2102734 0.8541061 0.1734738 -0.4903159 0.1206099 -0.7922016 -0.5982223 0.1871606 -0.2341488 -0.9540153 0.1871662 -0.2341485 -0.9540143 0.121734 -0.7817386 -0.6116091 -0.8541067 0.4774069 0.2063599 -0.116643 0.7859455 0.6071937 0.7127566 0.4981662 0.4937698 -0.1874142 0.2366129 0.9533574 -0.8543674 0.1537608 0.496401 0.603986 0.1597106 0.7808287 -0.1236153 0.7866238 0.6049316 -0.1852306 0.2427899 0.9522303 -0.1226829 0.7846925 0.6076237 -0.1852253 0.2427908 0.9522312 -0.716161 -0.4911326 -0.4958854 0.1976054 -0.2456683 -0.9489991 0.1056935 -0.7834362 -0.6124186 -0.607589 -0.1503521 -0.7798911 0.8464125 -0.4892562 -0.210272 0.8541081 -0.1734741 -0.4903123 0.187148 0.2341527 -0.9540169 0.1206108 0.7922037 -0.5982194 0.1871427 0.2341542 -0.9540176 0.1217425 0.7817363 -0.6116104 -0.8541057 -0.4774082 0.206361 -0.1166378 -0.7859498 0.607189 0.7127566 -0.4981662 0.4937696 -0.1874144 -0.2366138 0.9533571 -0.8543577 -0.1537669 0.4964158 0.6039659 -0.1597132 0.7808437 0.1448392 -0.6969668 0.7023239 0.4991773 -0.5057042 0.7036231 0.5763542 -0.1658967 0.8001838 -0.5564637 -0.5810245 0.5939349 0.5763511 0.1659016 0.800185 0.7200995 0.1262707 0.6822848 0.4991787 0.5056997 0.7036253 0.7200992 -0.1262716 0.6822848 -0.3314984 -0.299718 0.8945826 0.1448459 0.6969525 0.7023368 -0.5564561 0.5810326 0.5939342 -0.3314785 0.2997228 0.8945884 0.1767444 0.783582 -0.595618 0.9538654 0.03068232 0.2986628 0.2098121 0.7729744 -0.5987401 -0.4585779 0.8861229 -0.06702637 -0.2647203 0.9404704 -0.2131635 -0.1848409 0.9647107 -0.1875297 -0.6841115 0.7146268 -0.1459452 -0.4548454 0.795557 0.400256 -0.5591322 0.7071977 0.4327154 0.2635787 0.7054224 0.6579555 -0.7012374 0.6702164 -0.2430557 -0.2907529 0.9382817 -0.1873236 0.9828535 0.1823149 0.02757132 0.1632636 0.8848158 -0.4364011 0.8804349 0.4688079 -0.0710898 -0.4784788 0.8774813 0.03293758 -0.1144807 0.9603462 0.2542229 0.1552542 0.9164348 -0.3688405 0.775597 0.6310454 -0.01520365 -0.1791462 0.9700472 -0.1640577 -0.3249279 0.9439381 -0.05833405 0.5030179 0.6117774 0.6104928 0.7498143 0.5627563 0.3479712 0.3861107 0.5242069 0.7590294 -0.2647206 -0.9404704 -0.2131632 -0.4585778 -0.886123 -0.06702625 -0.1848408 -0.9647107 -0.1875298 -0.6841127 -0.7146258 -0.145945 -0.7012389 -0.6702151 -0.2430554 -0.5591325 -0.7071955 0.4327188 0.9828535 -0.1823151 0.02757102 0.163263 -0.8848159 -0.4364015 0.8804349 -0.4688078 -0.07108944 0.2098122 -0.7729741 -0.5987403 0.176747 -0.7835814 -0.595618 -0.2907541 -0.9382814 -0.1873234 -0.4548447 -0.7955583 0.400254 -0.1144812 -0.9603462 0.2542228 -0.4784777 -0.8774818 0.03293746 0.5030182 -0.6117783 0.6104918 0.263578 -0.7054193 0.6579593 0.1552541 -0.9164348 -0.3688408 0.7755973 -0.631045 -0.01520377 -0.3249281 -0.943938 -0.05833399 -0.1791464 -0.9700473 -0.164058 0.9538658 -0.03068262 0.2986618 0.3861111 -0.5242105 0.7590267 0.7498137 -0.5627573 0.3479709 0.7975991 0.5586784 0.2274072 0.9652622 -0.1261988 0.2287855 0.7228376 0.6905248 0.02610146 0.8779858 -0.1767708 0.4448519 0.4801038 0.7905142 0.3802469 0.06388181 0.7501444 0.6581813 -0.1170401 0.9592026 0.2573558 -0.5864561 0.7863353 0.1942833 -0.6030747 0.5507806 0.5770111 -0.9846076 0.08058089 0.155096 -0.5870482 0.8090825 0.02757108 -0.5573523 0.7904716 0.2539945 -0.06574845 0.997222 0.03501039 0.09555035 0.956496 0.2756547 -0.8746297 -0.434095 0.2158339 0.5368705 -0.8387278 -0.09113693 0.9228433 -0.3482765 -0.1645107 0.09821915 -0.9786828 -0.1803696 -0.3527769 -0.9226737 -0.1556332 -0.5337352 -0.8148204 -0.2262623 -0.9093154 0.4116135 0.06099086 -0.5883482 -0.789635 -0.1741356 -0.007734835 0.997046 0.07641768 -0.3425173 0.9392198 -0.02341532 -0.7945588 0.6034567 -0.06720411 -0.225407 -0.9056737 -0.3590917 0.3359179 -0.8864699 -0.3183244 -0.2043412 -0.9273027 -0.3136152 -0.9079561 -0.2990896 -0.2935325 -0.9719894 0.1841417 -0.1460426 -0.9475942 0.234355 -0.2171247 -0.5617698 -0.7716196 -0.2983592 0.9146595 -0.3731914 -0.1553266 -0.9846076 -0.08058124 0.1550955 -0.6030748 -0.5507808 0.5770108 -0.8746303 0.4340941 0.2158334 -0.586456 -0.7863355 0.1942833 -0.5870483 -0.8090823 0.0275709 -0.1170398 -0.9592025 0.2573562 0.4801045 -0.7905139 0.3802468 0.06388175 -0.7501445 0.6581811 0.8779861 0.1767708 0.444851 0.7975998 -0.5586779 0.2274063 0.9652622 0.1261988 0.2287855 0.7228378 -0.6905247 0.02610158 0.9228432 0.3482769 -0.1645106 -0.06574851 -0.997222 0.03501039 0.09554892 -0.9564962 0.2756547 -0.5573529 -0.7904712 0.2539941 0.5368708 0.8387275 -0.09113729 0.09821927 0.9786826 -0.18037 -0.3527769 0.9226737 -0.1556335 -0.5337352 0.8148202 -0.2262626 -0.5883487 0.7896346 -0.1741356 -0.3425175 -0.9392197 -0.02341526 -0.007734477 -0.9970459 0.07641786 -0.7945586 -0.6034571 -0.06720417 -0.9093154 -0.4116135 0.06099098 -0.9475941 -0.2343549 -0.2171248 -0.9719894 -0.1841422 -0.1460427 -0.5617696 0.7716196 -0.2983592 -0.2043411 0.9273028 -0.3136151 -0.225407 0.9056737 -0.3590918 0.335918 0.8864698 -0.3183244 0.9146595 0.3731915 -0.1553263 -0.9079561 0.2990894 -0.2935327 0.5955226 0.8030694 0.02079927 0.7391722 0.671595 0.05083888 0.9751554 -0.1624958 -0.1505559 0.5955225 -0.8030694 0.02079963 0.7391725 -0.6715947 0.0508393 0.9751556 0.1624952 -0.1505557 0.2932354 -0.3119701 0.9037078 0.5157964 -0.1966003 0.8338481 0.7393509 -0.02333128 0.6729161 -0.7187974 -0.2076659 0.6634797 -0.2442102 -0.3417587 0.9075034 -0.9545693 -0.02762657 0.2967059 0.5157962 0.1966001 0.8338481 0.2932357 0.3119699 0.9037078 0.7393505 0.02333128 0.6729164 -0.7187979 0.2076655 0.6634792 -0.2442086 0.3417589 0.9075037 -0.9545696 0.02762591 0.2967047 0.8902227 0.3057087 -0.3377068 0.8137755 0.4598655 -0.3553776 0.8995591 -0.1320114 -0.4163728 0.6714584 -0.6428272 -0.368669 0.7943254 -0.2231929 -0.5650063 -0.565475 0.3879484 -0.7278284 -0.5418494 0.4942828 -0.6797676 0.09151977 0.8521031 -0.5153101 0.3742916 0.7883039 -0.4883472 0.6407317 0.6335287 -0.43371 0.8958085 -0.102249 0.4325187 0.6866202 -0.7075638 0.1670514 0.210292 -0.9193094 0.3326373 0.8290565 -0.1025049 0.5496891 0.02101922 -0.85844 0.5124831 0.7445404 0.3796341 0.5491245 0.8381235 0.2363613 0.4916121 -0.05956155 -0.5169091 0.8539657 -0.1150412 -0.6485068 0.7524656 -0.2048762 -0.570673 -0.7952096 -0.08538055 -0.6988043 -0.7101991 -0.5348881 -0.429623 -0.7275431 -0.537479 -0.3673363 -0.7590655 -0.324713 0.1523416 0.9334633 -0.4912931 0.5324819 0.6892707 -0.4274102 0.2006803 0.8815032 -0.4550653 0.6374585 0.6217414 0.4067847 0.7508991 0.520266 0.2330492 0.8350442 0.4983869 0.641544 0.539548 0.5452608 -0.6576912 0.02165251 -0.7529765 -0.6875526 0.05306321 -0.7241932 -0.5418477 -0.494282 -0.6797694 0.09151661 -0.8521041 -0.515309 0.3742889 -0.7883051 -0.4883471 -0.5654739 -0.3879474 -0.7278298 0.64073 -0.6335299 -0.4337108 0.671458 0.6428281 -0.3686684 0.8995596 0.1320111 -0.4163721 0.7943264 0.2231925 -0.565005 0.8137755 -0.4598659 -0.3553771 0.8902226 -0.3057094 -0.3377064 -0.1150431 0.6485069 0.7524652 0.02101975 0.8584403 0.5124828 0.2102926 0.9193094 0.332637 -0.05956435 0.5169088 0.8539658 0.6415458 -0.5395478 0.5452589 0.4067858 -0.7509 0.520264 0.7445406 -0.3796339 0.5491243 0.233049 -0.8350453 0.498385 -0.4550687 -0.6374586 0.6217388 -0.4912967 -0.5324814 0.6892686 -0.6875549 -0.05306386 -0.724191 -0.657695 -0.02165353 -0.752973 -0.4274106 -0.2006793 0.8815033 -0.3247108 -0.1523404 0.9334642 0.8958081 0.1022487 0.4325196 0.8381223 -0.2363618 0.4916138 -0.5374773 0.3673363 -0.7590667 -0.5348874 0.4296239 -0.7275431 -0.2048738 0.5706753 -0.7952085 -0.08537936 0.6988067 -0.7101969 0.6866204 0.7075637 0.1670511 0.8290567 0.1025049 0.5496886 -0.9587038 -0.2820325 -0.03666943 -0.6363205 -0.7665395 0.08667951 -0.8191404 -0.2585909 0.5119958 0.6551027 0.6043199 0.4534733 -0.0505495 0.9615624 0.2698938 -0.1257796 0.7286753 0.6732101 5.56601e-4 0.9998224 0.01883685 0.658671 0.7217276 0.2127485 -0.06190758 0.9788756 -0.1948587 -0.9585123 -0.2578862 -0.1214457 -0.5091195 -0.8386693 -0.1934716 -0.8304314 -0.5542821 0.05617219 -0.9881334 -0.1382997 0.06682616 -0.02851933 -0.9913246 0.128305 -0.08979916 -0.8960747 0.4347257 0.06488025 0.1563454 -0.9855693 0.0569055 0.1586925 -0.9856868 0.06061857 0.155537 -0.9859684 0.9121381 -0.1683551 0.3737123 0.695044 -0.163235 0.7001916 0.05734455 0.1558427 -0.9861159 -0.6363211 0.7665392 0.08667951 -0.9587039 0.2820324 -0.03666889 -0.8191401 0.2585911 0.5119963 -0.8304315 0.554282 0.05617219 -0.9881334 0.1382998 0.06682604 -0.9585122 0.2578862 -0.1214457 -0.5091199 0.8386691 -0.1934717 0.05734658 -0.1558426 -0.9861159 0.05690741 -0.1586925 -0.9856868 0.06061846 -0.155537 -0.9859685 5.56458e-4 -0.9998224 0.01883721 0.6586709 -0.7217274 0.2127496 0.6551021 -0.6043198 0.4534742 -0.06190741 -0.9788756 -0.1948589 -0.08979958 0.8960751 0.4347248 -0.02851963 0.9913244 0.1283062 0.9121373 0.1683558 0.3737136 0.6950443 0.1632351 0.7001913 0.06488025 -0.1563453 -0.9855693 -0.05054932 -0.9615624 0.2698938 -0.1257795 -0.7286749 0.6732106 -0.1476917 -0.9848704 -0.09064972 -0.3327505 -0.8080054 -0.4862144 0.2309781 -0.9697961 -0.07838839 0.2021339 -0.8482172 -0.4895606 0.0300737 -0.9426939 -0.3323008 0.7142467 -0.3961308 0.5770028 0.9626845 -0.2063297 0.1751195 0.9749614 0.08283811 0.2063693 0.8528025 -0.4298714 0.2965444 0.7714987 -0.2822337 0.5702053 -0.7644712 -0.4481858 -0.4633716 0.1294082 -0.9154146 0.3811427 -0.5431212 -0.8249815 0.1562845 0.5840628 -0.7972874 0.1523275 0.05759859 0.1538534 -0.9864135 0.06027173 0.1530401 -0.9863803 -0.8918507 -0.4064429 0.1985114 -0.8918506 -0.4064429 0.1985114 -0.8918507 -0.4064429 0.1985114 -0.09527856 -0.4366116 0.8945906 -0.09527856 -0.4366116 0.8945907 0.8241676 -0.4279702 0.3709302 0.8241676 -0.4279702 0.3709302 0.8241676 -0.4279702 0.3709302 -0.001477837 -0.9894365 -0.1449599 -0.001477837 -0.9894365 -0.1449599 -0.1512402 0.4329794 -0.8886255 -0.319638 0.3043401 -0.8973342 0.1370879 0.6272079 -0.7666925 0.3381544 0.4134948 -0.8453838 0.8860038 0.3754499 -0.2720931 0.2683643 0.7786102 -0.5672273 0.6992141 0.7126978 0.05622887 -0.06651645 0.6620984 -0.7464592 0.04132622 0.4083529 -0.9118882 -0.9746119 -0.1479412 -0.1680628 0.6363793 -0.7629152 -0.1139383 0.123928 0.5028146 -0.8554645 -0.6424698 -0.3633309 -0.6747024 0.05436062 0.4661118 -0.8830542 0.05436062 0.4661118 -0.8830541 0.05436062 0.4661119 -0.8830542 0.05436074 -0.4661127 -0.8830538 0.05436074 -0.4661127 -0.8830538 0.05436074 -0.4661127 -0.8830538 0.6992141 -0.7126978 0.05622875 0.9749614 -0.08283805 0.2063693 0.8860037 -0.3754502 -0.2720929 0.1370878 -0.627208 -0.7666923 0.2683647 -0.7786102 -0.5672273 0.3381547 -0.4134945 -0.8453838 -0.1512394 -0.4329792 -0.8886257 -0.001477897 0.9894368 -0.1449576 -0.001477897 0.9894368 -0.1449576 -0.3196375 -0.3043404 -0.8973343 -0.06651675 -0.6620981 -0.7464594 0.06027138 -0.15304 -0.9863803 0.05760324 -0.1538532 -0.9864133 0.1294081 0.9154145 0.3811428 0.5840629 0.7972872 0.1523279 -0.543121 0.8249816 0.156285 0.2309777 0.9697961 -0.07838928 0.7714983 0.2822337 0.5702058 -0.147692 0.9848707 -0.09064769 -0.3327509 0.8080044 -0.4862157 -0.9746118 0.1479415 -0.1680628 0.7142463 0.3961314 0.5770029 0.8528026 0.4298716 0.2965441 -0.7644731 0.4481852 -0.4633693 0.9626845 0.2063298 0.1751191 -0.6424735 0.3633301 -0.6746993 0.04132533 -0.408353 -0.9118882 0.1239253 -0.5028148 -0.8554646 0.6363804 0.7629142 -0.1139385 0.03007405 0.9426937 -0.3323015 0.2021336 0.8482162 -0.4895626 -0.891851 0.4064421 0.1985113 -0.891851 0.4064421 0.1985113 -0.8918511 0.4064421 0.1985113 -0.09527915 0.4366114 0.8945906 -0.09527915 0.4366114 0.8945906 0.8241693 0.4279684 0.3709287 0.8241693 0.4279684 0.3709287 0.8241693 0.4279685 0.3709287 -0.9510564 0 0.3090173 -0.9510565 0 0.3090174 0.8478251 0.4255402 0.3163989 0.8478247 0.4255406 0.3163993 0.8478247 0.4255406 0.3163993 0.8478243 0.4255411 0.3163996 -0.9510565 0 0.3090173 -0.3057191 0.7736583 0.5549672 -0.305719 0.7736586 0.5549669 -0.305719 0.7736586 0.5549668 -0.305719 0.773659 0.5549665 -0.3057199 -0.7736589 0.554966 -0.3057187 -0.7736594 0.554966 -0.3057199 -0.773659 0.554966 -0.3057211 -0.7736585 0.554966</float_array>
          <technique_common>
            <accessor source="#chest_mp_beta-mesh-normals-array" count="1114" stride="3">
              <param name="X" type="float"/>
              <param name="Y" type="float"/>
              <param name="Z" type="float"/>
            </accessor>
          </technique_common>
        </source>
        <source id="chest_mp_beta-mesh-map-0">
          <float_array id="chest_mp_beta-mesh-map-0-array" count="5844">0.535088 0.274338 0.514579 0.280787 0.548108 0.280603 0.504796 0.263578 0.511503 0.281453 0.5082 0.261966 0.551947 0.283496 0.551947 0.283496 0.557534 0.26939 0.5082 0.261966 0.504796 0.263578 0.50826 0.26039 0.511503 0.281453 0.511788 0.284068 0.514081 0.282681 0.504796 0.263578 0.50826 0.26039 0.504796 0.263578 0.508202 0.282258 0.511503 0.281453 0.508649 0.283566 0.504796 0.263578 0.508649 0.283566 0.508202 0.282258 0.511503 0.281453 0.508202 0.282258 0.508649 0.283566 0.557533 0.26939 0.557534 0.26939 0.552266 0.269482 0.504796 0.263578 0.5082 0.261966 0.50826 0.26039 0.550467 0.275503 0.552266 0.269482 0.557534 0.26939 0.557534 0.26939 0.551947 0.283496 0.550467 0.275503 0.550467 0.275503 0.551947 0.283496 0.557533 0.26939 0.548108 0.280603 0.550467 0.275503 0.551947 0.283496 0.514579 0.280787 0.515296 0.271986 0.511503 0.281453 0.514579 0.280787 0.514081 0.282681 0.549254 0.282408 0.549254 0.282408 0.514579 0.280787 0.548108 0.280603 0.51531 0.270367 0.515296 0.271986 0.5082 0.261966 0.515296 0.271986 0.514579 0.280787 0.511503 0.281453 0.515296 0.271986 0.51531 0.270367 0.50826 0.26039 0.51531 0.270367 0.515296 0.271986 0.535088 0.274338 0.514579 0.280787 0.535088 0.274338 0.515296 0.271986 0.511503 0.281453 0.511788 0.284068 0.508649 0.283566 0.511503 0.281453 0.514579 0.280787 0.514081 0.282681 0.51531 0.270367 0.535088 0.274338 0.515296 0.271986 0.515296 0.271986 0.535088 0.274338 0.514579 0.280787 0.535088 0.274338 0.535105 0.272507 0.51531 0.270367 0.504796 0.263578 0.5082 0.261966 0.511503 0.281453 0.504796 0.263578 0.508202 0.282258 0.511503 0.281453 0.504796 0.263578 0.508202 0.282258 0.508649 0.283566 0.508202 0.282258 0.504796 0.263578 0.504796 0.263578 0.548108 0.280603 0.514579 0.280787 0.535088 0.274338 0.511503 0.281453 0.515296 0.271986 0.5082 0.261966 0.549254 0.282408 0.548108 0.280603 0.514579 0.280787 0.535088 0.274338 0.51531 0.270367 0.535105 0.272507 0.514579 0.280787 0.549254 0.282408 0.514081 0.282681 0.50826 0.26039 0.51531 0.270367 0.5082 0.261966 0.5082 0.261966 0.515296 0.271986 0.511503 0.281453 0.5082 0.261966 0.515296 0.271986 0.50826 0.26039 0.511503 0.281453 0.508202 0.282258 0.504796 0.263578 0.514579 0.280787 0.511503 0.281453 0.514081 0.282681 0.535088 0.274338 0.535105 0.272507 0.552266 0.269482 0.552266 0.269482 0.550467 0.275503 0.535088 0.274338 0.551947 0.283496 0.548108 0.280603 0.549254 0.282408 0.535105 0.272507 0.535088 0.274338 0.552266 0.269482 0.550467 0.275503 0.552266 0.269482 0.535088 0.274338 0.548108 0.280603 0.550467 0.275503 0.535088 0.274338 0.548108 0.280603 0.535088 0.274338 0.550467 0.275503 0.548108 0.280603 0.551947 0.283496 0.549254 0.282408 0.511503 0.281453 0.508649 0.283566 0.511788 0.284068 0.511503 0.281453 0.514081 0.282681 0.511788 0.284068 0.548108 0.280603 0.551947 0.283496 0.550467 0.275503 0.551947 0.283496 0.551947 0.283496 0.549254 0.282408 0.550467 0.275503 0.557533 0.26939 0.552266 0.269482 0.557533 0.26939 0.551947 0.283496 0.557534 0.26939 0.1457037 0.47876 0.06739163 0.4396189 0.1360997 0.4396189 0.06739163 0.4396189 0.1457037 0.47876 0.05778765 0.47876 0.1844599 0.5143509 0.05778765 0.47876 0.1457037 0.47876 0.05778765 0.47876 0.1844599 0.5143509 0.02453011 0.5140097 0.1846729 0.5378798 0.02453011 0.5140097 0.1844599 0.5143509 0.02453011 0.5140097 0.1846729 0.5378798 0.02468293 0.537994 0.1844599 0.5143509 0.2240527 0.5139348 0.2240527 0.537805 0.3363698 0.5063489 0.29993 0.5378757 0.2998932 0.5075708 0.29993 0.5378757 0.3363698 0.5063489 0.4042137 0.5187792 0.4083068 0.4725621 0.4042137 0.5187792 0.3363698 0.5063489 0.4042137 0.5187792 0.4083068 0.4725621 0.4469538 0.4725621 0.2240527 0.5139348 0.29993 0.5378757 0.2240527 0.537805 0.29993 0.5378757 0.2240527 0.5139348 0.2998932 0.5075708 0.413919 0.4362684 0.4145807 0.3645793 0.4423199 0.3648212 0.4423199 0.3648212 0.4145807 0.3645793 0.406066 0.3106174 0.06739163 0.4396189 0.07888978 0.4217415 0.1246016 0.4217415 0.4083068 0.4725621 0.413919 0.4362684 0.4417302 0.4365109 0.06739163 0.4396189 0.1246016 0.4217415 0.1360997 0.4396189 0.1846729 0.5378798 0.2240527 0.537805 0.1844599 0.5143509 0.4083068 0.4725621 0.4417302 0.4365109 0.4469538 0.4725621 0.4042137 0.5187792 0.4469538 0.4725621 0.4510462 0.5187792 0.29993 0.5378757 0.2240527 0.5139348 0.2240527 0.537805 0.2240527 0.5139348 0.29993 0.5378757 0.2998932 0.5075708 0.3363698 0.5063489 0.2998932 0.5075708 0.29993 0.5378757 0.2240527 0.5139348 0.1844599 0.5143509 0.2240527 0.537805 0.4517754 0.3110163 0.4423199 0.3648212 0.406066 0.3106174 0.4423199 0.3648212 0.4417302 0.4365109 0.413919 0.4362684 0.4083068 0.4725621 0.3363698 0.5063489 0.4042137 0.5187792 0.2240527 0.537805 0.1846729 0.5378798 0.1844599 0.5143509 0.4042137 0.5187792 0.3363698 0.5063489 0.29993 0.5378757 0.3940899 0.4318776 0.324927 0.4041273 0.3251811 0.4747121 0.324927 0.4041273 0.3940899 0.4318776 0.3937467 0.3923069 0.01811879 0.4319052 0.07653909 0.4063141 0.01796907 0.3923444 0.07653909 0.4063141 0.01811879 0.4319052 0.01796907 0.3923444 0.324927 0.4041273 0.3940899 0.4318776 0.3251811 0.4747121 0.3940899 0.4318776 0.324927 0.4041273 0.3937467 0.3923069 0.2409874 0.4749079 0.2035827 0.3901128 0.1847527 0.4365728 0.2035827 0.3901128 0.2409874 0.4749079 0.2638246 0.4044667 0.3251811 0.4747121 0.2638246 0.4044667 0.2409874 0.4749079 0.2638246 0.4044667 0.3251811 0.4747121 0.324927 0.4041273 0.1847527 0.4365728 0.2035827 0.3901128 0.1295546 0.4023762 0.2655481 0.3131669 0.2558925 0.2349371 0.202921 0.2960929 0.2035827 0.3901128 0.2655481 0.3131669 0.202921 0.2960929 0.2655481 0.3131669 0.2035827 0.3901128 0.2638246 0.4044667 0.1295945 0.3770232 0.1295546 0.4023762 0.2035827 0.3901128 0.07982146 0.2359368 0.06822454 0.3043884 0.1299886 0.2961788 0.3251302 0.3146185 0.2655481 0.3131669 0.324927 0.4041273 0.2638246 0.4044667 0.324927 0.4041273 0.2655481 0.3131669 0.2035827 0.3901128 0.202921 0.2960929 0.1295945 0.3770232 0.3877657 0.3135488 0.3251302 0.3146185 0.3937467 0.3923069 0.3937467 0.3923069 0.3251302 0.3146185 0.324927 0.4041273 0.1299886 0.2961788 0.1295945 0.3770232 0.202921 0.2960929 0.06822454 0.3043884 0.01194626 0.3135315 0.07653909 0.4063141 0.06822454 0.3043884 0.07653909 0.4063141 0.1299886 0.2961788 0.1299886 0.2961788 0.07653909 0.4063141 0.1295945 0.3770232 0.01796907 0.3923444 0.07653909 0.4063141 0.01194626 0.3135315 0.1295546 0.4023762 0.1295945 0.3770232 0.07653909 0.4063141 0.1295945 0.3770232 0.1295546 0.4023762 0.07653909 0.4063141 0.07653909 0.4063141 0.1299886 0.2961788 0.1295945 0.3770232 0.1299886 0.2961788 0.07653909 0.4063141 0.06822454 0.3043884 0.01194626 0.3135315 0.06822454 0.3043884 0.07653909 0.4063141 0.07653909 0.4063141 0.01796907 0.3923444 0.01194626 0.3135315 0.2558925 0.2349371 0.2655481 0.3131669 0.3269867 0.2461572 0.01194626 0.3135315 0.06822454 0.3043884 0.00873202 0.2463622 0.3251302 0.3146185 0.3269867 0.2461572 0.2655481 0.3131669 0.3269867 0.2461572 0.3251302 0.3146185 0.3877657 0.3135488 0.3844275 0.2464505 0.3269867 0.2461572 0.3877657 0.3135488 0.07982146 0.2359368 0.00873202 0.2463622 0.06822454 0.3043884 0.2655481 0.3131669 0.2035827 0.3901128 0.202921 0.2960929 0.2035827 0.3901128 0.2655481 0.3131669 0.2638246 0.4044667 0.324927 0.4041273 0.2638246 0.4044667 0.2655481 0.3131669 0.2638246 0.4044667 0.324927 0.4041273 0.3251811 0.4747121 0.2035827 0.3901128 0.2409874 0.4749079 0.1847527 0.4365728 0.2409874 0.4749079 0.2035827 0.3901128 0.2638246 0.4044667 0.06822454 0.3043884 0.07982146 0.2359368 0.1299886 0.2961788 0.3251302 0.3146185 0.3877657 0.3135488 0.3937467 0.3923069 0.3877657 0.3135488 0.3251302 0.3146185 0.3269867 0.2461572 0.1295945 0.3770232 0.1299886 0.2961788 0.202921 0.2960929 0.2558925 0.2349371 0.2655481 0.3131669 0.202921 0.2960929 0.2655481 0.3131669 0.2558925 0.2349371 0.3269867 0.2461572 0.3269867 0.2461572 0.3251302 0.3146185 0.2655481 0.3131669 0.1295546 0.4023762 0.1295945 0.3770232 0.2035827 0.3901128 0.2035827 0.3901128 0.1847527 0.4365728 0.1295546 0.4023762 0.3251302 0.3146185 0.3937467 0.3923069 0.324927 0.4041273 0.2638246 0.4044667 0.3251811 0.4747121 0.2409874 0.4749079 0.2655481 0.3131669 0.3251302 0.3146185 0.324927 0.4041273 0.202921 0.2960929 0.2035827 0.3901128 0.1295945 0.3770232 0.06822454 0.3043884 0.01194626 0.3135315 0.00873202 0.2463622 0.3269867 0.2461572 0.3844275 0.2464505 0.3877657 0.3135488 0.00873202 0.2463622 0.07982146 0.2359368 0.06822454 0.3043884 0.00971651 0.1636672 0.009366035 0.2388498 0.08006572 0.1806566 0.259338 0.1796243 0.3273446 0.2393837 0.3272611 0.1637654 0.3747713 0.04399544 0.3272611 0.1637654 0.3854174 0.1636813 0.3272611 0.1637654 0.3747713 0.04399544 0.3397381 0.04415684 0.3273446 0.2393837 0.3559861 0.1959796 0.3272611 0.1637654 0.3559861 0.1959796 0.3273446 0.2393837 0.3565415 0.2431356 0.2441912 0.1138696 0.3272611 0.1637654 0.3397381 0.04415684 0.3272611 0.1637654 0.2441912 0.1138696 0.259338 0.1796243 0.008898973 0.04391682 0.00971651 0.1636672 0.08494019 0.1150063 0.1310644 0.150709 0.08494019 0.1150063 0.08006572 0.1806566 0.08494019 0.1150063 0.1310644 0.150709 0.1311614 0.1141335 0.08494019 0.1150063 0.00971651 0.1636672 0.08006572 0.1806566 0.1311614 0.1141335 0.20353 0.1504414 0.2034863 0.1139414 0.20353 0.1504414 0.1311614 0.1141335 0.1310644 0.150709 0.2034863 0.1139414 0.20353 0.1504414 0.2441912 0.1138696 0.08494019 0.1150063 0.08930706 0.1049419 0.008898973 0.04391682 0.08930706 0.1049419 0.08494019 0.1150063 0.1311614 0.1141335 0.2441912 0.1138696 0.20353 0.1504414 0.259338 0.1796243 0.1302874 0.1037543 0.08930706 0.1049419 0.1311614 0.1141335 0.2035661 0.1043484 0.1302874 0.1037543 0.2034863 0.1139414 0.2363737 0.1045522 0.2034863 0.1139414 0.2441912 0.1138696 0.2034863 0.1139414 0.2363737 0.1045522 0.2028566 0.1046357 0.1311614 0.1141335 0.2034863 0.1139414 0.1302874 0.1037543 0.3272611 0.1637654 0.3559861 0.1959796 0.3854174 0.1636813 0.3559861 0.1959796 0.3851131 0.2389044 0.3854174 0.1636813 0.3851131 0.2389044 0.3559861 0.1959796 0.3565415 0.2431356 0.3397381 0.04415684 0.2363737 0.1045522 0.2441912 0.1138696 0.08930706 0.1049419 0.1302874 0.1037543 0.1311614 0.1141335 0.2034863 0.1139414 0.1311614 0.1141335 0.1302874 0.1037543 0.1311614 0.1141335 0.2034863 0.1139414 0.20353 0.1504414 0.20353 0.1504414 0.2034863 0.1139414 0.2441912 0.1138696 0.20353 0.1504414 0.2441912 0.1138696 0.259338 0.1796243 0.20353 0.1504414 0.1310644 0.150709 0.1311614 0.1141335 0.00971651 0.1636672 0.008898973 0.04391682 0.08494019 0.1150063 0.08494019 0.1150063 0.1311614 0.1141335 0.1310644 0.150709 0.1311614 0.1141335 0.08494019 0.1150063 0.08930706 0.1049419 0.08494019 0.1150063 0.1310644 0.150709 0.08006572 0.1806566 0.3272611 0.1637654 0.2441912 0.1138696 0.3397381 0.04415684 0.2441912 0.1138696 0.3272611 0.1637654 0.259338 0.1796243 0.00971651 0.1636672 0.08494019 0.1150063 0.08006572 0.1806566 0.3273446 0.2393837 0.259338 0.1796243 0.3272611 0.1637654 0.3272611 0.1637654 0.3397381 0.04415684 0.3747713 0.04399544 0.3272611 0.1637654 0.3747713 0.04399544 0.3854174 0.1636813 0.2034863 0.1139414 0.2028566 0.1046357 0.2363737 0.1045522 0.009366035 0.2388498 0.00971651 0.1636672 0.08006572 0.1806566 0.2034863 0.1139414 0.2363737 0.1045522 0.2441912 0.1138696 0.3565415 0.2431356 0.3273446 0.2393837 0.3559861 0.1959796 0.3559861 0.1959796 0.3273446 0.2393837 0.3272611 0.1637654 0.08930706 0.1049419 0.08494019 0.1150063 0.008898973 0.04391682 0.3851131 0.2389044 0.3559861 0.1959796 0.3854174 0.1636813 0.3559861 0.1959796 0.3851131 0.2389044 0.3565415 0.2431356 0.3559861 0.1959796 0.3272611 0.1637654 0.3854174 0.1636813 0.2363737 0.1045522 0.3397381 0.04415684 0.2441912 0.1138696 0.1302874 0.1037543 0.2035661 0.1043484 0.2034863 0.1139414 0.3321487 0.9719822 0.3428955 0.952367 0.4118522 0.9719821 0.5099373 0.9253957 0.5101338 0.9621745 0.4915395 0.9621745 0.3296814 0.8746075 0.290347 0.8998997 0.3295781 0.8998996 0.290347 0.8998997 0.3296814 0.8746075 0.2898573 0.8746075 0.510236 0.9621745 0.5099373 0.9253957 0.4915395 0.9621745 0.5099373 0.9253957 0.510236 0.9621745 0.5448182 0.9254997 0.3983665 0.9339776 0.416756 0.9155882 0.4645683 0.9315254 0.3983665 0.9339776 0.4645683 0.9315254 0.416756 0.9155882 0.4645683 0.9315254 0.3983665 0.9339776 0.4547606 0.9621746 0.4118522 0.9719821 0.4547606 0.9621746 0.3983665 0.9339776 0.2799025 0.9721961 0.3321559 0.9719822 0.2798683 0.9525809 0.5099373 0.9253957 0.4645683 0.9315254 0.4547606 0.9621746 0.4547606 0.9621746 0.4645683 0.9315254 0.5099373 0.9253957 0.4645683 0.9315254 0.4547606 0.9621746 0.3983665 0.9339776 0.4547606 0.9621746 0.5099373 0.9253957 0.4915395 0.9621745 0.5099373 0.9253957 0.4547606 0.9621746 0.4915395 0.9621745 0.3983665 0.9339776 0.4547606 0.9621746 0.4118522 0.9719821 0.4118522 0.9719821 0.3428955 0.952367 0.3983665 0.9339776 0.3322088 0.9525809 0.2798683 0.9525809 0.3321559 0.9719822 0.2798683 0.9525809 0.3322088 0.9525809 0.290347 0.8998997 0.544713 0.9622779 0.5448182 0.9254997 0.510236 0.9621745 0.3983665 0.9339776 0.3432025 0.952367 0.4118522 0.9719821 0.3321559 0.9719822 0.4118522 0.9719821 0.3432025 0.952367 0.290347 0.8998997 0.3322088 0.9525809 0.3295781 0.8998996 0.290347 0.8998997 0.2898573 0.8746075 0.3296814 0.8746075 0.3321559 0.9719822 0.2799025 0.9721961 0.2798683 0.9525809 0.3428955 0.952367 0.3321487 0.9719822 0.4118522 0.9719821 0.3428955 0.952367 0.4118522 0.9719821 0.3983665 0.9339776 0.416756 0.9155882 0.3983665 0.9339776 0.4645683 0.9315254 0.2798683 0.9525809 0.3322088 0.9525809 0.3321559 0.9719822 0.3322088 0.9525809 0.2798683 0.9525809 0.290347 0.8998997 0.4645683 0.9315254 0.3983665 0.9339776 0.416756 0.9155882 0.3983665 0.9339776 0.4645683 0.9315254 0.4547606 0.9621746 0.5099373 0.9253957 0.4547606 0.9621746 0.4645683 0.9315254 0.290347 0.8998997 0.3296814 0.8746075 0.3295781 0.8998996 0.3322088 0.9525809 0.290347 0.8998997 0.3295781 0.8998996 0.4118522 0.9719821 0.3321559 0.9719822 0.3432025 0.952367 0.3432025 0.952367 0.3983665 0.9339776 0.4118522 0.9719821 0.5448182 0.9254997 0.544713 0.9622779 0.510236 0.9621745 0.510236 0.9621745 0.5099373 0.9253957 0.5448182 0.9254997 0.5099373 0.9253957 0.510236 0.9621745 0.4915395 0.9621745 0.5101338 0.9621745 0.5099373 0.9253957 0.4915395 0.9621745 0.4547606 0.9621746 0.3983665 0.9339776 0.4118522 0.9719821 0.3983665 0.9339776 0.4547606 0.9621746 0.4645683 0.9315254 0.3983665 0.9339776 0.4547606 0.9621746 0.4118522 0.9719821 0.4547606 0.9621746 0.5099373 0.9253957 0.4915395 0.9621745 0.5099373 0.9253957 0.4547606 0.9621746 0.4915395 0.9621745 0.4547606 0.9621746 0.5099373 0.9253957 0.4645683 0.9315254 0.4024142 0.4401927 0.3940899 0.4318776 0.3272709 0.4958848 0.2998932 0.5075708 0.2521793 0.4945235 0.2240527 0.5139348 0.2521793 0.4945235 0.2998932 0.5075708 0.3272709 0.4958848 0.3363698 0.5063489 0.3272709 0.4958848 0.2998932 0.5075708 0.3272709 0.4958848 0.3363698 0.5063489 0.4083068 0.4725621 0.1844599 0.5143509 0.2240527 0.5139348 0.1845238 0.4893152 0.3940917 0.3038967 0.3939585 0.3253181 0.4067804 0.3645259 0.2240527 0.5139348 0.2521793 0.4945235 0.1845238 0.4893152 0.1381356 0.428942 0.1847527 0.4365728 0.1295546 0.4023762 0.1847527 0.4365728 0.1381356 0.428942 0.1845238 0.4893152 0.1360997 0.4396189 0.1845238 0.4893152 0.1381356 0.428942 0.1845238 0.4893152 0.1360997 0.4396189 0.1457037 0.47876 0.3251811 0.4747121 0.3272709 0.4958848 0.3940899 0.4318776 0.3272709 0.4958848 0.3251811 0.4747121 0.2521793 0.4945235 0.2409874 0.4749079 0.2521793 0.4945235 0.3251811 0.4747121 0.2521793 0.4945235 0.2409874 0.4749079 0.1847527 0.4365728 0.1845238 0.4893152 0.2521793 0.4945235 0.1847527 0.4365728 0.4024142 0.4401927 0.3272709 0.4958848 0.4083068 0.4725621 0.4145807 0.3645793 0.4067804 0.3645259 0.4024142 0.4401927 0.4067804 0.3645259 0.4145807 0.3645793 0.3940917 0.3038967 0.1844599 0.5143509 0.1845238 0.4893152 0.1457037 0.47876 0.4145807 0.3645793 0.406066 0.3106174 0.3940917 0.3038967 0.413919 0.4362684 0.4145807 0.3645793 0.4024142 0.4401927 0.1381356 0.428942 0.1246016 0.4217415 0.1360997 0.4396189 0.4024142 0.4401927 0.4083068 0.4725621 0.413919 0.4362684 0.3939585 0.3253181 0.4067804 0.3645259 0.3993675 0.3644106 0.3993675 0.3644106 0.4067804 0.3645259 0.4024142 0.4401927 0.4067804 0.3645259 0.3993675 0.3644106 0.4024142 0.4401927 0.3993675 0.3644106 0.4067804 0.3645259 0.3939585 0.3253181 0.3993675 0.3644106 0.4024142 0.4401927 0.3940899 0.4318776 0.4024142 0.4401927 0.3993675 0.3644106 0.3940899 0.4318776 0.1360997 0.4396189 0.1845238 0.4893152 0.1457037 0.47876 0.1845238 0.4893152 0.1360997 0.4396189 0.1381356 0.428942 0.1246016 0.4217415 0.1381356 0.428942 0.1360997 0.4396189 0.4145807 0.3645793 0.413919 0.4362684 0.4024142 0.4401927 0.3272709 0.4958848 0.4024142 0.4401927 0.4083068 0.4725621 0.4024142 0.4401927 0.3272709 0.4958848 0.3940899 0.4318776 0.3251811 0.4747121 0.3940899 0.4318776 0.3272709 0.4958848 0.406066 0.3106174 0.4145807 0.3645793 0.3940917 0.3038967 0.1845238 0.4893152 0.1844599 0.5143509 0.1457037 0.47876 0.1844599 0.5143509 0.1845238 0.4893152 0.2240527 0.5139348 0.4145807 0.3645793 0.4067804 0.3645259 0.3940917 0.3038967 0.4067804 0.3645259 0.4145807 0.3645793 0.4024142 0.4401927 0.3272709 0.4958848 0.4083068 0.4725621 0.3363698 0.5063489 0.4083068 0.4725621 0.4024142 0.4401927 0.413919 0.4362684 0.2521793 0.4945235 0.3272709 0.4958848 0.2998932 0.5075708 0.3272709 0.4958848 0.2521793 0.4945235 0.3251811 0.4747121 0.2409874 0.4749079 0.3251811 0.4747121 0.2521793 0.4945235 0.2998932 0.5075708 0.3272709 0.4958848 0.3363698 0.5063489 0.2521793 0.4945235 0.1845238 0.4893152 0.1847527 0.4365728 0.1845238 0.4893152 0.2521793 0.4945235 0.2240527 0.5139348 0.2998932 0.5075708 0.2240527 0.5139348 0.2521793 0.4945235 0.1847527 0.4365728 0.2409874 0.4749079 0.2521793 0.4945235 0.1847527 0.4365728 0.1845238 0.4893152 0.1381356 0.428942 0.1847527 0.4365728 0.1381356 0.428942 0.1295546 0.4023762 0.3939585 0.3253181 0.3940917 0.3038967 0.4067804 0.3645259 0.04119968 0.4303757 0.02364873 0.4585385 0.0199564 0.5070104 0.02364873 0.4585385 0.04119968 0.4303757 0.01216971 0.4403707 0.202921 0.2960929 0.1668206 0.2307003 0.1299886 0.2961788 0.1668206 0.2307003 0.202921 0.2960929 0.2558925 0.2349371 0.1668206 0.2307003 0.07982146 0.2359368 0.1299886 0.2961788 0.07982146 0.2359368 0.1668206 0.2307003 0.08006572 0.1806566 0.1310644 0.150709 0.08006572 0.1806566 0.1668206 0.2307003 0.20353 0.1504414 0.1310644 0.150709 0.1668206 0.2307003 0.2558925 0.2349371 0.3269867 0.2461572 0.259338 0.1796243 0.20353 0.1504414 0.1668206 0.2307003 0.259338 0.1796243 0.2558925 0.2349371 0.259338 0.1796243 0.1668206 0.2307003 0.08006572 0.1806566 0.00873202 0.2463622 0.07982146 0.2359368 0.05840939 0.4228671 0.04119968 0.4303757 0.05821663 0.4488425 0.04119968 0.4303757 0.05840939 0.4228671 0.05819392 0.4488209 0.02359414 0.4584986 0.04119968 0.4303757 0.0200411 0.5069847 0.0200411 0.5069847 0.04119968 0.4303757 0.05819392 0.4488209 0.05821663 0.4488425 0.04119968 0.4303757 0.0199564 0.5070104 0.00873202 0.2463622 0.08006572 0.1806566 0.07982146 0.2359368 0.02364873 0.4585385 0.04119968 0.4303757 0.0199564 0.5070104 0.04119968 0.4303757 0.02364873 0.4585385 0.01216971 0.4403707 0.04119968 0.4303757 0.05821663 0.4488425 0.0199564 0.5070104 0.05821663 0.4488425 0.04119968 0.4303757 0.05840939 0.4228671 0.05819392 0.4488209 0.05840939 0.4228671 0.04119968 0.4303757 0.04119968 0.4303757 0.0200411 0.5069847 0.05819392 0.4488209 0.04119968 0.4303757 0.02359414 0.4584986 0.0200411 0.5069847 0.1668206 0.2307003 0.202921 0.2960929 0.1299886 0.2961788 0.202921 0.2960929 0.1668206 0.2307003 0.2558925 0.2349371 0.259338 0.1796243 0.2558925 0.2349371 0.1668206 0.2307003 0.2558925 0.2349371 0.259338 0.1796243 0.3269867 0.2461572 0.1668206 0.2307003 0.20353 0.1504414 0.259338 0.1796243 0.20353 0.1504414 0.1668206 0.2307003 0.1310644 0.150709 0.1668206 0.2307003 0.07982146 0.2359368 0.08006572 0.1806566 0.07982146 0.2359368 0.1668206 0.2307003 0.1299886 0.2961788 0.08006572 0.1806566 0.1310644 0.150709 0.1668206 0.2307003 0.2359791 0.01795691 0.2363737 0.1045522 0.3397381 0.04415684 0.2363737 0.1045522 0.2359791 0.01795691 0.2032335 0.01810419 0.008898973 0.04391682 0.08930706 0.1049419 0.090038 0.01688706 0.090038 0.01688706 0.08930706 0.1049419 0.1304955 0.01681345 0.1302874 0.1037543 0.2035661 0.1043484 0.1304955 0.01681345 0.1304955 0.01681345 0.2035661 0.1043484 0.2031518 0.01716023 0.2028566 0.1046357 0.2363737 0.1045522 0.2032335 0.01810419 0.1302874 0.1037543 0.1304955 0.01681345 0.08930706 0.1049419 0.4216598 0.8886169 0.4645683 0.9315254 0.416756 0.9155882 0.4645683 0.9315254 0.4216598 0.8886169 0.4756017 0.9008767 0.5099373 0.9253957 0.4645683 0.9315254 0.4756017 0.9008767 0.5099373 0.9253957 0.5448182 0.9254997 0.5099373 0.9008766 0.5448302 0.9008785 0.5099373 0.9008766 0.5448182 0.9254997 0.5099373 0.9253957 0.5099373 0.9008766 0.4756017 0.9008767 0.4756017 0.9008767 0.4645683 0.9315254 0.5099373 0.9253957 0.4645683 0.9315254 0.4756017 0.9008767 0.4216598 0.8886169 0.416756 0.9155882 0.4645683 0.9315254 0.4216598 0.8886169 0.2940837 0.8592685 0.2916302 0.8817614 0.3186216 0.8592685 0.3186216 0.8592685 0.2916302 0.8817614 0.3248426 0.8817614 0.5099373 0.9253957 0.4756017 0.9008767 0.5099373 0.9008766 0.2363737 0.1045522 0.2028566 0.1046357 0.2032335 0.01810419 0.2363737 0.1045522 0.2032335 0.01810419 0.2359791 0.01795691 0.08930706 0.1049419 0.090038 0.01688706 0.1304955 0.01681345 0.090038 0.01688706 0.08930706 0.1049419 0.008898973 0.04391682 0.2363737 0.1045522 0.2359791 0.01795691 0.3397381 0.04415684 0.2035661 0.1043484 0.1302874 0.1037543 0.1304955 0.01681345 0.2035661 0.1043484 0.1304955 0.01681345 0.2031518 0.01716023 0.1304955 0.01681345 0.1302874 0.1037543 0.08930706 0.1049419 0.4645683 0.9315254 0.416756 0.9155882 0.4216598 0.8886169 0.4645683 0.9315254 0.4756017 0.9008767 0.5099373 0.9253957 0.4756017 0.9008767 0.4645683 0.9315254 0.4216598 0.8886169 0.2916302 0.8817614 0.3186216 0.8592685 0.3248426 0.8817614 0.3186216 0.8592685 0.2916302 0.8817614 0.2940837 0.8592685 0.5099373 0.9008766 0.5448302 0.9008785 0.5448182 0.9254997 0.5448182 0.9254997 0.5099373 0.9253957 0.5099373 0.9008766 0.5099373 0.9008766 0.5099373 0.9253957 0.4756017 0.9008767 0.4756017 0.9008767 0.5099373 0.9253957 0.5099373 0.9008766 0.5099373 0.9253957 0.4756017 0.9008767 0.4645683 0.9315254 0.4645683 0.9315254 0.4216598 0.8886169 0.416756 0.9155882 0.4216598 0.8886169 0.4645683 0.9315254 0.4756017 0.9008767 0.5641263 0.9325441 0.64248 0.9945698 0.64248 0.9124247 0.64248 0.9945698 0.5641263 0.9325441 0.5603348 0.987392 0.6867122 0.9136882 0.6867122 0.9945698 0.7246257 0.9237985 0.6867122 0.9945698 0.6867122 0.9136882 0.6702833 0.983196 0.6702833 0.9250621 0.6702833 0.983196 0.6867122 0.9136882 0.6702833 0.983196 0.6702833 0.9250621 0.64248 0.9945698 0.64248 0.9124247 0.64248 0.9945698 0.6702833 0.9250621 0.7435825 0.9377001 0.7246257 0.9237985 0.7435825 0.9743494 0.7246257 0.9237985 0.6867122 0.9945698 0.7246257 0.9933062 0.7246257 0.9933062 0.7435825 0.9743494 0.7246257 0.9237985 0.3308686 0.9740252 0.2765018 0.9742478 0.3308854 0.9944337 0.330861 0.9740252 0.4137882 0.9995361 0.3308779 0.9944337 0.4137882 0.9995361 0.330861 0.9740252 0.4137882 0.9740251 0.2764561 0.994749 0.3308854 0.9944337 0.2765018 0.9742478 0.4584321 0.9638209 0.4966985 0.9638208 0.4584321 0.9995361 0.5158311 0.9995361 0.4966985 0.9638208 0.5160449 0.9638208 0.4966985 0.9638208 0.5158311 0.9995361 0.4966979 0.9995361 0.4966979 0.9995361 0.4584321 0.9995361 0.4966985 0.9638208 0.5158311 0.9995361 0.5521032 0.9996433 0.5161511 0.9638208 0.5520225 0.9639284 0.5161511 0.9638208 0.5521032 0.9996433 0.5158311 0.9995361 0.5161511 0.9638208 0.4966985 0.9995361 0.4584321 0.9995361 0.4966985 0.9995361 0.4584321 0.9638209 0.4966985 0.9995361 0.5161511 0.9638208 0.4966985 0.9638208 0.3308854 0.9944337 0.4137882 0.9995361 0.3308686 0.9740252 0.4137882 0.9740251 0.3308686 0.9740252 0.4137882 0.9995361 0.4966985 0.9638208 0.4584321 0.9638209 0.4966985 0.9995361 0.4584321 0.9638209 0.4418503 0.9893316 0.4584321 0.9995361 0.4418503 0.9893316 0.4584321 0.9638209 0.4137882 0.9740251 0.4137882 0.9740251 0.4418503 0.9893316 0.4137882 0.9995361 0.4418503 0.9893316 0.4137882 0.9740251 0.4584321 0.9638209 0.4137882 0.9995361 0.4418503 0.9893316 0.4137882 0.9740251 0.4584321 0.9995361 0.4418503 0.9893316 0.4584321 0.9638209 0.6702833 0.983196 0.6867122 0.9136882 0.6867122 0.9945698 0.6867122 0.9136882 0.6702833 0.983196 0.6702833 0.9250621 0.64248 0.9945698 0.6702833 0.9250621 0.6702833 0.983196 0.6702833 0.9250621 0.64248 0.9945698 0.64248 0.9124247 0.5641263 0.9325441 0.64248 0.9124247 0.64248 0.9945698 0.6867122 0.9945698 0.7246257 0.9237985 0.7246257 0.9933062 0.7246257 0.9237985 0.6867122 0.9945698 0.6867122 0.9136882 0.4966985 0.9995361 0.4584321 0.9995361 0.4584321 0.9638209 0.4137882 0.9995361 0.330861 0.9740252 0.3308779 0.9944337 0.330861 0.9740252 0.4137882 0.9995361 0.4137882 0.9740251 0.4418503 0.9893316 0.4137882 0.9740251 0.4137882 0.9995361 0.4137882 0.9740251 0.4418503 0.9893316 0.4584321 0.9638209 0.4584321 0.9995361 0.4584321 0.9638209 0.4418503 0.9893316 0.2765018 0.9742478 0.3308686 0.9740252 0.3308854 0.9944337 0.3308854 0.9944337 0.2764561 0.994749 0.2765018 0.9742478 0.5161511 0.9638208 0.5520225 0.9639284 0.5521032 0.9996433 0.5161511 0.9638208 0.5158311 0.9995361 0.4966985 0.9995361 0.5158311 0.9995361 0.5161511 0.9638208 0.5521032 0.9996433 0.5161511 0.9638208 0.4966985 0.9995361 0.4966985 0.9638208 0.4966985 0.9638208 0.5158311 0.9995361 0.5160449 0.9638208 0.5158311 0.9995361 0.4966985 0.9638208 0.4966979 0.9995361 0.4584321 0.9995361 0.4966979 0.9995361 0.4966985 0.9638208 0.4966985 0.9638208 0.4584321 0.9638209 0.4584321 0.9995361 0.7435825 0.9743494 0.7246257 0.9933062 0.7246257 0.9237985 0.4584321 0.9638209 0.4418503 0.9893316 0.4137882 0.9740251 0.4418503 0.9893316 0.4584321 0.9638209 0.4584321 0.9995361 0.3308686 0.9740252 0.4137882 0.9740251 0.4137882 0.9995361 0.4418503 0.9893316 0.4137882 0.9995361 0.4137882 0.9740251 0.4137882 0.9995361 0.3308854 0.9944337 0.3308686 0.9740252 0.4584321 0.9638209 0.4966985 0.9638208 0.4966985 0.9995361 0.7246257 0.9237985 0.7435825 0.9377001 0.7435825 0.9743494 0.64248 0.9945698 0.5603348 0.987392 0.5641263 0.9325441 0.490097 0.05036997 0.5739588 0.0877484 0.490097 0.0877484 0.5739588 0.0877484 0.490097 0.05036997 0.5739588 0.05036997 0.8594834 0.1367843 0.9103301 0.094563 0.9114444 0.1367843 0.9103301 0.094563 0.8594834 0.1367843 0.8605976 0.094563 0.8594834 0.1367843 0.7913902 0.0788154 0.8605976 0.094563 0.9103301 0.094563 0.9794133 0.0788154 0.9114444 0.1367843 0.6287231 0.02212035 0.6957225 0.04306352 0.6287231 0.1009202 0.6957225 0.04306352 0.6957225 0.08157336 0.6287231 0.1009202 0.5739588 0.0877484 0.5980645 0.1080244 0.4715806 0.1080244 0.5739588 0.0877484 0.4715806 0.1080244 0.490097 0.0877484 0.5056596 0.0437048 0.5739588 0.05036997 0.490097 0.05036997 0.5056596 0.0437048 0.490097 0.05036997 0.483401 0.03429991 0.4599652 0.08808755 0.490097 0.05036997 0.490097 0.0877484 0.490097 0.05036997 0.4599652 0.08808755 0.4599652 0.04985231 0.490097 0.05036997 0.4599652 0.04985231 0.483401 0.03429991 0.6285322 0.04284936 0.6957225 0.04306352 0.6287231 0.02212035 0.490097 0.0877484 0.4715806 0.1080244 0.4599652 0.08808755 0.6285322 0.08160793 0.6287231 0.1009202 0.6957225 0.08157336 0.6957225 0.04306352 0.6285322 0.08160793 0.6957225 0.08157336 0.6285322 0.08160793 0.6957225 0.04306352 0.6285322 0.04284936 0.5090076 0.2316585 0.4851554 0.1255139 0.5090076 0.1255139 0.4851554 0.1255139 0.5090076 0.2316585 0.4728518 0.2316585 0.9907867 0.482945 0.9906443 0.5115489 0.9507734 0.4945572 0.9907859 0.4829654 0.9508343 0.3844214 0.9831811 0.3763863 0.9508343 0.3844214 0.9907859 0.4829654 0.9508316 0.4946554 0.9093141 0.1624469 0.906664 0.2038365 0.8642635 0.2038365 0.906664 0.2038365 0.9093141 0.1624469 0.9794133 0.1900137 0.9316099 0.1431318 0.9794133 0.1900137 0.9093141 0.1624469 0.9794133 0.1900137 0.9316099 0.1431318 0.9854903 0.1155201 0.9794133 0.09882664 0.9854903 0.1155201 0.9316099 0.1431318 0.8528709 0.3523976 0.9105663 0.4219506 0.8607426 0.4219506 0.9105663 0.4219506 0.8528709 0.3523976 0.918438 0.3523976 0.5960556 0.2316585 0.5960556 0.1255139 0.6186463 0.1255139 0.5960556 0.2316585 0.6186463 0.1255139 0.6322113 0.2316585 0.578607 0.3097535 0.5177126 0.2444345 0.5873506 0.2444345 0.5177126 0.2444345 0.578607 0.3097535 0.5253214 0.3097535 0.578607 0.3097535 0.5873506 0.2444345 0.6322113 0.2316585 0.5873506 0.2444345 0.5177126 0.133549 0.5873506 0.133549 0.5177126 0.133549 0.5873506 0.2444345 0.5177126 0.2444345 0.5873506 0.133549 0.5090076 0.1255139 0.5960556 0.1255139 0.5090076 0.1255139 0.5873506 0.133549 0.5177126 0.133549 0.5253214 0.3097535 0.4728518 0.2316585 0.5177126 0.2444345 0.9093141 0.1624469 0.9057618 0.1568058 0.9316099 0.1431318 0.9057618 0.1568058 0.9093141 0.1624469 0.8616135 0.1624474 0.8616135 0.1624474 0.8405327 0.1431318 0.8651659 0.1568058 0.8405327 0.1431318 0.8616135 0.1624474 0.7913902 0.1900137 0.8642635 0.2038365 0.7913902 0.1900137 0.8616135 0.1624474 0.7913902 0.1900137 0.8642635 0.2038365 0.7913902 0.2277076 0.8669137 0.2286702 0.7913902 0.2277076 0.8642635 0.2038365 0.9093141 0.1624469 0.8642635 0.2038365 0.8616135 0.1624474 0.9908328 0.4829654 0.9508871 0.3844214 0.9508845 0.4946554 0.9508871 0.3844214 0.9908328 0.4829654 0.9835731 0.3763863 0.8669137 0.2286702 0.906664 0.2038365 0.9040139 0.2286702 0.906664 0.2038365 0.8669137 0.2286702 0.8642635 0.2038365 0.6857682 0.1154975 0.6856021 0.09879535 0.6188437 0.125638 0.6856021 0.09879535 0.6857682 0.1154975 0.7913902 0.09874194 0.7853127 0.1154355 0.7913902 0.09874194 0.6857682 0.1154975 0.9908412 0.4829957 0.9508461 0.4946246 0.9907585 0.5116558 0.9057618 0.1568058 0.8616135 0.1624474 0.8651659 0.1568058 0.7913902 0.2277076 0.8669137 0.2286702 0.8371347 0.2681837 0.6543921 0.2007005 0.6322113 0.2316585 0.6186463 0.1255139 0.6322113 0.2316585 0.6543921 0.2007005 0.6680289 0.2340061 0.578607 0.3097535 0.6322113 0.2316585 0.7049183 0.2535886 0.8528709 0.3523976 0.8607426 0.4219506 0.7769369 0.3080666 0.6543921 0.2007005 0.6186463 0.1255139 0.6857682 0.1154975 0.6857682 0.1154975 0.6186463 0.1255139 0.6856021 0.09879535 0.7853127 0.1155207 0.7913902 0.09874194 0.8405327 0.1431318 0.7913902 0.09874194 0.7853127 0.1155207 0.6857682 0.1154975 0.8405327 0.1431318 0.7913902 0.1900137 0.7853127 0.1155207 0.6857682 0.1154975 0.6856021 0.09879535 0.7913902 0.09874194 0.7913902 0.2277076 0.8371347 0.2681837 0.7824933 0.2741242 0.7769369 0.3080666 0.8371347 0.2681837 0.8528709 0.3523976 0.8371347 0.2681837 0.7769369 0.3080666 0.7824933 0.2741242 0.6680289 0.2340061 0.7049183 0.2535886 0.6322113 0.2316585 0.9794133 0.1900137 0.9794133 0.2277076 0.906664 0.2038365 0.906664 0.2038365 0.9794133 0.2277076 0.9040139 0.2286702 0.9040139 0.2286702 0.9794133 0.2277076 0.9341742 0.2681837 0.632091 0.2317826 0.6543921 0.2007005 0.6188437 0.125638 0.6543921 0.2007005 0.632091 0.2317826 0.6680289 0.2340061 0.7049183 0.2535886 0.6680289 0.2340061 0.632091 0.2317826 0.632091 0.2317826 0.5783957 0.3098776 0.7049183 0.2535886 0.9105663 0.4219506 0.918438 0.3523976 0.9943721 0.3080666 0.6188437 0.125638 0.6543921 0.2007005 0.6857682 0.1154975 0.9341742 0.2681837 0.9794133 0.2277076 0.9888151 0.2741242 0.9341742 0.2681837 0.9943721 0.3080666 0.918438 0.3523976 0.9943721 0.3080666 0.9341742 0.2681837 0.9888151 0.2741242 0.7913902 0.04084914 0.791724 0.01945728 0.862552 0.005482375 0.9794133 0.04093378 0.9083757 0.005482375 0.9794949 0.01962393 0.7062822 0.05225533 0.6957225 0.04306352 0.6975626 0.02956217 0.7062822 0.05225533 0.6975626 0.02956217 0.6957225 0.04306352 0.6975626 0.02956217 0.7062822 0.05225533 0.791724 0.01945728 0.6750414 0.02322477 0.6975626 0.02956217 0.6957225 0.04306352 0.6957225 0.04306352 0.6750414 0.02322477 0.6287231 0.02212035 0.6750414 0.02322477 0.6957225 0.04306352 0.6975626 0.02956217 0.5981895 0.03430426 0.5189447 0.004095792 0.5981895 0.004095792 0.5189447 0.004095792 0.5981895 0.03430426 0.483401 0.03429991 0.791724 0.01945728 0.7062822 0.05225533 0.7913902 0.04084914 0.6750414 0.02322477 0.6957225 0.04306352 0.6287231 0.02212035 0.9794133 0.04093378 0.9213469 0.07473939 0.9144309 0.02843934 0.9213469 0.07473939 0.9794133 0.04093378 0.9794133 0.06781584 0.7913902 0.04084914 0.862552 0.005482375 0.8534027 0.02834004 0.7062822 0.05225533 0.791724 0.01945728 0.7913902 0.04084914 0.791724 0.01945728 0.7062822 0.05225533 0.6975626 0.02956217 0.9083757 0.005482375 0.9794133 0.04093378 0.9144309 0.02843934 0.8522927 0.07522737 0.7913902 0.0677312 0.7913902 0.04084914 0.7913902 0.0677312 0.7062822 0.05225533 0.7913902 0.04084914 0.7913902 0.04084914 0.8534027 0.02834004 0.8522927 0.07522737 0.7913902 0.0677312 0.7913902 0.04084914 0.7062822 0.05225533 0.9144309 0.02843934 0.862552 0.005482375 0.9083757 0.005482375 0.862552 0.005482375 0.9144309 0.02843934 0.8534027 0.02834004 0.7913902 0.0788154 0.7055501 0.07487738 0.7913902 0.0677312 0.7055501 0.07487738 0.7913902 0.0788154 0.6957225 0.08157336 0.8522927 0.07522737 0.7913902 0.0788154 0.7913902 0.0677312 0.7913902 0.0788154 0.8522927 0.07522737 0.8605976 0.094563 0.9103301 0.094563 0.8605976 0.094563 0.8522927 0.07522737 0.7055501 0.07487738 0.7913902 0.0787307 0.7913902 0.0677312 0.7913902 0.0787307 0.7055501 0.07487738 0.6957225 0.08157336 0.6957225 0.04306352 0.6957225 0.08157336 0.7055501 0.07487738 0.9213469 0.07473939 0.9794133 0.0788154 0.9103301 0.094563 0.9794133 0.0788154 0.9213469 0.07473939 0.9794133 0.06781584 0.7055501 0.07487738 0.6957225 0.08157336 0.6957225 0.04306352 0.9103301 0.094563 0.8522927 0.07522737 0.9213469 0.07473939 0.7062822 0.05225533 0.7055501 0.07487738 0.7913902 0.0677312 0.7055501 0.07487738 0.7062822 0.05225533 0.6957225 0.04306352 0.7055501 0.07487738 0.6957225 0.04306352 0.7062822 0.05225533 0.7062822 0.05225533 0.7913902 0.0677312 0.7055501 0.07487738 0.9144309 0.02843934 0.8522927 0.07522737 0.8534027 0.02834004 0.8522927 0.07522737 0.9144309 0.02843934 0.9213469 0.07473939 0.4741402 0.3498175 0.5421509 0.387512 0.5421509 0.3648523 0.5794795 0.378619 0.4648167 0.3171349 0.5794795 0.3171349 0.4648167 0.3171349 0.5794795 0.378619 0.4737637 0.3497799 0.5420629 0.3873809 0.4737637 0.3497799 0.5794795 0.378619 0.6856021 0.09879535 0.6287231 0.1009202 0.6188437 0.125638 0.6287231 0.1009202 0.6856021 0.09879535 0.6957225 0.08157336 0.5090076 0.1255139 0.4851554 0.1255139 0.4715806 0.1080244 0.5960556 0.1255139 0.5980645 0.1080244 0.6186463 0.1255139 0.5980645 0.1080244 0.5960556 0.1255139 0.4715806 0.1080244 0.5090076 0.1255139 0.4715806 0.1080244 0.5960556 0.1255139 0.6287231 0.1009202 0.6957225 0.08157336 0.6856021 0.09879535 0.8651659 0.1568058 0.9114444 0.1367843 0.9057618 0.1568058 0.9114444 0.1367843 0.8651659 0.1568058 0.8594834 0.1367843 0.8594834 0.1367843 0.8651659 0.1568058 0.8405327 0.1431318 0.6856021 0.09879535 0.6186463 0.1255139 0.6287231 0.1009202 0.9114444 0.1367843 0.9316099 0.1431318 0.9057618 0.1568058 0.9316099 0.1431318 0.9114444 0.1367843 0.9794133 0.0788154 0.7913902 0.09874194 0.6856021 0.09879535 0.6957225 0.08157336 0.7913902 0.09874194 0.6957225 0.08157336 0.7913902 0.0788154 0.7913902 0.09874194 0.7913902 0.0788154 0.8405327 0.1431318 0.7913902 0.09874194 0.6957225 0.08157336 0.6856021 0.09879535 0.6957225 0.08157336 0.7913902 0.09874194 0.7913902 0.0787307 0.9794133 0.09882664 0.9316099 0.1431318 0.9794133 0.0788154 0.8594834 0.1367843 0.8405327 0.1431318 0.7913902 0.0788154 0.7141057 0.1702516 0.7286203 0.1660289 0.7287061 0.1663342 0.7286203 0.1660289 0.7141057 0.1702516 0.7140194 0.1699464 0.7286064 0.1584172 0.7140194 0.1699464 0.7035084 0.1661308 0.7140194 0.1699464 0.7286064 0.1584172 0.7286203 0.1660289 0.7141057 0.1702516 0.7286064 0.1584172 0.7035084 0.1661308 0.7286064 0.1584172 0.7141057 0.1702516 0.7287061 0.1663342 0.7140448 0.2074397 0.7288935 0.2114487 0.7289395 0.2111165 0.7288935 0.2114487 0.7140448 0.2074397 0.7139983 0.2077718 0.7140194 0.1699464 0.7139983 0.2077718 0.7140448 0.2074397 0.7139983 0.2077718 0.7140194 0.1699464 0.7141057 0.1702516 0.7035084 0.1661308 0.7140448 0.2074397 0.7035915 0.2115873 0.7140448 0.2074397 0.7035084 0.1661308 0.7140194 0.1699464 0.7035915 0.2115873 0.7141057 0.1702516 0.7035084 0.1661308 0.7141057 0.1702516 0.7035915 0.2115873 0.7139983 0.2077718 0.7140448 0.2074397 0.7289408 0.2199325 0.7035915 0.2115873 0.7289408 0.2199325 0.7140448 0.2074397 0.7289395 0.2111165 0.7289408 0.2199325 0.7139983 0.2077718 0.7035915 0.2115873 0.7139983 0.2077718 0.7289408 0.2199325 0.7288935 0.2114487 0.7141057 0.1702516 0.7286203 0.1660289 0.7140194 0.1699464 0.7286203 0.1660289 0.7141057 0.1702516 0.7287061 0.1663342 0.7140194 0.1699464 0.7286064 0.1584172 0.7035084 0.1661308 0.7286064 0.1584172 0.7140194 0.1699464 0.7286203 0.1660289 0.7286064 0.1584172 0.7141057 0.1702516 0.7035084 0.1661308 0.7141057 0.1702516 0.7286064 0.1584172 0.7287061 0.1663342 0.7288935 0.2114487 0.7140448 0.2074397 0.7289395 0.2111165 0.7140448 0.2074397 0.7288935 0.2114487 0.7139983 0.2077718 0.7140194 0.1699464 0.7139983 0.2077718 0.7141057 0.1702516 0.7139983 0.2077718 0.7140194 0.1699464 0.7140448 0.2074397 0.7140448 0.2074397 0.7035084 0.1661308 0.7035915 0.2115873 0.7035084 0.1661308 0.7140448 0.2074397 0.7140194 0.1699464 0.7141057 0.1702516 0.7035915 0.2115873 0.7035084 0.1661308 0.7035915 0.2115873 0.7141057 0.1702516 0.7139983 0.2077718 0.7289408 0.2199325 0.7140448 0.2074397 0.7035915 0.2115873 0.7140448 0.2074397 0.7289408 0.2199325 0.7289395 0.2111165 0.7139983 0.2077718 0.7289408 0.2199325 0.7035915 0.2115873 0.7289408 0.2199325 0.7139983 0.2077718 0.7288935 0.2114487 0.8631134 0.3054721 0.8371347 0.2681837 0.8740541 0.2759022 0.8371347 0.2681837 0.8631134 0.3054721 0.8528709 0.3523976 0.8973466 0.2759022 0.9040139 0.2286702 0.9341742 0.2681837 0.9040139 0.2286702 0.8973466 0.2759022 0.8740541 0.2759022 0.9040139 0.2286702 0.8740541 0.2759022 0.8669137 0.2286702 0.8631134 0.3054721 0.8715852 0.3308418 0.8528709 0.3523976 0.8740541 0.2759022 0.8371347 0.2681837 0.8669137 0.2286702 0.9071952 0.3054721 0.918438 0.3523976 0.8998159 0.3308418 0.918438 0.3523976 0.9071952 0.3054721 0.9341742 0.2681837 0.8998159 0.3308418 0.8528709 0.3523976 0.8715852 0.3308418 0.8528709 0.3523976 0.8998159 0.3308418 0.918438 0.3523976 0.9071952 0.3054721 0.8973466 0.2759022 0.9341742 0.2681837 0.7367708 0.1369568 0.7675132 0.1829429 0.7438891 0.1315767 0.6669238 0.1938023 0.6924867 0.1316248 0.690247 0.1261039 0.6924867 0.1316248 0.6669238 0.1938023 0.6731238 0.191088 0.6906473 0.2384639 0.6731238 0.191088 0.6669238 0.1938023 0.6731238 0.191088 0.6906473 0.2384639 0.6955382 0.2280846 0.7462674 0.2280279 0.6955382 0.2280846 0.6906473 0.2384639 0.6792944 0.1878776 0.6947265 0.1371455 0.6731238 0.191088 0.7367708 0.1369568 0.6924867 0.1316248 0.6947265 0.1371455 0.6924867 0.1316248 0.7367708 0.1369568 0.7438891 0.1315767 0.7675132 0.1829429 0.7462674 0.2280279 0.7734795 0.1846892 0.7510073 0.1261961 0.7734795 0.1846892 0.7794457 0.1864361 0.7734795 0.1846892 0.7510073 0.1261961 0.7438891 0.1315767 0.690247 0.1261039 0.7438891 0.1315767 0.7510073 0.1261961 0.7438891 0.1315767 0.690247 0.1261039 0.6924867 0.1316248 0.6680289 0.2340061 0.6906473 0.2384639 0.6669238 0.1938023 0.6906473 0.2384639 0.6680289 0.2340061 0.7049183 0.2535886 0.6731238 0.191088 0.6947265 0.1371455 0.6924867 0.1316248 0.7853127 0.1154355 0.7794457 0.1864361 0.7913902 0.1899285 0.7794457 0.1864361 0.7853127 0.1154355 0.7510073 0.1261961 0.6857682 0.1154975 0.7510073 0.1261961 0.7853127 0.1154355 0.7510073 0.1261961 0.6857682 0.1154975 0.690247 0.1261039 0.6680289 0.2340061 0.6669238 0.1938023 0.6543921 0.2007005 0.6669238 0.1938023 0.6857682 0.1154975 0.6543921 0.2007005 0.6857682 0.1154975 0.6669238 0.1938023 0.690247 0.1261039 0.7734795 0.1846892 0.7529693 0.2382633 0.7794457 0.1864361 0.7529693 0.2382633 0.7734795 0.1846892 0.7462674 0.2280279 0.7438891 0.1315767 0.7675132 0.1829429 0.7734795 0.1846892 0.7794457 0.1864361 0.7529693 0.2382633 0.7913902 0.2276223 0.7450987 0.2534683 0.7529693 0.2382633 0.7049183 0.2535886 0.7529693 0.2382633 0.7450987 0.2534683 0.7913902 0.2276223 0.7794457 0.1864361 0.7913902 0.2276223 0.7913902 0.1899285 0.6955382 0.2280846 0.6792944 0.1878776 0.6731238 0.191088 0.7049183 0.2535886 0.7529693 0.2382633 0.6906473 0.2384639 0.7529693 0.2382633 0.7462674 0.2280279 0.6906473 0.2384639 0.6924867 0.1316248 0.6669238 0.1938023 0.690247 0.1261039 0.6669238 0.1938023 0.6924867 0.1316248 0.6731238 0.191088 0.6792944 0.1878776 0.6955382 0.2280846 0.6731238 0.191088 0.7734795 0.1846892 0.7510073 0.1261961 0.7794457 0.1864361 0.7510073 0.1261961 0.7734795 0.1846892 0.7438891 0.1315767 0.6924867 0.1316248 0.7367708 0.1369568 0.6947265 0.1371455 0.7367708 0.1369568 0.6924867 0.1316248 0.7438891 0.1315767 0.690247 0.1261039 0.7438891 0.1315767 0.6924867 0.1316248 0.6947265 0.1371455 0.6792944 0.1878776 0.6731238 0.191088 0.6906473 0.2384639 0.7049183 0.2535886 0.6680289 0.2340061 0.7049183 0.2535886 0.6906473 0.2384639 0.7529693 0.2382633 0.7462674 0.2280279 0.7529693 0.2382633 0.6906473 0.2384639 0.7529693 0.2382633 0.7462674 0.2280279 0.7734795 0.1846892 0.7462674 0.2280279 0.6906473 0.2384639 0.6955382 0.2280846 0.6906473 0.2384639 0.6680289 0.2340061 0.6669238 0.1938023 0.7794457 0.1864361 0.7853127 0.1155207 0.7913902 0.1900137 0.7853127 0.1155207 0.7794457 0.1864361 0.7510073 0.1261961 0.6669238 0.1938023 0.6680289 0.2340061 0.6543921 0.2007005 0.6947265 0.1371455 0.6731238 0.191088 0.6924867 0.1316248 0.7529693 0.2382633 0.7734795 0.1846892 0.7794457 0.1864361 0.6857682 0.1154975 0.6669238 0.1938023 0.6543921 0.2007005 0.6669238 0.1938023 0.6857682 0.1154975 0.690247 0.1261039 0.6955382 0.2280846 0.6906473 0.2384639 0.6731238 0.191088 0.7853127 0.1155207 0.7510073 0.1261961 0.6857682 0.1154975 0.7675132 0.1829429 0.7438891 0.1315767 0.7734795 0.1846892 0.7438891 0.1315767 0.7675132 0.1829429 0.7367708 0.1369568 0.7510073 0.1261961 0.690247 0.1261039 0.6857682 0.1154975 0.690247 0.1261039 0.7510073 0.1261961 0.7438891 0.1315767 0.7529693 0.2382633 0.7450987 0.2534683 0.7049183 0.2535886 0.7450987 0.2534683 0.7529693 0.2382633 0.7913902 0.2277076 0.7913902 0.2277076 0.7794457 0.1864361 0.7913902 0.1900137 0.7794457 0.1864361 0.7913902 0.2277076 0.7529693 0.2382633 0.7462674 0.2280279 0.7675132 0.1829429 0.7734795 0.1846892 0.6731238 0.191088 0.6906473 0.2384639 0.6669238 0.1938023 0.2161779 0.886915 0.2441849 0.8867702 0.2122564 0.7777913 0.2441849 0.8867702 0.2161779 0.886915 0.2577115 0.9094596 0.2015842 0.9094596 0.2577115 0.9094596 0.2161779 0.886915 0.2577115 0.9094596 0.2015842 0.9094596 0.1541613 0.9735618 0.1470649 0.9094596 0.1541613 0.9735618 0.2015842 0.9094596 0.09322583 0.9094596 0.08456194 0.9735618 0.1470649 0.9094596 0.08456194 0.9735618 0.09322583 0.9094596 0.05194944 0.9094596 0.09280407 0.8568481 0.05194944 0.9094596 0.09322583 0.9094596 0.1541613 0.9735618 0.1470649 0.9094596 0.08456194 0.9735618 0.09212386 0.7675375 0.1502322 0.8568481 0.150666 0.7668644 0.1502322 0.8568481 0.09212386 0.7675375 0.09280407 0.8568481 0.08456194 0.9735618 0.05194944 0.9094596 0.00227952 0.9094596 0.09322583 0.9094596 0.1470649 0.9094596 0.09280407 0.8568481 0.1502322 0.8568481 0.09280407 0.8568481 0.1470649 0.9094596 0.2577115 0.9094596 0.2924602 0.8568481 0.24704 0.7790072 0.2122564 0.7777913 0.2441849 0.8867702 0.24704 0.7790072 0.2161779 0.886915 0.2122564 0.7777913 0.2015842 0.9094596 0.24704 0.7790072 0.2441849 0.8867702 0.2577115 0.9094596 0.150666 0.7668644 0.1502322 0.8568481 0.2122564 0.7777913 0.2015842 0.9094596 0.1502322 0.8568481 0.1470649 0.9094596 0.1502322 0.8568481 0.2015842 0.9094596 0.2122564 0.7777913 0.3402801 0.7687023 0.3340615 0.8568481 0.3870722 0.7993376 0.3340615 0.8568481 0.3402801 0.7687023 0.2924602 0.8568481 0.24704 0.7790072 0.2924602 0.8568481 0.3402801 0.7687023 0.03999286 0.798021 0.09280407 0.8568481 0.09212386 0.7675375 0.09280407 0.8568481 0.03999286 0.798021 0.05194944 0.9094596 0.00227952 0.9094596 0.05194944 0.9094596 0.03999286 0.798021 0.3870722 0.7993376 0.3340615 0.8568481 0.3601463 0.9094596 0.1418197 0.7301758 0.118196 0.5592619 0.08517563 0.7348269 0.3595738 0.5592619 0.3086721 0.5592619 0.3412593 0.7354299 0.02937829 0.5592619 0.03964704 0.7535043 0.06342214 0.5592619 0.06342214 0.5592619 0.08517563 0.7348269 0.118196 0.5592619 0.08517563 0.7348269 0.06342214 0.5592619 0.03964704 0.7535043 0.3412593 0.7354299 0.3874092 0.7534854 0.3595738 0.5592619 0.3412593 0.7354299 0.3086721 0.5592619 0.2577115 0.711031 0.05194944 0.9094596 0.08456194 0.9735618 0.00227952 0.9094596 0.08456194 0.9735618 0.05194944 0.9094596 0.09322583 0.9094596 0.09280407 0.8568481 0.09322583 0.9094596 0.05194944 0.9094596 0.09322583 0.9094596 0.09280407 0.8568481 0.1470649 0.9094596 0.2015842 0.9094596 0.1541613 0.9735618 0.1470649 0.9094596 0.1541613 0.9735618 0.2015842 0.9094596 0.2577115 0.9094596 0.2161779 0.886915 0.2577115 0.9094596 0.2015842 0.9094596 0.2577115 0.9094596 0.2161779 0.886915 0.2441849 0.8867702 0.2122564 0.7777913 0.2441849 0.8867702 0.2161779 0.886915 0.2441849 0.8867702 0.2122564 0.7777913 0.24704 0.7790072 0.1470649 0.9094596 0.1541613 0.9735618 0.08456194 0.9735618 0.08456194 0.9735618 0.09322583 0.9094596 0.1470649 0.9094596 0.2122564 0.7777913 0.2161779 0.886915 0.2015842 0.9094596 0.1502322 0.8568481 0.2015842 0.9094596 0.1470649 0.9094596 0.2015842 0.9094596 0.1502322 0.8568481 0.2122564 0.7777913 0.150666 0.7668644 0.2122564 0.7777913 0.1502322 0.8568481 0.09280407 0.8568481 0.1502322 0.8568481 0.1470649 0.9094596 0.1502322 0.8568481 0.09280407 0.8568481 0.09212386 0.7675375 0.2441849 0.8867702 0.24704 0.7790072 0.2577115 0.9094596 0.2924602 0.8568481 0.2577115 0.9094596 0.24704 0.7790072 0.1502322 0.8568481 0.09212386 0.7675375 0.150666 0.7668644 0.24704 0.7790072 0.3402801 0.7687023 0.2924602 0.8568481 0.3340615 0.8568481 0.3870722 0.7993376 0.3601463 0.9094596 0.3870722 0.7993376 0.3340615 0.8568481 0.3402801 0.7687023 0.2924602 0.8568481 0.3402801 0.7687023 0.3340615 0.8568481 0.118196 0.5592619 0.1418197 0.7301758 0.08517563 0.7348269 0.05194944 0.9094596 0.00227952 0.9094596 0.03999286 0.798021 0.05194944 0.9094596 0.03999286 0.798021 0.09280407 0.8568481 0.09280407 0.8568481 0.03999286 0.798021 0.09212386 0.7675375 0.08517563 0.7348269 0.06342214 0.5592619 0.118196 0.5592619 0.06342214 0.5592619 0.08517563 0.7348269 0.03964704 0.7535043 0.3874092 0.7534854 0.3412593 0.7354299 0.3595738 0.5592619 0.3086721 0.5592619 0.3595738 0.5592619 0.3412593 0.7354299 0.3086721 0.5592619 0.3412593 0.7354299 0.2577115 0.711031 0.03964704 0.7535043 0.02937829 0.5592619 0.06342214 0.5592619 0.2577115 0.711031 0.2015842 0.5592619 0.2015842 0.7100158 0.2015842 0.5592619 0.2577115 0.711031 0.2577115 0.5592619 0.3086721 0.5592619 0.2577115 0.5592619 0.2577115 0.711031 0.118196 0.5592619 0.1418197 0.7301758 0.2015842 0.5592619 0.2015842 0.7100158 0.2015842 0.5592619 0.1418197 0.7301758 0.2015842 0.5592619 0.2015842 0.7100158 0.1418197 0.7301758 0.2015842 0.7100158 0.2015842 0.5592619 0.2577115 0.711031 0.2577115 0.5592619 0.2577115 0.711031 0.2015842 0.5592619 0.2577115 0.711031 0.2577115 0.5592619 0.3086721 0.5592619 0.1418197 0.7301758 0.118196 0.5592619 0.2015842 0.5592619 0.1541613 0.9735618 0.1620311 0.9937826 0.2577115 0.9094596 0.1620311 0.9937826 0.1541613 0.9735618 0.07875621 0.9939011 0.08456194 0.9735618 0.00227952 0.9094596 0.07875621 0.9939011 0.07875621 0.9939011 0.1541613 0.9735618 0.08456194 0.9735618 0.1620311 0.9937826 0.1541613 0.9735618 0.2577115 0.9094596 0.1541613 0.9735618 0.1620311 0.9937826 0.07875621 0.9939011 0.1541613 0.9735618 0.07875621 0.9939011 0.08456194 0.9735618 0.00227952 0.9094596 0.08456194 0.9735618 0.07875621 0.9939011 0.229196 0.7433927 0.2122564 0.7777913 0.24704 0.7790072 0.24704 0.7790072 0.303157 0.7528007 0.2779817 0.7480452 0.08746069 0.752498 0.09212386 0.7675375 0.130532 0.7517147 0.130532 0.7517147 0.150666 0.7668644 0.1748052 0.7429601 0.150666 0.7668644 0.130532 0.7517147 0.09212386 0.7675375 0.2122564 0.7777913 0.1748052 0.7429601 0.150666 0.7668644 0.2577115 0.711031 0.303157 0.7528007 0.3412593 0.7354299 0.303157 0.7528007 0.2577115 0.711031 0.2779817 0.7480452 0.3412593 0.7354299 0.303157 0.7528007 0.3393682 0.7558274 0.2577115 0.711031 0.2015842 0.7100158 0.229196 0.7433927 0.387385 0.7699538 0.3874092 0.7534854 0.3393682 0.7558274 0.3393682 0.7558274 0.303157 0.7528007 0.3402801 0.7687023 0.3870722 0.7993376 0.387385 0.7699538 0.3393682 0.7558274 0.3393682 0.7558274 0.3874092 0.7534854 0.3412593 0.7354299 0.03956598 0.7699132 0.08746069 0.752498 0.03964704 0.7535043 0.08517563 0.7348269 0.03964704 0.7535043 0.08746069 0.752498 0.1418197 0.7301758 0.08517563 0.7348269 0.130532 0.7517147 0.1418197 0.7301758 0.1748052 0.7429601 0.2015842 0.7100158 0.1748052 0.7429601 0.1418197 0.7301758 0.130532 0.7517147 0.08746069 0.752498 0.03956598 0.7699132 0.03999286 0.798021 0.3870722 0.7993376 0.3393682 0.7558274 0.3402801 0.7687023 0.24704 0.7790072 0.3402801 0.7687023 0.303157 0.7528007 0.09212386 0.7675375 0.08746069 0.752498 0.03999286 0.798021 0.08746069 0.752498 0.130532 0.7517147 0.08517563 0.7348269 0.09212386 0.7675375 0.130532 0.7517147 0.150666 0.7668644 0.130532 0.7517147 0.09212386 0.7675375 0.08746069 0.752498 0.150666 0.7668644 0.130532 0.7517147 0.1748052 0.7429601 0.303157 0.7528007 0.24704 0.7790072 0.2779817 0.7480452 0.2122564 0.7777913 0.229196 0.7433927 0.24704 0.7790072 0.1748052 0.7429601 0.2122564 0.7777913 0.150666 0.7668644 0.3874092 0.7534854 0.3393682 0.7558274 0.3412593 0.7354299 0.3393682 0.7558274 0.3874092 0.7534854 0.387385 0.7699538 0.1748052 0.7429601 0.1418197 0.7301758 0.2015842 0.7100158 0.1418197 0.7301758 0.1748052 0.7429601 0.130532 0.7517147 0.08517563 0.7348269 0.1418197 0.7301758 0.130532 0.7517147 0.130532 0.7517147 0.08746069 0.752498 0.08517563 0.7348269 0.08746069 0.752498 0.09212386 0.7675375 0.03999286 0.798021 0.03956598 0.7699132 0.08746069 0.752498 0.03999286 0.798021 0.03964704 0.7535043 0.08517563 0.7348269 0.08746069 0.752498 0.08746069 0.752498 0.03956598 0.7699132 0.03964704 0.7535043 0.2015842 0.7100158 0.2577115 0.711031 0.229196 0.7433927 0.387385 0.7699538 0.3870722 0.7993376 0.3393682 0.7558274 0.3393682 0.7558274 0.3870722 0.7993376 0.3402801 0.7687023 0.3402801 0.7687023 0.24704 0.7790072 0.303157 0.7528007 0.303157 0.7528007 0.3393682 0.7558274 0.3402801 0.7687023 0.303157 0.7528007 0.3412593 0.7354299 0.3393682 0.7558274 0.3412593 0.7354299 0.303157 0.7528007 0.2577115 0.711031 0.2779817 0.7480452 0.2577115 0.711031 0.303157 0.7528007 0.6494234 0.4611817 0.6972797 0.4611817 0.6719771 0.4430291 0.567434 0.4611817 0.6494433 0.4611817 0.6077986 0.4430291 0.6494433 0.4611817 0.567434 0.4611817 0.6493745 0.4765834 0.567434 0.4765834 0.6493745 0.4765834 0.567434 0.4611817 0.6493745 0.4765834 0.567434 0.4765834 0.649539 0.5265581 0.6494234 0.4765834 0.6972797 0.4765834 0.6494234 0.4611817 0.6972797 0.4765834 0.6494234 0.4765834 0.6805086 0.5442425 0.6495319 0.5265145 0.6805086 0.5442425 0.6494234 0.4765834 0.6972797 0.4611817 0.6972797 0.4765834 0.7452819 0.4611817 0.6972797 0.4765834 0.6972797 0.4611817 0.6494234 0.4611817 0.7452819 0.4611817 0.7206556 0.4430291 0.6972797 0.4611817 0.9242099 0.2716402 0.8915381 0.2542166 0.9239279 0.299965 0.5095089 0.4611817 0.567434 0.4611817 0.5386474 0.4430291 0.8915381 0.2542166 0.8565347 0.2697159 0.9239279 0.299965 0.6972797 0.4611817 0.6494234 0.4611817 0.6719771 0.4430291 0.6805086 0.5442425 0.6495319 0.5265145 0.6494234 0.4765834 0.6805086 0.5442425 0.6494234 0.4765834 0.6972797 0.4765834 0.8565347 0.2697159 0.8915381 0.2542166 0.9239279 0.299965 0.6493745 0.4765834 0.567434 0.4765834 0.567434 0.4611817 0.567434 0.4765834 0.6493745 0.4765834 0.649539 0.5265581 0.7206556 0.4430291 0.7452819 0.4611817 0.6972797 0.4611817 0.567434 0.4611817 0.5095089 0.4611817 0.5386474 0.4430291 0.8915381 0.2542166 0.9242099 0.2716402 0.9239279 0.299965 0.6494433 0.4611817 0.567434 0.4611817 0.6077986 0.4430291 0.567434 0.4611817 0.6494433 0.4611817 0.6493745 0.4765834 0.6972797 0.4765834 0.6972797 0.4611817 0.7452819 0.4611817 0.6972797 0.4611817 0.6972797 0.4765834 0.6494234 0.4611817 0.6494234 0.4765834 0.6494234 0.4611817 0.6972797 0.4765834 0.6972797 0.4765834 0.7452042 0.4765834 0.7452819 0.4611817 0.7452042 0.4765834 0.6972797 0.4765834 0.7453565 0.527199 0.7391274 0.5442387 0.7453565 0.527199 0.6972797 0.4765834 0.7453565 0.527199 0.7391274 0.5442387 0.7690708 0.5439901 0.7629098 0.5666536 0.7690708 0.5439901 0.7391274 0.5442387 0.5130968 0.5010891 0.4994633 0.541139 0.5294156 0.5212432 0.4994633 0.541139 0.5130968 0.5010891 0.4896316 0.5326928 0.5095089 0.4765834 0.4896316 0.5326928 0.5130968 0.5010891 0.7452042 0.4765834 0.7453565 0.527199 0.7662041 0.5233086 0.7231181 0.5725274 0.6805086 0.5442425 0.6893094 0.5937489 0.6805086 0.5442425 0.7231181 0.5725274 0.7391274 0.5442387 0.7231181 0.5725274 0.735903 0.5937489 0.7391274 0.5442387 0.735903 0.5937489 0.7231181 0.5725274 0.6893094 0.5937489 0.8562527 0.300089 0.8916556 0.3182724 0.8565347 0.2697159 0.9239279 0.299965 0.8565347 0.2697159 0.8916556 0.3182724 0.7550204 0.5912318 0.7427706 0.5668001 0.7466558 0.6064003 0.7427706 0.5668001 0.7550204 0.5912318 0.7629098 0.5666536 0.76292 0.56668 0.7550308 0.5912068 0.7628129 0.606284 0.7628321 0.6064003 0.7550204 0.5912318 0.7466558 0.6064003 0.6805086 0.5442425 0.7391274 0.5442387 0.6972797 0.4765834 0.5863875 0.6061704 0.5865828 0.5695523 0.5762296 0.585981 0.567434 0.6061704 0.5762296 0.585981 0.567434 0.5614671 0.5762296 0.585981 0.567434 0.6061704 0.5863875 0.6061704 0.567434 0.5614671 0.5762296 0.585981 0.5785091 0.5603661 0.567434 0.5614671 0.5785091 0.5603661 0.567434 0.5265582 0.5865828 0.5695523 0.5785091 0.5603661 0.5762296 0.585981 0.5785091 0.5603661 0.5865828 0.5695523 0.649539 0.553816 0.592366 0.5937489 0.649539 0.553816 0.5865828 0.5695523 0.567434 0.4765834 0.567434 0.5265582 0.649539 0.5265581 0.567434 0.5265582 0.567434 0.4765834 0.5294156 0.5212432 0.5130968 0.5010891 0.5294156 0.5212432 0.567434 0.4765834 0.6805086 0.5442425 0.6495191 0.5537877 0.6893094 0.5937489 0.6495191 0.5537877 0.6805086 0.5442425 0.6495319 0.5265145 0.567434 0.5265582 0.5294156 0.5212432 0.567434 0.5614671 0.567434 0.5265582 0.5785091 0.5603661 0.649539 0.5265581 0.5785091 0.5603661 0.649539 0.553816 0.649539 0.5265581 0.5095089 0.4765834 0.5130968 0.5010891 0.567434 0.4765834 0.7629098 0.5666536 0.7391274 0.5442387 0.7427706 0.5668001 0.7427706 0.5668001 0.7391274 0.5442387 0.735903 0.5937489 0.592366 0.5937489 0.6421782 0.5937489 0.649539 0.553816 0.567434 0.4765834 0.567434 0.4611817 0.5095089 0.4765834 0.5095089 0.4611817 0.5095089 0.4765834 0.567434 0.4611817 0.7699237 0.5326985 0.7662041 0.5233086 0.7453565 0.527199 0.7453565 0.527199 0.7690708 0.5439901 0.7699237 0.5326985 0.7690708 0.5439901 0.7453565 0.527199 0.7699237 0.5326985 0.567434 0.5265582 0.567434 0.4765834 0.649539 0.5265581 0.567434 0.4765834 0.567434 0.5265582 0.5294156 0.5212432 0.567434 0.5614671 0.5294156 0.5212432 0.567434 0.5265582 0.5762296 0.585981 0.567434 0.5614671 0.5785091 0.5603661 0.567434 0.5614671 0.5762296 0.585981 0.567434 0.6061704 0.5863875 0.6061704 0.567434 0.6061704 0.5762296 0.585981 0.7550204 0.5912318 0.7628321 0.6064003 0.7466558 0.6064003 0.5785091 0.5603661 0.567434 0.5614671 0.567434 0.5265582 0.5785091 0.5603661 0.5865828 0.5695523 0.5762296 0.585981 0.5865828 0.5695523 0.5785091 0.5603661 0.649539 0.553816 0.8916556 0.3182724 0.8562527 0.300089 0.8565347 0.2697159 0.8565347 0.2697159 0.9239279 0.299965 0.8916556 0.3182724 0.7231181 0.5725274 0.735903 0.5937489 0.6893094 0.5937489 0.735903 0.5937489 0.7231181 0.5725274 0.7391274 0.5442387 0.7231181 0.5725274 0.6805086 0.5442425 0.7391274 0.5442387 0.6805086 0.5442425 0.7231181 0.5725274 0.6893094 0.5937489 0.567434 0.4611817 0.567434 0.4765834 0.5095089 0.4765834 0.5095089 0.4765834 0.5095089 0.4611817 0.567434 0.4611817 0.7452042 0.4765834 0.6972797 0.4765834 0.7452819 0.4611817 0.6972797 0.4765834 0.7452042 0.4765834 0.7453565 0.527199 0.6495191 0.5537877 0.6805086 0.5442425 0.6893094 0.5937489 0.6805086 0.5442425 0.6495191 0.5537877 0.6495319 0.5265145 0.5785091 0.5603661 0.567434 0.5265582 0.649539 0.5265581 0.5130968 0.5010891 0.567434 0.4765834 0.5294156 0.5212432 0.567434 0.4765834 0.5130968 0.5010891 0.5095089 0.4765834 0.4896316 0.5326928 0.5095089 0.4765834 0.5130968 0.5010891 0.7453565 0.527199 0.7452042 0.4765834 0.7662041 0.5233086 0.4994633 0.541139 0.4896316 0.5326928 0.5130968 0.5010891 0.4994633 0.541139 0.5130968 0.5010891 0.5294156 0.5212432 0.7662041 0.5233086 0.7699237 0.5326985 0.7453565 0.527199 0.6972797 0.4765834 0.7453565 0.527199 0.7391274 0.5442387 0.5865828 0.5695523 0.5863875 0.6061704 0.5762296 0.585981 0.592366 0.5937489 0.5865828 0.5695523 0.649539 0.553816 0.649539 0.553816 0.5785091 0.5603661 0.649539 0.5265581 0.6421782 0.5937489 0.592366 0.5937489 0.649539 0.553816 0.7391274 0.5442387 0.7427706 0.5668001 0.735903 0.5937489 0.7427706 0.5668001 0.7391274 0.5442387 0.7629098 0.5666536 0.7690708 0.5439901 0.7629098 0.5666536 0.7391274 0.5442387 0.7391274 0.5442387 0.6805086 0.5442425 0.6972797 0.4765834 0.7690708 0.5439901 0.7391274 0.5442387 0.7453565 0.527199 0.7427706 0.5668001 0.7550204 0.5912318 0.7466558 0.6064003 0.7550204 0.5912318 0.7427706 0.5668001 0.7629098 0.5666536 0.7550308 0.5912068 0.76292 0.56668 0.7628129 0.606284 0.9071952 0.3054721 0.8998159 0.3308418 0.8715852 0.3308418 0.007503986 4.9901e-4 0.992496 4.9901e-4 0.992496 0.999501 5.39e-4 0.999501 5.39e-4 4.9901e-4 0.995046 0.999501 5.39e-4 4.9901e-4 0.995046 4.9901e-4 0.995046 0.999501 0.007503986 0.999501 0.007503986 4.9901e-4 0.992496 0.999501 0.007503986 0.999501 0.007503986 4.9901e-4 0.992496 0.999501 0.007503986 4.9901e-4 0.992496 4.9901e-4 0.992496 0.999501 0.00276798 4.9901e-4 0.00276798 0.999501 0.997232 0.999501 0.997232 4.9901e-4 0.00276798 4.9901e-4 0.997232 0.999501 0.8715852 0.3308418 0.8631134 0.3054721 0.9071952 0.3054721 0.8631134 0.3054721 0.8740541 0.2759022 0.9071952 0.3054721 0.8740541 0.2759022 0.8973466 0.2759022 0.9071952 0.3054721</float_array>
          <technique_common>
            <accessor source="#chest_mp_beta-mesh-map-0-array" count="2922" stride="2">
              <param name="S" type="float"/>
              <param name="T" type="float"/>
            </accessor>
          </technique_common>
        </source>
        <vertices id="chest_mp_beta-mesh-vertices">
          <input semantic="POSITION" source="#chest_mp_beta-mesh-positions"/>
        </vertices>
        <triangles material="emblem-material" count="8">
          <input semantic="VERTEX" source="#chest_mp_beta-mesh-vertices" offset="0"/>
          <input semantic="NORMAL" source="#chest_mp_beta-mesh-normals" offset="1"/>
          <input semantic="TEXCOORD" source="#chest_mp_beta-mesh-map-0" offset="2" set="0"/>
          <p>1148 1099 2889 1146 1100 2890 1141 1099 2891 1144 1101 2892 1145 1102 2893 1147 1103 2894 1145 1102 2895 1142 1104 2896 1147 1103 2897 1143 1105 2898 1148 1099 2899 1141 1099 2900 1151 1106 2901 1150 1107 2902 1152 1108 2903 1150 1107 2904 1149 1109 2905 1152 1108 2906 1154 1110 2907 1156 1111 2908 1155 1112 2909 1153 1113 2910 1154 1110 2911 1155 1112 2912</p>
        </triangles>
        <triangles material="head_rubber-material" count="56">
          <input semantic="VERTEX" source="#chest_mp_beta-mesh-vertices" offset="0"/>
          <input semantic="NORMAL" source="#chest_mp_beta-mesh-normals" offset="1"/>
          <input semantic="TEXCOORD" source="#chest_mp_beta-mesh-map-0" offset="2" set="0"/>
          <p>122 0 0 121 0 1 120 1 2 5 2 3 4 3 4 3 2 5 8 4 6 7 5 7 6 6 8 11 7 9 10 8 10 9 9 11 14 10 12 13 10 13 12 11 14 17 12 15 16 13 16 15 13 17 20 14 18 19 14 19 18 15 20 23 16 21 22 17 22 21 18 23 26 19 24 25 20 25 24 21 26 29 22 27 28 23 28 27 23 29 32 24 30 31 25 31 30 26 32 35 27 33 34 28 34 33 29 35 38 30 36 37 31 37 36 31 38 41 32 39 40 33 40 39 34 41 44 35 42 43 36 43 42 37 44 47 38 45 46 39 46 45 40 47 50 41 48 49 41 49 48 42 50 53 43 51 52 44 52 51 43 53 56 45 54 55 45 55 54 45 56 59 46 57 58 47 58 57 46 59 62 48 60 61 49 61 60 50 62 65 51 63 64 52 64 63 53 65 68 54 66 67 55 67 66 55 68 71 56 69 70 57 70 69 58 71 74 59 72 73 60 73 72 61 74 77 62 75 76 63 76 75 64 77 80 65 78 79 66 79 78 67 80 83 68 81 82 68 82 81 69 83 86 70 84 85 71 85 84 72 86 89 73 87 88 74 88 87 75 89 92 76 90 91 77 91 90 78 92 95 79 93 94 79 94 93 80 95 98 81 96 0 82 97 96 82 98 101 83 99 100 84 100 99 85 101 104 86 102 103 86 103 102 87 104 107 88 105 106 89 106 105 90 107 110 91 108 109 92 109 108 92 110 113 93 111 112 94 112 111 94 113 116 95 114 115 96 115 114 97 116 119 98 117 118 99 118 117 99 119 2 100 120 1 101 121 97 102 122 125 103 123 124 104 124 123 103 125 128 105 126 127 105 127 126 106 128 131 107 129 130 108 130 129 108 131 134 109 132 133 110 133 132 111 134 137 112 135 136 112 136 135 112 137 140 113 138 139 114 139 138 114 140 143 115 141 142 116 142 141 115 143 146 117 144 145 118 145 144 119 146 149 120 147 148 120 148 147 120 149 152 121 150 151 122 151 150 123 152 155 124 153 154 125 154 153 125 155 158 126 156 157 127 157 156 126 158 161 128 159 160 129 160 159 130 161 164 131 162 163 132 163 162 133 164 165 134 165 8 4 166 6 6 167</p>
        </triangles>
        <triangles material="legs_armor-material" count="386">
          <input semantic="VERTEX" source="#chest_mp_beta-mesh-vertices" offset="0"/>
          <input semantic="NORMAL" source="#chest_mp_beta-mesh-normals" offset="1"/>
          <input semantic="TEXCOORD" source="#chest_mp_beta-mesh-map-0" offset="2" set="0"/>
          <p>182 135 168 183 136 169 184 137 170 183 136 171 182 135 172 181 138 173 196 139 174 181 138 175 182 135 176 181 138 177 196 139 178 179 140 179 167 141 180 179 140 181 196 139 182 179 140 183 167 141 184 177 142 185 196 139 186 169 143 187 168 144 188 172 145 189 171 146 190 170 147 191 171 146 192 172 145 193 173 148 194 174 149 195 173 148 196 172 145 197 173 148 198 174 149 199 185 150 200 169 143 201 171 146 202 168 144 203 171 146 204 169 143 205 170 147 206 187 151 207 176 152 208 175 153 209 175 153 210 176 152 211 189 154 212 183 136 213 178 155 214 180 156 215 174 149 216 187 151 217 192 157 218 183 136 219 180 156 220 184 137 221 193 158 222 191 159 223 190 160 224 174 149 225 192 157 226 185 150 227 173 148 228 185 150 229 186 161 230 198 162 231 195 163 232 191 159 233 195 163 234 198 162 235 194 164 236 199 165 237 194 164 238 198 162 239 195 163 240 190 160 241 191 159 242 188 166 243 175 153 244 189 154 245 175 153 246 192 157 247 187 151 248 166 167 249 199 165 250 197 168 251 168 144 252 167 141 253 196 139 254 197 168 255 199 165 256 198 162 257 201 169 258 216 170 259 208 171 260 216 170 261 201 169 262 214 172 263 200 173 264 231 174 265 209 175 266 204 176 267 202 177 268 237 178 269 243 179 270 203 180 271 238 181 272 203 180 273 243 179 274 233 182 275 221 183 276 219 184 277 205 185 278 219 184 279 221 183 280 218 186 281 208 171 282 218 186 283 221 183 284 218 186 285 208 171 286 216 170 287 205 185 288 219 184 289 206 187 290 217 188 291 207 189 292 222 190 293 219 184 294 217 188 295 222 190 296 217 188 297 219 184 298 218 186 299 223 191 300 206 187 301 219 184 302 212 192 303 210 193 304 220 194 305 215 195 306 217 188 307 216 170 308 218 186 309 216 170 310 217 188 311 219 184 312 222 190 313 223 191 314 213 196 315 215 195 316 214 172 317 214 172 318 215 195 319 216 170 320 220 194 321 223 191 322 222 190 323 210 193 324 211 197 325 231 174 326 210 193 327 231 174 328 220 194 329 220 194 330 231 174 331 223 191 332 209 175 333 231 174 334 211 197 335 206 187 336 223 191 337 231 174 338 227 198 339 239 199 340 204 176 341 204 176 342 229 200 343 227 198 344 229 200 345 204 176 346 235 201 347 236 202 348 235 201 349 204 176 350 204 176 351 237 178 352 236 202 353 207 189 354 217 188 355 247 203 356 211 197 357 210 193 358 250 204 359 215 195 360 247 203 361 217 188 362 247 203 363 215 195 364 213 196 365 254 205 366 247 203 367 213 196 368 212 192 369 250 204 370 210 193 371 230 206 372 242 207 373 228 208 374 242 207 375 230 206 376 241 209 377 243 179 378 241 209 379 230 206 380 241 209 381 243 179 382 238 181 383 242 207 384 244 210 385 240 211 386 244 210 387 242 207 388 241 209 389 235 201 390 225 212 391 229 200 392 232 213 393 234 214 394 233 182 395 234 214 396 232 213 397 226 215 398 227 198 399 229 200 400 228 208 401 224 216 402 230 206 403 228 208 404 230 206 405 224 216 406 226 215 407 226 215 408 232 213 409 230 206 410 239 199 411 227 198 412 242 207 413 242 207 414 240 211 415 239 199 416 232 213 417 233 182 418 243 179 419 241 209 420 238 181 421 244 210 422 230 206 423 232 213 424 243 179 425 228 208 426 242 207 427 227 198 428 235 201 429 236 202 430 283 217 431 226 215 432 284 218 433 234 214 434 283 217 435 225 212 436 235 201 437 246 219 438 255 220 439 248 221 440 253 222 441 269 223 442 271 224 443 245 225 444 271 224 445 268 226 446 271 224 447 245 225 448 263 227 449 269 223 450 270 228 451 271 224 452 270 228 453 269 223 454 266 229 455 265 230 456 271 224 457 263 227 458 271 224 459 265 230 460 253 222 461 256 231 462 246 219 463 252 232 464 249 233 465 252 232 466 248 221 467 252 232 468 249 233 469 259 234 470 252 232 471 246 219 472 248 221 473 259 234 474 251 235 475 262 236 476 251 235 477 259 234 478 249 233 479 262 236 480 251 235 481 265 230 482 252 232 483 257 237 484 256 231 485 257 237 486 252 232 487 259 234 488 265 230 489 251 235 490 253 222 491 260 238 492 257 237 493 259 234 494 258 239 495 260 238 496 262 236 497 264 240 498 262 236 499 265 230 500 262 236 501 264 240 502 261 241 503 259 234 504 262 236 505 260 238 506 271 224 507 270 228 508 268 226 509 270 228 510 267 242 511 268 226 512 267 242 513 270 228 514 266 229 515 263 227 516 264 240 517 265 230 518 296 243 519 297 244 520 281 245 521 286 246 522 281 245 523 297 244 524 281 245 525 286 246 526 273 247 527 273 247 528 286 246 529 294 248 530 273 247 531 294 248 532 272 249 533 273 247 534 275 250 535 281 245 536 276 251 537 274 252 538 295 253 539 295 253 540 281 245 541 275 250 542 281 245 543 295 253 544 296 243 545 295 253 546 275 250 547 277 254 548 280 255 549 294 248 550 289 256 551 294 248 552 280 255 553 272 249 554 276 251 555 295 253 556 277 254 557 278 257 558 272 249 559 280 255 560 280 255 561 289 256 562 282 258 563 280 255 564 282 258 565 291 259 566 286 246 567 287 260 568 288 261 569 285 262 570 276 251 571 277 254 572 286 246 573 288 261 574 294 248 575 293 263 576 278 257 577 290 264 578 290 264 579 278 257 580 280 255 581 296 243 582 295 253 583 274 252 584 292 265 585 290 264 586 291 259 587 290 264 588 292 265 589 293 263 590 290 264 591 280 255 592 291 259 593 288 261 594 289 256 595 294 248 596 297 244 597 279 266 598 286 246 599 305 267 600 306 268 601 322 269 602 315 270 603 323 271 604 299 272 605 304 273 606 326 274 607 310 275 608 326 274 609 304 273 610 300 276 611 319 277 612 314 278 613 301 279 614 314 278 615 319 277 616 320 280 617 318 281 618 302 282 619 316 283 620 311 284 621 312 285 622 303 286 623 312 285 624 311 284 625 313 287 626 321 288 627 313 287 628 311 284 629 307 289 630 324 290 631 308 291 632 314 278 633 312 285 634 313 287 635 317 292 636 316 283 637 315 270 638 316 283 639 317 292 640 318 281 641 317 292 642 315 270 643 299 272 644 314 278 645 313 287 646 301 279 647 318 281 648 317 292 649 322 269 650 322 269 651 306 268 652 318 281 653 309 293 654 308 291 655 324 290 656 308 291 657 309 293 658 326 274 659 325 294 660 320 280 661 319 277 662 311 284 663 298 295 664 321 288 665 324 290 666 321 288 667 298 295 668 326 274 669 309 293 670 310 275 671 331 296 672 339 297 673 327 298 674 329 299 675 337 300 676 332 301 677 333 302 678 335 303 679 344 304 680 333 302 681 344 304 682 348 305 683 336 306 684 348 305 685 349 307 686 332 301 687 330 308 688 329 299 689 330 308 690 332 301 691 331 296 692 353 309 693 355 310 694 338 311 695 355 310 696 353 309 697 354 312 698 352 313 699 354 312 700 353 309 701 331 296 702 327 298 703 334 314 704 330 308 705 331 296 706 334 314 707 345 315 708 329 299 709 328 316 710 328 316 711 355 310 712 345 315 713 341 317 714 340 318 715 342 319 716 342 319 717 352 313 718 341 317 719 352 313 720 342 319 721 346 320 722 343 321 723 351 322 724 347 323 725 350 324 726 348 305 727 344 304 728 348 305 729 350 324 730 349 307 731 355 310 732 354 312 733 345 315 734 354 312 735 352 313 736 346 320 737 351 322 738 350 324 739 347 323 740 350 324 741 351 322 742 349 307 743 384 325 744 385 326 745 378 327 746 366 328 747 380 329 748 365 330 749 380 329 750 366 328 751 378 327 752 356 331 753 378 327 754 366 328 755 378 327 756 356 331 757 360 332 758 364 333 759 365 330 760 379 334 761 382 335 762 402 336 763 383 337 764 365 330 765 380 329 766 379 334 767 381 338 768 399 339 769 401 340 770 399 339 771 381 338 772 379 334 773 358 341 774 379 334 775 381 338 776 379 334 777 358 341 778 362 342 779 400 343 780 378 327 781 385 326 782 378 327 783 400 343 784 380 329 785 403 344 786 380 329 787 400 343 788 380 329 789 403 344 790 399 339 791 379 334 792 380 329 793 399 339 794 384 325 795 378 327 796 360 332 797 363 345 798 383 337 799 384 325 800 383 337 801 363 345 802 382 335 803 364 333 804 379 334 805 362 342 806 363 345 807 361 346 808 382 335 809 359 347 810 363 345 811 384 325 812 381 338 813 357 348 814 358 341 815 384 325 816 360 332 817 359 347 818 413 349 819 392 350 820 397 351 821 397 351 822 392 350 823 393 352 824 383 337 825 417 353 826 384 325 827 417 353 828 383 337 829 402 336 830 397 351 831 393 352 832 391 354 833 384 325 834 417 353 835 385 326 836 369 355 837 390 356 838 375 357 839 390 356 840 369 355 841 389 358 842 368 359 843 389 358 844 369 355 845 374 360 846 367 361 847 393 352 848 388 362 849 393 352 850 377 363 851 393 352 852 388 362 853 391 354 854 411 364 855 391 354 856 388 362 857 376 365 858 374 360 859 387 366 860 390 356 861 372 367 862 375 357 863 372 367 864 390 356 865 373 368 866 374 360 867 392 350 868 387 366 869 392 350 870 374 360 871 393 352 872 388 362 873 377 363 874 370 369 875 377 363 876 393 352 877 367 361 878 386 370 879 388 362 880 371 371 881 388 362 882 386 370 883 411 364 884 419 372 885 411 364 886 386 370 887 371 371 888 388 362 889 370 369 890 386 370 891 390 356 892 416 373 893 390 356 894 386 370 895 373 368 896 371 371 897 373 368 898 386 370 899 416 373 900 419 372 901 386 370 902 416 373 903 390 356 904 389 358 905 416 373 906 389 358 907 418 374 908 413 349 909 387 366 910 392 350 911 406 375 912 445 376 913 453 377 914 445 376 915 406 375 916 428 378 917 395 379 918 405 380 919 398 381 920 405 380 921 395 379 922 396 382 923 405 380 924 394 383 925 398 381 926 394 383 927 405 380 928 443 384 929 439 385 930 443 384 931 405 380 932 441 386 933 439 385 934 405 380 935 396 382 936 440 387 937 442 388 938 441 386 939 405 380 940 442 388 941 396 382 942 442 388 943 405 380 944 443 384 945 425 389 946 394 383 947 426 390 948 404 391 949 451 392 950 404 391 951 426 390 952 450 393 953 430 394 954 406 375 955 448 395 956 449 396 957 404 391 958 450 393 959 451 392 960 404 391 961 452 397 962 466 398 963 482 399 964 409 400 965 488 401 966 422 402 967 471 403 968 422 402 969 488 401 970 410 404 971 420 405 972 480 406 973 490 407 974 480 406 975 420 405 976 485 408 977 492 409 978 485 408 979 420 405 980 420 405 981 489 410 982 492 409 983 422 402 984 407 411 985 486 412 986 421 413 987 414 414 988 415 415 989 414 414 990 421 413 991 408 416 992 477 417 993 408 416 994 421 413 995 408 416 996 477 417 997 412 418 998 421 413 999 472 419 1000 477 417 1001 472 419 1002 421 413 1003 479 420 1004 421 413 1005 409 400 1006 482 399 1007 409 400 1008 421 413 1009 415 415 1010 482 399 1011 479 420 1012 421 413 1013 431 421 1014 447 422 1015 444 423 1016 447 422 1017 431 421 1018 423 424 1019 457 425 1020 458 426 1021 459 427 1022 459 427 1023 458 426 1024 456 428 1025 424 429 1026 455 430 1027 456 428 1028 456 428 1029 455 430 1030 454 431 1031 446 432 1032 447 422 1033 423 424 1034 424 429 1035 456 428 1036 458 426 1037 432 433 1038 537 434 1039 540 435 1040 537 434 1041 432 433 1042 433 436 1043 538 437 1044 537 434 1045 433 436 1046 536 438 1047 533 439 1048 436 440 1049 435 441 1050 436 440 1051 533 439 1052 536 438 1053 436 440 1054 437 442 1055 437 442 1056 532 443 1057 536 438 1058 532 443 1059 437 442 1060 438 444 1061 535 445 1062 532 443 1063 438 444 1064 427 446 1065 539 447 1066 429 448 1067 429 448 1068 539 447 1069 534 449 1070 538 437 1071 433 436 1072 434 450 1073 478 451 1074 474 452 1075 476 453 1076 478 451 1077 476 453 1078 481 454 1079 467 455 1080 473 456 1081 465 457 1082 473 456 1083 467 455 1084 487 458 1085 478 451 1086 481 454 1087 484 459 1088 469 460 1089 468 461 1090 465 457 1091 469 460 1092 465 457 1093 470 462 1094 465 457 1095 468 461 1096 467 455 1097 565 463 1098 584 464 1099 491 465 1100 565 463 1101 493 466 1102 580 467 1103 493 466 1104 565 463 1105 491 465 1106 545 468 1107 463 469 1108 547 470 1109 463 469 1110 545 468 1111 462 471 1112 483 472 1113 475 473 1114 579 474 1115 579 474 1116 580 467 1117 483 472 1118 483 472 1119 580 467 1120 493 466 1121 460 475 1122 573 476 1123 464 477 1124 573 476 1125 460 475 1126 546 478 1127 546 478 1128 461 479 1129 548 480 1130 461 479 1131 546 478 1132 460 475 1133 526 481 1134 502 482 1135 501 483 1136 502 482 1137 526 481 1138 494 484 1139 499 485 1140 498 486 1141 500 487 1142 498 486 1143 499 485 1144 503 488 1145 506 489 1146 503 488 1147 499 485 1148 503 488 1149 506 489 1150 502 482 1151 501 483 1152 502 482 1153 506 489 1154 497 490 1155 500 487 1156 496 491 1157 500 487 1158 498 486 1159 495 492 1160 495 492 1161 496 491 1162 500 487 1163 519 493 1164 505 494 1165 521 495 1166 507 496 1167 528 497 1168 509 498 1169 528 497 1170 507 496 1171 530 499 1172 504 500 1173 521 495 1174 505 494 1175 531 501 1176 510 502 1177 525 503 1178 511 504 1179 510 502 1180 508 505 1181 510 502 1182 511 504 1183 512 506 1184 512 506 1185 525 503 1186 510 502 1187 514 507 1188 513 508 1189 518 509 1190 515 510 1191 518 509 1192 513 508 1193 514 507 1194 518 509 1195 517 511 1196 524 512 1197 517 511 1198 523 513 1199 517 511 1200 518 509 1201 516 514 1202 521 495 1203 520 515 1204 519 493 1205 527 516 1206 519 493 1207 520 515 1208 516 514 1209 523 513 1210 517 511 1211 523 513 1212 522 517 1213 524 512 1214 522 517 1215 523 513 1216 527 516 1217 530 499 1218 529 518 1219 528 497 1220 529 518 1221 530 499 1222 531 501 1223 520 515 1224 522 517 1225 527 516 1226 525 503 1227 529 518 1228 531 501 1229 581 519 1230 582 520 1231 586 521 1232 582 520 1233 581 519 1234 574 522 1235 577 523 1236 574 522 1237 581 519 1238 574 522 1239 577 523 1240 578 524 1241 558 525 1242 578 524 1243 577 523 1244 586 521 1245 552 526 1246 544 527 1247 552 526 1248 586 521 1249 582 520 1250 560 528 1251 554 529 1252 587 530 1253 542 531 1254 572 532 1255 571 533 1256 572 532 1257 542 531 1258 543 534 1259 583 535 1260 543 534 1261 542 531 1262 543 534 1263 583 535 1264 585 536 1265 541 537 1266 585 536 1267 583 535 1268 575 538 1269 557 539 1270 556 540 1271 556 540 1272 576 541 1273 575 538 1274 563 542 1275 562 543 1276 564 544 1277 563 542 1278 559 545 1279 560 528 1280 559 545 1281 563 542 1282 564 544 1283 563 542 1284 560 528 1285 561 546 1286 570 547 1287 567 548 1288 568 549 1289 567 548 1290 570 547 1291 569 550 1292 541 537 1293 569 550 1294 570 547 1295 570 547 1296 585 536 1297 541 537 1298 549 551 1299 544 527 1300 552 526 1301 587 530 1302 551 552 1303 550 553 1304 551 552 1305 587 530 1306 554 529 1307 557 539 1308 550 553 1309 553 554 1310 551 552 1311 553 554 1312 550 553 1313 553 554 1314 556 540 1315 557 539 1316 587 530 1317 561 546 1318 560 528 1319 552 526 1320 555 555 1321 549 551 1322 577 523 1323 566 556 1324 558 525 1325</p>
        </triangles>
        <triangles material="torso_armor-material" count="272">
          <input semantic="VERTEX" source="#chest_mp_beta-mesh-vertices" offset="0"/>
          <input semantic="NORMAL" source="#chest_mp_beta-mesh-normals" offset="1"/>
          <input semantic="TEXCOORD" source="#chest_mp_beta-mesh-map-0" offset="2" set="0"/>
          <p>609 557 1326 596 558 1327 608 559 1328 596 558 1329 609 557 1330 597 560 1331 591 561 1332 594 562 1333 624 563 1334 594 562 1335 591 561 1336 593 564 1337 591 561 1338 595 565 1339 593 564 1340 594 562 1341 625 566 1342 624 563 1343 598 567 1344 599 568 1345 601 569 1346 599 568 1347 600 568 1348 601 569 1349 603 570 1350 602 571 1351 617 572 1352 603 570 1353 617 572 1354 616 573 1355 605 574 1356 604 575 1357 606 576 1358 605 574 1359 606 576 1360 607 577 1361 610 578 1362 609 557 1363 608 559 1364 609 557 1365 610 578 1366 611 579 1367 612 580 1368 613 580 1369 589 580 1370 588 581 1371 614 581 1372 615 582 1373 616 573 1374 617 572 1375 618 583 1376 619 584 1377 620 585 1378 621 586 1379 592 587 1380 623 588 1381 622 589 1382 623 588 1383 592 587 1384 590 590 1385 635 591 1386 636 592 1387 651 593 1388 636 592 1389 635 591 1390 656 594 1391 637 595 1392 638 595 1393 628 595 1394 641 596 1395 644 597 1396 645 598 1397 644 597 1398 641 596 1399 639 599 1400 667 600 1401 661 601 1402 669 602 1403 661 601 1404 667 600 1405 688 603 1406 658 604 1407 688 603 1408 667 600 1409 688 603 1410 658 604 1411 672 605 1412 671 606 1413 672 605 1414 658 604 1415 660 607 1416 640 608 1417 629 609 1418 640 608 1419 660 607 1420 659 610 1421 646 611 1422 650 612 1423 647 613 1424 646 611 1425 647 613 1426 648 614 1427 654 615 1428 657 616 1429 649 617 1430 657 616 1431 654 615 1432 655 618 1433 654 615 1434 649 617 1435 648 614 1436 649 617 1437 653 619 1438 652 620 1439 653 619 1440 649 617 1441 657 616 1442 652 620 1443 651 593 1444 650 612 1445 651 593 1446 652 620 1447 653 619 1448 655 618 1449 656 594 1450 657 616 1451 667 600 1452 643 621 1453 658 604 1454 643 621 1455 667 600 1456 670 622 1457 670 622 1458 665 623 1459 642 624 1460 665 623 1461 670 622 1462 675 625 1463 669 602 1464 675 625 1465 670 622 1466 675 625 1467 669 602 1468 676 626 1469 668 627 1470 676 626 1471 669 602 1472 667 600 1473 669 602 1474 670 622 1475 632 628 1476 633 629 1477 634 630 1478 633 629 1479 632 628 1480 627 631 1481 668 627 1482 661 601 1483 666 632 1484 661 601 1485 668 627 1486 669 602 1487 664 633 1488 663 634 1489 662 635 1490 663 634 1491 664 633 1492 673 636 1493 674 637 1494 673 636 1495 664 633 1496 630 638 1497 631 639 1498 626 638 1499 643 621 1500 670 622 1501 642 624 1502 676 626 1503 668 627 1504 677 640 1505 678 641 1506 648 614 1507 647 613 1508 648 614 1509 678 641 1510 686 642 1511 654 615 1512 648 614 1513 679 643 1514 660 607 1515 629 609 1516 680 644 1517 678 641 1518 647 613 1519 681 645 1520 681 645 1521 647 613 1522 682 646 1523 684 647 1524 683 648 1525 665 623 1526 683 648 1527 684 647 1528 681 645 1529 665 623 1530 675 625 1531 684 647 1532 681 645 1533 682 646 1534 683 648 1535 676 626 1536 677 640 1537 685 649 1538 680 644 1539 677 640 1540 660 607 1541 677 640 1542 680 644 1543 685 649 1544 686 642 1545 679 643 1546 648 614 1547 688 603 1548 687 650 1549 661 601 1550 661 601 1551 687 650 1552 666 632 1553 666 632 1554 687 650 1555 689 651 1556 691 652 1557 690 653 1558 662 635 1559 690 653 1560 691 652 1561 696 654 1562 692 655 1563 696 654 1564 691 652 1565 691 652 1566 693 656 1567 692 655 1568 640 608 1569 659 610 1570 694 657 1571 662 635 1572 690 653 1573 664 633 1574 689 651 1575 687 650 1576 695 658 1577 689 651 1578 694 657 1579 659 610 1580 694 657 1581 689 651 1582 695 658 1583 706 659 1584 703 660 1585 708 661 1586 702 662 1587 707 663 1588 705 664 1589 720 665 1590 722 666 1591 699 667 1592 719 668 1593 710 669 1594 717 670 1595 710 669 1596 719 668 1597 709 671 1598 698 672 1599 699 667 1600 722 666 1601 717 670 1602 700 673 1603 748 674 1604 700 673 1605 717 670 1606 710 669 1607 746 675 1608 704 676 1609 701 677 1610 704 676 1611 746 675 1612 747 678 1613 709 671 1614 719 668 1615 697 679 1616 698 672 1617 722 666 1618 745 680 1619 702 662 1620 730 681 1621 735 682 1622 730 681 1623 702 662 1624 729 683 1625 706 659 1626 708 661 1627 733 684 1628 720 665 1629 703 660 1630 706 659 1631 703 660 1632 720 665 1633 699 667 1634 707 663 1635 702 662 1636 735 682 1637 734 685 1638 725 686 1639 706 659 1640 725 686 1641 720 665 1642 706 659 1643 706 659 1644 733 684 1645 734 685 1646 712 687 1647 697 679 1648 719 668 1649 735 682 1650 708 661 1651 707 663 1652 708 661 1653 735 682 1654 733 684 1655 726 688 1656 723 689 1657 725 686 1658 723 689 1659 726 688 1660 724 690 1661 734 685 1662 726 688 1663 725 686 1664 726 688 1665 734 685 1666 728 691 1667 732 692 1668 728 691 1669 734 685 1670 721 693 1671 713 694 1672 712 687 1673 713 694 1674 721 693 1675 716 695 1676 717 670 1677 716 695 1678 721 693 1679 730 681 1680 731 696 1681 732 692 1682 731 696 1683 730 681 1684 729 683 1685 723 689 1686 724 690 1687 722 666 1688 732 692 1689 734 685 1690 730 681 1691 719 668 1692 721 693 1693 712 687 1694 721 693 1695 719 668 1696 717 670 1697 723 689 1698 722 666 1699 720 665 1700 720 665 1701 725 686 1702 723 689 1703 735 682 1704 734 685 1705 733 684 1706 734 685 1707 735 682 1708 730 681 1709 741 697 1710 740 698 1711 739 699 1712 744 700 1713 743 701 1714 742 702 1715 743 701 1716 744 700 1717 738 703 1718 736 704 1719 738 703 1720 744 700 1721 757 705 1722 727 706 1723 759 707 1724 727 706 1725 757 705 1726 716 695 1727 756 708 1728 753 709 1729 714 710 1730 750 711 1731 711 712 1732 752 713 1733 711 712 1734 750 711 1735 714 710 1736 756 708 1737 714 710 1738 750 711 1739 737 714 1740 724 690 1741 755 715 1742 749 716 1743 718 717 1744 780 718 1745 718 717 1746 749 716 1747 715 719 1748 715 719 1749 749 716 1750 751 720 1751 755 715 1752 752 713 1753 737 714 1754 718 717 1755 754 721 1756 780 718 1757 754 721 1758 718 717 1759 731 696 1760 760 722 1761 755 715 1762 724 690 1763 760 722 1764 724 690 1765 726 688 1766 760 722 1767 726 688 1768 751 720 1769 761 723 1770 716 695 1771 757 705 1772 716 695 1773 761 723 1774 713 694 1775 762 724 1776 754 721 1777 731 696 1778 715 719 1779 751 720 1780 726 688 1781 764 725 1782 765 726 1783 766 727 1784 765 726 1785 764 725 1786 763 728 1787 769 729 1788 768 730 1789 767 731 1790 768 730 1791 769 729 1792 770 732 1793 771 733 1794 769 729 1795 767 731 1796 769 729 1797 771 733 1798 772 734 1799 775 735 1800 774 736 1801 773 737 1802 774 736 1803 775 735 1804 776 738 1805 763 728 1806 776 738 1807 775 735 1808 776 738 1809 763 728 1810 764 725 1811 767 731 1812 778 739 1813 777 740 1814 778 739 1815 767 731 1816 768 730 1817 777 740 1818 771 733 1819 767 731 1820 771 733 1821 777 740 1822 779 741 1823 778 739 1824 758 742 1825 777 740 1826 758 742 1827 778 739 1828 781 743 1829 758 742 1830 779 741 1831 777 740 1832 779 741 1833 758 742 1834 782 744 1835 785 745 1836 784 746 1837 783 747 1838 784 746 1839 785 745 1840 786 748 1841 789 749 1842 788 750 1843 787 751 1844 788 750 1845 789 749 1846 790 752 1847 788 750 1848 791 753 1849 787 751 1850 791 753 1851 788 750 1852 792 754 1853 795 755 1854 794 756 1855 793 757 1856 794 756 1857 795 755 1858 796 758 1859 783 747 1860 796 758 1861 785 745 1862 796 758 1863 783 747 1864 794 756 1865 798 759 1866 787 751 1867 797 760 1868 787 751 1869 798 759 1870 789 749 1871 791 753 1872 797 760 1873 787 751 1874 797 760 1875 791 753 1876 799 761 1877 800 762 1878 798 759 1879 797 760 1880 798 759 1881 800 762 1882 801 763 1883 799 761 1884 800 762 1885 797 760 1886 800 762 1887 799 761 1888 802 764 1889 825 765 1890 804 766 1891 829 767 1892 804 766 1893 825 765 1894 809 768 1895 828 769 1896 807 770 1897 806 771 1898 807 770 1899 828 769 1900 829 767 1901 807 770 1902 829 767 1903 803 772 1904 825 765 1905 830 773 1906 809 768 1907 829 767 1908 804 766 1909 803 772 1910 826 774 1911 813 775 1912 827 776 1913 813 775 1914 826 774 1915 806 771 1916 827 776 1917 809 768 1918 830 773 1919 809 768 1920 827 776 1921 813 775 1922 826 774 1923 828 769 1924 806 771 1925 856 777 1926 857 778 1927 841 779 1928 835 780 1929 837 781 1930 836 782 1931 837 781 1932 835 780 1933 834 783 1934 838 784 1935 834 783 1936 835 780 1937 834 783 1938 838 784 1939 831 785 1940 842 786 1941 831 785 1942 838 784 1943 858 787 1944 855 788 1945 834 783 1946 856 777 1947 837 781 1948 855 788 1949 837 781 1950 856 777 1951 841 779 1952 857 778 1953 842 786 1954 832 789 1955 839 790 1956 832 789 1957 840 791 1958 832 789 1959 839 790 1960 841 779 1961 836 782 1962 841 779 1963 839 790 1964 841 779 1965 836 782 1966 837 781 1967 822 792 1968 838 784 1969 835 780 1970 838 784 1971 822 792 1972 810 793 1973 834 783 1974 855 788 1975 837 781 1976 824 794 1977 840 791 1978 815 795 1979 840 791 1980 824 794 1981 839 790 1982 811 796 1983 839 790 1984 824 794 1985 839 790 1986 811 796 1987 836 782 1988 822 792 1989 835 780 1990 817 797 1991 835 780 1992 811 796 1993 817 797 1994 811 796 1995 835 780 1996 836 782 1997 832 789 1998 833 798 1999 840 791 2000 833 798 2001 832 789 2002 842 786 2003 841 779 2004 857 778 2005 832 789 2006 840 791 2007 833 798 2008 818 799 2009 816 800 2010 833 798 2011 810 793 2012 833 798 2013 816 800 2014 818 799 2015 840 791 2016 818 799 2017 815 795 2018 831 785 2019 858 787 2020 834 783 2021 810 793 2022 833 798 2023 838 784 2024 833 798 2025 842 786 2026 838 784 2027 849 801 2028 854 802 2029 853 803 2030 854 802 2031 849 801 2032 850 804 2033 859 805 2034 848 806 2035 850 804 2036 847 807 2037 851 808 2038 852 809 2039 851 808 2040 847 807 2041 845 810 2042 849 801 2043 860 811 2044 861 812 2045 860 811 2046 849 801 2047 845 810 2048 853 803 2049 845 810 2050 849 801 2051 861 812 2052 859 805 2053 850 804 2054 843 813 2055 821 814 2056 812 815 2057 821 814 2058 843 813 2059 844 816 2060 846 817 2061 844 816 2062 843 813 2063 844 816 2064 846 817 2065 847 807 2066 846 817 2067 843 813 2068 848 806 2069 843 813 2070 812 815 2071 854 802 2072 852 809 2073 805 818 2074 820 819 2075 805 818 2076 852 809 2077 851 808 2078 854 802 2079 812 815 2080 814 820 2081 861 812 2082 850 804 2083 849 801 2084 844 816 2085 847 807 2086 852 809 2087 808 821 2088 854 802 2089 814 820 2090 854 802 2091 808 821 2092 853 803 2093 848 806 2094 843 813 2095 850 804 2096 805 818 2097 851 808 2098 808 821 2099 862 822 2100 845 810 2101 847 807 2102 845 810 2103 862 822 2104 860 811 2105 851 808 2106 853 803 2107 808 821 2108 853 803 2109 851 808 2110 845 810 2111 844 816 2112 819 823 2113 821 814 2114 819 823 2115 844 816 2116 823 824 2117 823 824 2118 852 809 2119 820 819 2120 852 809 2121 823 824 2122 844 816 2123 846 817 2124 862 822 2125 847 807 2126 850 804 2127 843 813 2128 854 802 2129 826 774 2886 827 776 2887 830 773 2888 830 773 2913 825 765 2914 826 774 2915 825 765 2916 829 767 2917 826 774 2918 829 767 2919 828 769 2920 826 774 2921</p>
        </triangles>
        <triangles material="arms_armor-material" count="252">
          <input semantic="VERTEX" source="#chest_mp_beta-mesh-vertices" offset="0"/>
          <input semantic="NORMAL" source="#chest_mp_beta-mesh-normals" offset="1"/>
          <input semantic="TEXCOORD" source="#chest_mp_beta-mesh-map-0" offset="2" set="0"/>
          <p>867 825 2130 877 826 2131 874 827 2132 877 826 2133 867 825 2134 878 828 2135 879 829 2136 878 828 2137 867 825 2138 878 828 2139 879 829 2140 880 830 2141 868 831 2142 880 830 2143 879 829 2144 869 832 2145 865 833 2146 868 831 2147 865 833 2148 869 832 2149 870 834 2150 871 835 2151 870 834 2152 869 832 2153 880 830 2154 868 831 2155 865 833 2156 863 836 2157 875 837 2158 873 838 2159 875 837 2160 863 836 2161 871 835 2162 865 833 2163 870 834 2164 866 839 2165 869 832 2166 868 831 2167 871 835 2168 875 837 2169 871 835 2170 868 831 2171 878 828 2172 881 840 2173 876 841 2174 874 827 2175 877 826 2176 876 841 2177 867 825 2178 874 827 2179 879 829 2180 876 841 2181 877 826 2182 878 828 2183 873 838 2184 875 837 2185 874 827 2186 879 829 2187 875 837 2188 868 831 2189 875 837 2190 879 829 2191 874 827 2192 887 842 2193 872 843 2194 883 844 2195 872 843 2196 887 842 2197 881 840 2198 876 841 2199 881 840 2200 887 842 2201 888 845 2202 871 835 2203 863 836 2204 871 835 2205 888 845 2206 870 834 2207 866 839 2208 870 834 2209 888 845 2210 883 844 2211 872 843 2212 864 846 2213 915 847 2214 918 848 2215 886 849 2216 925 850 2217 926 851 2218 882 852 2219 924 853 2220 885 854 2221 923 855 2222 923 855 2223 886 849 2224 918 848 2225 886 849 2226 923 855 2227 885 854 2228 882 852 2229 884 856 2230 925 850 2231 882 852 2232 926 851 2233 916 857 2234 894 858 2235 896 859 2236 895 860 2237 896 859 2238 894 858 2239 898 861 2240 889 862 2241 898 861 2242 894 858 2243 898 861 2244 889 862 2245 900 863 2246 904 864 2247 905 865 2248 900 863 2249 905 865 2250 904 864 2251 899 866 2252 903 867 2253 899 866 2254 904 864 2255 899 866 2256 903 867 2257 901 868 2258 890 869 2259 901 868 2260 903 867 2261 901 868 2262 890 869 2263 906 870 2264 900 863 2265 905 865 2266 896 859 2267 896 859 2268 898 861 2269 900 863 2270 890 869 2271 903 867 2272 904 864 2273 893 871 2274 904 864 2275 900 863 2276 904 864 2277 893 871 2278 890 869 2279 892 872 2280 890 869 2281 893 871 2282 889 862 2283 893 871 2284 900 863 2285 893 871 2286 889 862 2287 891 873 2288 901 868 2289 906 870 2290 899 866 2291 902 874 2292 899 866 2293 906 870 2294 893 871 2295 891 873 2296 892 872 2297 906 870 2298 910 875 2299 902 874 2300 907 876 2301 912 877 2302 897 878 2303 912 877 2304 907 876 2305 910 875 2306 902 874 2307 910 875 2308 907 876 2309 922 879 2310 921 880 2311 911 881 2312 894 858 2313 895 860 2314 908 882 2315 894 858 2316 908 882 2317 889 862 2318 889 862 2319 908 882 2320 891 873 2321 911 881 2322 934 883 2323 922 879 2324 934 883 2325 911 881 2326 914 884 2327 909 885 2328 913 886 2329 932 887 2330 931 888 2331 932 887 2332 913 886 2333 931 888 2334 913 886 2335 920 889 2336 914 884 2337 933 890 2338 934 883 2339 916 857 2340 927 891 2341 917 892 2342 927 891 2343 916 857 2344 928 893 2345 926 851 2346 928 893 2347 916 857 2348 918 848 2349 915 847 2350 927 891 2351 917 892 2352 927 891 2353 915 847 2354 930 894 2355 919 895 2356 921 880 2357 919 895 2358 930 894 2359 920 889 2360 929 896 2361 920 889 2362 930 894 2363 920 889 2364 929 896 2365 931 888 2366 921 880 2367 922 879 2368 930 894 2369 942 897 2370 935 898 2371 940 899 2372 935 898 2373 942 897 2374 936 900 2375 944 901 2376 939 902 2377 936 900 2378 936 900 2379 942 897 2380 944 901 2381 938 903 2382 991 904 2383 975 905 2384 991 904 2385 938 903 2386 937 906 2387 991 904 2388 937 906 2389 989 907 2390 990 908 2391 989 907 2392 937 906 2393 951 909 2394 943 910 2395 956 911 2396 956 911 2397 953 912 2398 957 913 2399 955 914 2400 950 915 2401 952 916 2402 952 916 2403 947 917 2404 945 918 2405 947 917 2406 952 916 2407 950 915 2408 943 910 2409 945 918 2410 947 917 2411 1011 919 2412 948 920 2413 968 921 2414 948 920 2415 1011 919 2416 958 922 2417 968 921 2418 948 920 2419 961 923 2420 1011 919 2421 1009 924 2422 941 925 2423 962 926 2424 959 927 2425 961 923 2426 970 928 2427 953 912 2428 969 929 2429 960 930 2430 964 931 2431 970 928 2432 961 923 2433 959 927 2434 968 921 2435 966 932 2436 954 933 2437 965 934 2438 967 935 2439 965 934 2440 954 933 2441 1010 936 2442 967 935 2443 949 937 2444 1010 936 2445 946 938 2446 1009 924 2447 946 938 2448 1010 936 2449 949 937 2450 955 914 2451 963 939 2452 971 940 2453 960 930 2454 970 928 2455 969 929 2456 956 911 2457 969 929 2458 953 912 2459 950 915 2460 955 914 2461 971 940 2462 954 933 2463 949 937 2464 967 935 2465 973 941 2466 987 942 2467 976 943 2468 987 942 2469 973 941 2470 988 944 2471 976 943 2472 987 942 2473 978 945 2474 986 946 2475 984 947 2476 983 948 2477 979 949 2478 980 950 2479 984 947 2480 978 945 2481 979 949 2482 976 943 2483 999 951 2484 1003 952 2485 998 953 2486 1003 952 2487 999 951 2488 1001 954 2489 977 955 2490 1018 956 2491 1027 957 2492 1018 956 2493 977 955 2494 972 958 2495 994 959 2496 1018 956 2497 972 958 2498 972 958 2499 974 960 2500 994 959 2501 988 944 2502 973 941 2503 995 961 2504 997 962 2505 988 944 2506 995 961 2507 992 963 2508 994 959 2509 974 960 2510 974 960 2511 993 964 2512 992 963 2513 1027 957 2514 1026 965 2515 982 966 2516 996 967 2517 1000 968 2518 1002 969 2519 1002 969 2520 1000 968 2521 1004 970 2522 1004 970 2523 984 947 2524 986 946 2525 986 946 2526 1002 969 2527 1004 970 2528 985 971 2529 998 953 2530 1003 952 2531 998 953 2532 985 971 2533 1026 965 2534 981 972 2535 1026 965 2536 985 971 2537 1015 973 2538 1016 974 2539 1017 975 2540 1040 976 2541 1012 977 2542 1005 978 2543 1012 977 2544 1040 976 2545 1008 979 2546 1083 980 2547 1008 979 2548 1040 976 2549 1008 979 2550 1083 980 2551 1084 981 2552 1007 982 2553 1080 983 2554 1015 973 2555 1080 983 2556 1007 982 2557 1055 984 2558 1056 985 2559 1055 984 2560 1007 982 2561 1016 974 2562 1080 983 2563 1045 986 2564 1080 983 2565 1016 974 2566 1015 973 2567 1045 986 2568 1014 987 2569 1016 974 2570 1050 988 2571 1006 989 2572 1048 990 2573 1047 991 2574 1040 976 2575 1013 992 2576 1006 989 2577 1051 993 2578 1048 990 2579 1025 994 2580 1022 995 2581 1021 996 2582 1110 997 2583 1117 998 2584 1029 999 2585 1110 997 2586 1029 999 2587 1101 1000 2588 1133 1001 2589 1019 1002 2590 1130 1003 2591 1028 1004 2592 1098 1005 2593 1140 1006 2594 1098 1005 2595 1028 1004 2596 1104 1007 2597 1023 1008 2598 1135 1009 2599 1025 994 2600 1140 1006 2601 1132 1010 2602 1024 1011 2603 1019 1002 2604 1139 1012 2605 1130 1003 2606 1020 1013 2607 1140 1006 2608 1030 1014 2609 1140 1006 2610 1020 1013 2611 1028 1004 2612 1101 1000 2613 1025 994 2614 1135 1009 2615 1025 994 2616 1101 1000 2617 1022 995 2618 1029 999 2619 1022 995 2620 1101 1000 2621 1080 983 2622 1079 1015 2623 1045 986 2624 1079 1015 2625 1080 983 2626 1069 1016 2627 1067 1017 2628 1069 1016 2629 1080 983 2630 1069 1016 2631 1067 1017 2632 1057 1018 2633 1059 1019 2634 1057 1018 2635 1067 1017 2636 1077 1020 2637 1073 1021 2638 1074 1022 2639 1073 1021 2640 1077 1020 2641 1072 1023 2642 1085 1024 2643 1072 1023 2644 1077 1020 2645 1079 1015 2646 1069 1016 2647 1070 1025 2648 1031 1026 2649 1055 984 2650 1082 1027 2651 1055 984 2652 1031 1026 2653 1067 1017 2654 1031 1026 2655 1062 1028 2656 1067 1017 2657 1062 1028 2658 1031 1026 2659 1082 1027 2660 1053 1029 2661 1052 1030 2662 1051 993 2663 1048 990 2664 1051 993 2665 1052 1030 2666 1078 1031 2667 1034 1032 2668 1032 1033 2669 1033 1034 2670 1037 1034 2671 1035 1035 2672 1036 1036 2673 1041 1037 2674 1038 1038 2675 1039 1039 2676 1042 1040 2677 1043 1039 2678 1055 984 2679 1067 1017 2680 1080 983 2681 1044 1041 2682 1065 1042 2683 1081 1043 2684 1046 1044 2685 1081 1043 2686 1049 1045 2687 1081 1043 2688 1046 1044 2689 1044 1041 2690 1049 1045 2691 1081 1043 2692 1076 1046 2693 1049 1045 2694 1076 1046 2695 1075 1047 2696 1065 1042 2697 1076 1046 2698 1081 1043 2699 1076 1046 2700 1065 1042 2701 1063 1048 2702 1061 1049 2703 1063 1048 2704 1065 1042 2705 1083 980 2706 1075 1047 2707 1084 981 2708 1075 1047 2709 1083 980 2710 1074 1022 2711 1077 1020 2712 1074 1022 2713 1083 980 2714 1055 984 2715 1054 1050 2716 1082 1027 2717 1054 1050 2718 1055 984 2719 1056 985 2720 1075 1047 2721 1074 1022 2722 1049 1045 2723 1075 1047 2724 1076 1046 2725 1084 981 2726 1076 1046 2727 1063 1048 2728 1084 981 2729 1085 1024 2730 1077 1020 2731 1083 980 2732 1059 1019 2733 1067 1017 2734 1058 1051 2735 1058 1051 2736 1067 1017 2737 1062 1028 2738 1061 1049 2739 1060 1052 2740 1063 1048 2741 1083 980 2742 1040 976 2743 1085 1024 2744 1047 991 2745 1085 1024 2746 1040 976 2747 1071 1053 2748 1070 1025 2749 1069 1016 2750 1064 1054 2751 1068 1055 2752 1066 1056 2753 1128 1057 2754 1124 1058 2755 1126 1059 2756 1102 1060 2757 1098 1005 2758 1104 1007 2759 1098 1005 2760 1102 1060 2761 1108 1061 2762 1120 1062 2763 1108 1061 2764 1102 1060 2765 1121 1063 2766 1120 1062 2767 1106 1064 2768 1120 1062 2769 1121 1063 2770 1122 1065 2771 1088 1066 2772 1122 1065 2773 1121 1063 2774 1136 1067 2775 1137 1067 2776 1138 1068 2777 1106 1064 2778 1120 1062 2779 1102 1060 2780 1106 1064 2781 1127 1069 2782 1121 1063 2783 1127 1069 2784 1106 1064 2785 1129 1070 2786 1094 1071 2787 1089 1072 2788 1133 1001 2789 1133 1001 2790 1130 1003 2791 1094 1071 2792 1125 1073 2793 1091 1074 2794 1119 1075 2795 1091 1074 2796 1125 1073 2797 1115 1076 2798 1125 1073 2799 1110 997 2800 1115 1076 2801 1110 997 2802 1125 1073 2803 1119 1075 2804 1140 1006 2805 1098 1005 2806 1100 1077 2807 1100 1077 2808 1132 1010 2809 1140 1006 2810 1099 1078 2811 1101 1000 2812 1135 1009 2813 1101 1000 2814 1099 1078 2815 1113 1079 2816 1114 1080 2817 1110 997 2818 1119 1075 2819 1110 997 2820 1114 1080 2821 1117 998 2822 1106 1064 2823 1102 1060 2824 1104 1007 2825 1107 1081 2826 1098 1005 2827 1108 1061 2828 1098 1005 2829 1107 1081 2830 1100 1077 2831 1105 1082 2832 1100 1077 2833 1107 1081 2834 1113 1079 2835 1099 1078 2836 1112 1083 2837 1109 1084 2838 1105 1082 2839 1107 1081 2840 1109 1084 2841 1107 1081 2842 1108 1061 2843 1112 1083 2844 1111 1085 2845 1113 1079 2846 1101 1000 2847 1113 1079 2848 1115 1076 2849 1127 1069 2850 1088 1066 2851 1121 1063 2852 1131 1086 2853 1127 1069 2854 1129 1070 2855 1129 1070 2856 1106 1064 2857 1104 1007 2858 1093 1087 2859 1131 1086 2860 1129 1070 2861 1115 1076 2862 1092 1088 2863 1091 1074 2864 1092 1088 2865 1115 1076 2866 1118 1089 2867 1090 1090 2868 1118 1089 2869 1115 1076 2870 1115 1076 2871 1110 997 2872 1101 1000 2873 1090 1090 2874 1115 1076 2875 1113 1079 2876 1103 1091 2877 1096 1092 2878 1097 1093 2879 1095 1094 2880 1086 1095 2881 1123 1095 2882 1116 1096 2883 1087 1097 2884 1134 1098 2885</p>
        </triangles>
      </mesh>
    </geometry>
    <geometry id="default_mp_recon-mesh" name="default:mp_recon">
      <mesh>
        <source id="default_mp_recon-mesh-positions">
          <float_array id="default_mp_recon-mesh-positions-array" count="1242">4.445407 -0.5436793 63.03995 4.644668 -0.5542562 65.4841 3.657074 -2.265808 63.11046 3.750382 -2.457564 65.4841 -0.01674962 -3.419103 64.11936 -0.8300953 -3.782382 65.40707 3.276259 -2.573904 68.24285 3.276259 -2.573904 68.24285 4.102251 -0.5252853 68.30467 4.445407 -0.5436793 63.03995 3.845656 1.252943 63.11046 4.644668 -0.5542562 65.4841 3.958917 1.433665 65.4841 4.102251 -0.5252853 68.30467 3.499969 1.600128 68.24285 3.499969 1.600128 68.24285 -0.454057 3.239943 65.40707 0.3160082 2.792512 64.11936 3.728178 -1.803201 61.73598 3.807995 -2.367893 62.53007 4.029177 -2.048299 61.60688 3.807995 -2.367893 62.53007 2.89488 -3.058582 61.81625 2.802415 -2.16694 61.12411 2.458698 -2.925688 62.03647 -0.9669632 -4.477212 64.77896 -3.197901 -4.365009 65.30726 -1.473688 -4.257406 61.95077 -3.627337 -4.12313 63.21461 -3.627337 -4.12313 63.21461 -1.455139 -3.653165 61.86399 -3.667247 -3.398872 63.0291 -1.455139 -3.653165 61.86399 -0.8300953 -3.782382 65.40707 -0.9669632 -4.477212 64.77896 -1.455139 -3.653165 61.86399 -1.473688 -4.257406 61.95077 -0.8300953 -3.782382 65.40707 3.276259 -2.573904 68.24285 2.766442 -4.120831 68.08554 2.766442 -4.120831 68.08554 6.891905 -2.029906 67.31314 2.766442 -4.120831 68.08554 6.154441 -3.393353 67.60386 0.8589871 0.5176485 70.69349 0.8126155 -0.349164 70.8573 1.690881 -0.3960684 69.44918 1.776601 1.203742 69.44918 -2.74598 4.072267 65.30726 -2.809215 3.119923 65.98963 -1.809537 3.239024 65.76181 -0.5158872 3.94581 64.15842 -0.454057 3.239943 65.40707 -3.198744 3.87775 63.21461 -3.315659 3.162229 63.0291 -3.158273 3.208674 63.8308 -2.809215 3.119923 65.98963 -1.043126 3.781183 61.95077 -1.088937 3.178322 61.86399 -1.088937 3.178322 61.86399 -0.5158872 3.94581 64.15842 -0.454057 3.239943 65.40707 6.449258 2.106879 67.60386 7.036642 0.6726161 67.31314 3.158219 3.192578 68.08554 3.158219 3.192578 68.08554 3.499969 1.600128 68.24285 3.158219 3.192578 68.08554 3.499969 1.600128 68.24285 -0.454057 3.239943 65.40707 -1.043126 3.781183 61.95077 -3.198744 3.87775 63.21461 -3.198744 3.87775 63.21461 -1.088937 3.178322 61.86399 -3.315659 3.162229 63.0291 -1.088937 3.178322 61.86399 0.7760793 1.526092 60.96466 -1.273022 2.651799 61.54504 -1.088937 3.178322 61.86399 -1.273022 2.651799 61.54504 -3.828286 1.975824 62.05491 -0.9219952 -3.616838 69.03694 -1.228337 -2.813485 69.3906 -1.585263 -3.155153 68.32312 -2.177706 -3.636152 65.76181 -2.177706 -3.636152 65.76181 -0.8300953 -3.782382 65.40707 2.766442 -4.120831 68.08554 -0.9219952 -3.616838 69.03694 2.766442 -4.120831 68.08554 3.356637 -3.373119 69.02285 3.356637 -3.373119 69.02285 -2.037745 -2.8282 70.60887 -2.456784 -2.113138 71.09488 2.049495 -2.10762 70.03607 4.801209 -2.245573 69.06949 4.915595 -0.568971 69.10963 2.139991 -0.4199803 70.03607 1.605163 -1.995876 69.44918 1.690881 -0.3960684 69.44918 -3.667247 -3.398872 63.0291 -3.627337 -4.12313 63.21461 -3.515763 -3.462329 63.8308 -3.197901 -4.365009 65.30726 -3.159116 -3.411286 65.98963 -1.271898 2.697323 68.32312 -0.8292511 2.312891 69.3689 -0.5628198 3.085436 69.03694 -1.809537 3.239024 65.76181 1.776601 1.203742 69.44918 1.690881 -0.3960684 69.44918 2.139991 -0.4199803 70.03607 2.230488 1.267199 70.03607 4.915595 -0.568971 69.10963 4.981079 1.110391 69.06949 3.664944 2.386007 69.02285 -2.249653 1.754177 71.09379 -1.756701 2.420495 70.60887 -0.5628198 3.085436 69.03694 3.664944 2.386007 69.02285 3.158219 3.192578 68.08554 -1.809537 3.239024 65.76181 3.158219 3.192578 68.08554 -0.454057 3.239943 65.40707 6.449258 2.106879 67.60386 6.449258 2.106879 67.60386 7.036642 0.6726161 67.31314 -6.317504 0.0329703 64.5457 -5.569641 -0.007037818 64.75725 -5.927131 1.50356 64.27667 -5.011767 1.44884 64.61731 -4.884734 2.516144 63.9946 -4.288075 2.484412 64.31898 -3.158273 3.208674 63.8308 -5.194727 2.502349 63.1224 -3.315659 3.162229 63.0291 -3.828286 1.975824 62.05491 -3.315659 3.162229 63.0291 -1.088937 3.178322 61.86399 -1.455139 -3.653165 61.86399 -3.667247 -3.398872 63.0291 -4.050311 -2.164641 62.05491 -3.667247 -3.398872 63.0291 -5.465093 -2.542175 63.1224 -4.050311 -2.164641 62.05491 -4.792271 -1.098254 62.10807 -6.15534 -1.483607 63.25149 -5.046335 -0.03508776 62.10264 -6.432732 0.03894716 63.28946 -6.086484 -1.470731 64.27667 -6.317504 0.0329703 64.5457 -5.569641 -0.007037818 64.75725 -5.170557 -1.514417 64.61731 -5.158473 -2.58908 63.9946 -4.561532 -2.621269 64.31898 -3.515763 -3.462329 63.8308 4.006694 1.338474 62.53007 3.867015 0.7852808 61.73598 4.192185 0.9968087 61.60688 4.006694 1.338474 62.53007 3.172272 2.122514 61.81625 2.985376 1.246045 61.12411 2.724565 2.036986 62.03647 2.985376 1.246045 61.12411 -5.99402 1.523793 63.25149 0.8589871 0.5176485 70.69349 1.776601 1.203742 69.44918 -1.71623 1.812118 69.9124 -2.188386 0.558576 70.86381 -3.433698 0.6431863 70.78354 -2.145385 -0.1905173 71.0363 0.8126155 -0.349164 70.8573 -6.432732 0.03894716 63.28946 -5.046335 -0.03508776 62.10264 -4.680132 0.9945095 62.10807 -3.702658 -0.1072853 71.05583 -4.834146 -0.04658401 70.35285 -4.465696 0.6983683 70.08164 -5.712413 3.18885e-4 69.1758 -4.986753 0.9370267 69.1758 -6.104471 0.02147257 68.23958 -5.30293 1.541266 68.2591 -5.996269 0.01595467 65.50905 -5.429962 1.631857 65.24977 -5.569641 -0.007037818 64.75725 -5.011767 1.44884 64.61731 -4.343441 2.733193 64.77462 -4.288075 2.484412 64.31898 -3.158273 3.208674 63.8308 -2.809215 3.119923 65.98963 -3.838965 2.56397 66.27603 -3.332803 2.328986 68.67786 -2.809215 3.119923 65.98963 -1.271898 2.697323 68.32312 -2.809215 3.119923 65.98963 -1.271898 2.697323 68.32312 -1.809537 3.239024 65.76181 -3.494684 1.217076 69.82778 -0.8292511 2.312891 69.3689 -2.804155 3.596787 64.18772 -2.988241 2.844474 64.98073 -3.441004 3.216034 65.04039 -3.446063 3.707609 64.73989 -4.692499 3.123143 65.58715 -3.446063 3.707609 64.73989 -4.692499 3.123143 65.58715 -4.962865 3.476765 65.11416 -6.607823 2.305993 66.81954 -6.940299 2.634324 66.31726 -7.029109 1.679222 67.54204 -7.653872 1.580815 67.51056 -6.77673 -0.01623332 68.18643 -7.029109 1.679222 67.54204 -6.476854 0.5162686 68.2537 -5.637093 0.3557816 68.33613 -5.447668 -0.3238723 68.38928 -2.655202 3.823489 65.32463 -2.804155 3.596787 64.18772 -3.358659 3.78762 65.35501 -4.8378 3.617938 65.77375 -6.828162 2.857811 66.87269 -4.962865 3.476765 65.11416 -7.554665 1.848906 68.11266 -6.77673 -0.01623332 68.18643 -6.901235 0.2891049 68.68219 -6.901235 0.2891049 68.68219 -5.447668 -0.3238723 68.38928 -5.569922 -0.02864897 68.8894 -1.932635 -2.22764 69.9124 2.049495 -2.10762 70.03607 -1.932635 -2.22764 69.9124 -2.456784 -2.113138 71.09488 -2.456784 -2.113138 71.09488 -1.932635 -2.22764 69.9124 -2.037745 -2.8282 70.60887 -1.228337 -2.813485 69.3906 -0.9219952 -3.616838 69.03694 2.230488 1.267199 70.03607 -1.71623 1.812118 69.9124 -1.71623 1.812118 69.9124 2.230488 1.267199 70.03607 -2.249653 1.754177 71.09379 -1.71623 1.812118 69.9124 -2.249653 1.754177 71.09379 -1.756701 2.420495 70.60887 -0.8292511 2.312891 69.3689 -1.756701 2.420495 70.60887 -0.5628198 3.085436 69.03694 6.891905 -2.029906 67.31314 3.276259 -2.573904 68.24285 4.801209 -2.245573 69.06949 4.801209 -2.245573 69.06949 3.276259 -2.573904 68.24285 4.102251 -0.5252853 68.30467 4.801209 -2.245573 69.06949 4.915595 -0.568971 69.10963 0.7659615 -1.215516 70.69349 1.605163 -1.995876 69.44918 1.690881 -0.3960684 69.44918 0.8126155 -0.349164 70.8573 -2.145385 -0.1905173 71.0363 -3.702658 -0.1072853 71.05583 -3.515201 -0.8816674 70.78354 -4.834146 -0.04658401 70.35285 -4.547481 -0.8264855 70.08164 -5.712413 3.18885e-4 69.1758 -5.091022 -1.008126 69.1758 -6.104471 0.02147257 68.23958 -5.469871 -1.575117 68.2591 -5.996269 0.01595467 65.50905 -5.605895 -1.651451 65.24977 -5.569641 -0.007037818 64.75725 -5.170557 -1.514417 64.61731 -4.643317 -2.863149 64.77462 -4.561532 -2.621269 64.31898 -3.515763 -3.462329 63.8308 -3.159116 -3.411286 65.98963 -3.159116 -3.411286 65.98963 -4.123383 -2.748187 66.27603 -3.595018 -2.568847 68.67786 -1.585263 -3.155153 68.32312 -1.585263 -3.155153 68.32312 -2.177706 -3.636152 65.76181 -3.637455 -1.4459 69.82778 -1.932635 -2.22764 69.9124 -1.228337 -2.813485 69.3906 1.605163 -1.995876 69.44918 0.7659615 -1.215516 70.69349 -1.932635 -2.22764 69.9124 -2.268203 -0.9308711 70.86381 0.8126155 -0.349164 70.8573 -1.088937 3.178322 61.86399 1.308097 2.440269 61.24562 0.7760793 1.526092 60.96466 2.905841 1.223054 60.78564 3.885281 -0.5137891 60.23781 1.766764 -0.4002065 60.19551 0.5759746 -2.209705 60.96466 2.725971 -2.13567 60.78564 1.007379 -3.175384 61.24562 -1.455139 -3.653165 61.86399 2.766442 -4.120831 68.08554 6.154441 -3.393353 67.60386 6.154441 -3.393353 67.60386 6.891905 -2.029906 67.31314 -0.8300953 -3.782382 65.40707 -2.177706 -3.636152 65.76181 -3.159116 -3.411286 65.98963 -2.988241 2.844474 64.98073 -2.655202 3.823489 65.32463 -3.441004 3.216034 65.04039 -4.692499 3.123143 65.58715 -6.607823 2.305993 66.81954 -4.8378 3.617938 65.77375 -6.828162 2.857811 66.87269 -7.554665 1.848906 68.11266 -7.029109 1.679222 67.54204 -6.476854 0.5162686 68.2537 -6.476854 0.5162686 68.2537 -7.554665 1.848906 68.11266 -5.569922 -0.02864897 68.8894 -5.637093 0.3557816 68.33613 2.725971 -2.13567 60.78564 3.885281 -0.5137891 60.23781 2.802415 -2.16694 61.12411 1.007379 -3.175384 61.24562 2.458698 -2.925688 62.03647 1.779692 -3.3722 63.36106 3.807995 -2.367893 62.53007 3.948237 -2.28834 62.83274 4.799524 -0.5625338 62.59191 3.728178 -1.803201 61.73598 4.445407 -0.5436793 63.03995 3.657074 -2.265808 63.11046 1.779692 -3.3722 63.36106 3.657074 -2.265808 63.11046 -0.01674962 -3.419103 64.11936 -0.1465924 -3.663283 64.01741 -0.8300953 -3.782382 65.40707 -1.455139 -3.653165 61.86399 2.985376 1.246045 61.12411 2.905841 1.223054 60.78564 1.308097 2.440269 61.24562 2.724565 2.036986 62.03647 2.096993 2.553391 63.36106 4.006694 1.338474 62.53007 4.137382 1.244207 62.83274 4.799524 -0.5625338 62.59191 3.867015 0.7852808 61.73598 3.885281 -0.5137891 60.23781 4.445407 -0.5436793 63.03995 3.845656 1.252943 63.11046 2.096993 2.553391 63.36106 3.845656 1.252943 63.11046 0.3160082 2.792512 64.11936 0.2131454 3.049105 64.01741 -0.454057 3.239943 65.40707 -1.088937 3.178322 61.86399 0.5759746 -2.209705 60.96466 -1.455139 -3.653165 61.86399 -1.58189 -3.110086 61.54504 -5.569922 -0.02864897 68.8894 -5.447668 -0.3238723 68.38928 -5.637093 0.3557816 68.33613 3.499969 1.600128 68.24285 7.036642 0.6726161 67.31314 4.981079 1.110391 69.06949 3.499969 1.600128 68.24285 4.981079 1.110391 69.06949 4.102251 -0.5252853 68.30467 4.981079 1.110391 69.06949 4.915595 -0.568971 69.10963 2.802415 -2.16694 61.12411 -2.988241 2.844474 64.98073 -2.804155 3.596787 64.18772 -2.655202 3.823489 65.32463 -1.58189 -3.110086 61.54504 -1.455139 -3.653165 61.86399 -4.050311 -2.164641 62.05491 -4.050311 -2.164641 62.05491 -3.703486 -0.8033201 59.7709 -3.201662 -1.524574 59.73494 0.5759746 -2.209705 60.96466 -1.532141 -2.164026 59.39009 -0.072667 -1.555052 58.99755 -4.680132 0.9945095 62.10807 -3.875324 -0.08424669 59.76723 -1.273022 2.651799 61.54504 -3.051495 1.275837 59.73494 -3.828286 1.975824 62.05491 1.766764 -0.4002065 60.19551 0.06267499 0.9716585 58.99755 0.7760793 1.526092 60.96466 1.766764 -0.4002065 60.19551 -0.072667 -1.555052 58.99755 0.7327266 -0.3311947 58.47733 -4.792271 -1.098254 62.10807 -3.875324 -0.08424669 59.76723 0.7760793 1.526092 60.96466 -1.323238 1.733032 59.39009 -1.273022 2.651799 61.54504 -1.58189 -3.110086 61.54504 -3.201662 -1.524574 59.73494 -1.532141 -2.164026 59.39009 -3.828286 1.975824 62.05491 -3.627643 0.6121233 59.7709 -1.58189 -3.110086 61.54504 -1.323238 1.733032 59.39009 0.7327266 -0.3311947 58.47733 0.5759746 -2.209705 60.96466 -5.046335 -0.03508776 62.10264 0.06267499 0.9716585 58.99755 -4.050311 -2.164641 62.05491 -3.051495 1.275837 59.73494</float_array>
          <technique_common>
            <accessor source="#default_mp_recon-mesh-positions-array" count="414" stride="3">
              <param name="X" type="float"/>
              <param name="Y" type="float"/>
              <param name="Z" type="float"/>
            </accessor>
          </technique_common>
        </source>
        <source id="default_mp_recon-mesh-normals">
          <float_array id="default_mp_recon-mesh-normals-array" count="1368">0.9405919 -0.05035823 0.3357841 0.997089 -0.05343455 0.05439162 0.6511755 -0.6671509 0.3617739 0.6661037 -0.7458267 0.006961822 0.47996 -0.7935363 0.3740838 0.2724368 -0.9530652 0.1320787 0.5190593 -0.2117957 -0.8280823 0.9096646 -0.04859912 -0.4124906 0.5190869 -0.2117211 -0.828084 0.9405876 -0.05036431 0.3357951 0.7187556 0.5938621 0.3615497 0.9970938 -0.05338495 0.05435168 0.7419827 0.6703828 0.006972312 0.909668 -0.04867392 -0.4124743 0.5388488 0.1551846 -0.8279855 0.5619872 0.7376573 0.3742088 0.2944335 0.9524956 0.07785224 0.5387716 0.1553306 -0.8280083 0.7000929 -0.7080554 -0.09234505 0.9003012 0.1157445 -0.4195963 0.8750168 -0.0390889 -0.4825121 0.4919464 -0.704786 -0.5111414 -0.7532753 -0.589206 -0.2922545 0.3317081 -0.6012554 -0.7269538 -0.5356444 -0.7330865 0.4191293 0.6344869 -0.7539811 0.1701152 -0.0399807 -0.8698955 0.4916131 0.2724584 -0.9530564 0.1320981 -0.4200935 -0.8359724 0.3530889 0.3316863 -0.6012418 -0.726975 0.1718724 -0.6536621 -0.7370114 0.6344321 -0.7540152 0.1701677 -0.5356311 -0.7331038 0.419116 -0.8443314 -0.5153025 0.1468604 -0.7532375 -0.5892665 -0.2922303 -0.6292807 -0.6157532 -0.4741876 -0.8443332 -0.5152902 0.146893 -0.5356321 -0.73312 0.4190866 -0.4200447 -0.835984 0.3531193 0.1719055 -0.6536623 -0.7370035 0.3316642 -0.601269 -0.7269625 -0.7532697 -0.5892547 -0.2921704 -0.629309 -0.6157683 -0.4741304 0.6344209 -0.754042 0.1700904 0.1718549 -0.653758 -0.7369304 0.2724822 -0.9530345 0.1322073 0.2723901 -0.9530709 0.1321353 0.5190696 -0.2117155 -0.8280962 0.3004063 -0.9248366 -0.2333094 0.8179104 0.4386284 -0.3723277 0.3003563 -0.9248624 -0.233272 0.5190487 -0.2117508 -0.8281003 0.3005057 -0.9248058 -0.2333036 0.8179505 0.4385408 -0.3723427 0.6202197 -0.7408092 -0.2579329 0.4517354 0.380796 0.8068022 0.4879391 -0.02619069 0.8724848 0.02846688 -0.001513421 0.9995936 -0.1682097 -0.4050809 0.8986741 -0.4256263 0.796937 0.4286417 -0.3284882 0.8760615 0.353004 0.08084982 0.9026347 0.4227457 0.7664799 0.6418586 0.02294063 0.294403 0.9525028 0.07788079 -0.6860727 0.6662664 -0.2922214 0.3718603 0.563929 -0.7373629 0.371787 0.5639938 -0.7373502 0.0911259 0.6250833 -0.7752207 -0.6860166 0.666362 -0.2921354 -0.5599725 0.6794737 -0.4740743 0.3718503 0.563976 -0.7373321 0.7664365 0.6419075 0.02301907 0.0911231 0.6250085 -0.7752813 -0.7849984 0.6022517 0.1451568 -0.3284116 0.8760681 0.3530589 -0.4255979 0.7969337 0.4286763 -0.6860061 0.6663262 -0.2922413 -0.5600147 0.6794312 -0.4740853 0.2943863 0.9525042 0.07792574 0.09108674 0.6251053 -0.7752074 0.7664636 0.6418778 0.02294826 0.6958155 0.67056 -0.2572747 0.7663652 -0.5234594 -0.3723906 0.3974887 0.8874734 -0.2332246 0.538812 0.1552496 -0.8279972 0.3975183 0.8874688 -0.233192 0.7664236 -0.5233848 -0.3723751 0.3975163 0.8874539 -0.2332519 0.5388227 0.1552407 -0.8279919 0.2944941 0.9524666 0.07797801 -0.09799921 0.7333483 -0.672753 0.09109437 0.6250309 -0.7752666 0.2168382 0.574211 -0.78947 0.09109318 0.625086 -0.7752223 -0.09806263 0.733362 -0.6727288 -0.4552489 0.6553177 -0.6027498 -0.3727868 -0.8797652 0.295031 -0.7942945 -0.6066915 -0.03196436 -0.5047125 -0.7975975 0.3303083 -0.03992307 -0.8698873 0.4916322 -0.03998893 -0.8699022 0.4916005 0.2723988 -0.9530645 0.1321631 0.3004012 -0.9248488 -0.2332679 -0.372757 -0.879783 0.2950158 -0.5492549 -0.7633866 0.3399413 -0.3727574 -0.879773 0.2950451 0.2349353 -0.6561455 0.7171322 -0.7055947 0.3199892 0.6322523 -0.00340259 -0.04584187 0.998943 0.7363011 0.08364582 0.6714642 0.9712741 -0.05208128 0.232194 -0.2927707 0.01568394 0.956054 -0.1241037 0.4206476 0.8986957 -0.637612 -0.5924162 0.492437 0.6201786 -0.7408811 -0.2578251 0.8179213 0.4385673 -0.3723757 0.02845406 -0.001553595 0.999594 -0.3727494 -0.8797894 0.295006 0.3004401 -0.9248332 -0.23328 0.2348845 -0.6561855 0.7171121 0.6202061 -0.7408154 -0.2579476 0.2349425 -0.6562038 0.7170764 0.3003773 -0.9248438 -0.2333185 -0.7681851 0.6385098 -0.04687154 -0.3063724 0.900523 0.3085356 -0.4124152 0.8420959 0.3475465 0.08087235 0.9026451 0.4227192 0.491913 -0.7047667 -0.5112002 0.9002902 0.1157885 -0.4196076 0.05124294 -0.9762629 -0.2104402 0.7001144 -0.7080296 -0.09237957 0.2108294 -0.9520752 -0.221594 0.7231553 -0.161828 0.6714597 0.7663462 -0.5234737 -0.3724095 0.6958333 0.6705752 -0.2571868 0.3036987 0.6272645 0.7171517 0.001407027 0.04611009 0.9989354 -0.7359401 -0.2430486 0.6319174 -0.4609014 0.8248144 0.3274921 -0.3063692 0.9005141 0.308565 0.971277 -0.05207568 0.2321834 -0.2928312 0.01568657 0.9560356 -0.1682278 -0.4051022 0.8986611 0.02846562 -0.001359045 0.9995939 -0.5468622 0.6870265 0.478473 -0.1682841 -0.4050886 0.8986566 0.001473844 0.04610675 0.9989355 -0.3063567 0.9005352 0.3085156 0.3975532 0.8874452 -0.2332226 0.08085727 0.9026685 0.422672 0.294404 0.9525045 0.07785642 0.08083653 0.9026662 0.4226809 0.3975197 0.8874586 -0.2332282 -0.3064099 0.9005042 0.3085535 0.3036864 0.6273412 0.7170897 0.3975169 0.8874562 -0.2332419 0.6958168 0.6705507 -0.2572953 -0.7671431 0.04108971 0.6401588 -0.9310953 0.04982292 0.3613577 -0.7008283 0.4665622 0.539592 -0.8044798 0.5582022 0.2030333 -0.4484859 0.7697665 0.4542247 -0.6303154 0.7632068 0.1421906 -0.7850385 0.6022076 0.1451233 -0.579069 0.7395398 -0.3431621 -0.5599658 0.6794876 -0.4740622 -0.4552398 0.6553103 -0.6027646 -0.6740424 0.3705288 -0.6390424 -0.8310827 0.4178374 -0.3670333 -0.7618121 0.04051756 -0.6465297 -0.9344965 0.0500667 -0.3524341 -0.4552165 0.6553562 -0.6027323 -0.5599538 0.679441 -0.4741432 0.09111636 0.6250821 -0.7752227 -0.4917369 -0.6216493 -0.6097106 0.1718581 -0.653671 -0.7370068 -0.6292532 -0.6157733 -0.4741981 -0.4917529 -0.6216521 -0.6096949 -0.6292719 -0.6157869 -0.4741555 -0.654794 -0.6733998 -0.3431875 -0.8443365 -0.5152894 0.1468764 -0.5282238 -0.717395 0.4542291 -0.7083976 -0.6913817 0.1420013 -0.8594945 -0.4690443 0.2031421 -0.7466757 -0.3889575 0.539618 -0.9311016 0.04980665 0.3613436 -0.7671512 0.04101514 0.6401538 -0.9344934 0.05001688 -0.3524494 -0.871007 -0.3266143 -0.3669741 -0.7618129 0.04047328 -0.6465317 -0.7085247 -0.2962354 -0.6404978 -0.4917706 -0.6216346 -0.6096984 -0.7618476 0.04052138 -0.6464875 -0.6740986 0.3705491 -0.6389715 -0.8924424 0.04885673 -0.4485081 -0.7799972 0.4581941 -0.4262189 -0.4553047 0.655332 -0.6026921 -0.4932972 0.7732242 -0.3984748 0.8826969 -0.2112286 -0.419796 0.7717871 0.6291747 -0.09210854 0.8742309 -0.05403774 -0.4824938 0.5642501 0.6481707 -0.5113676 0.4517161 0.3807842 0.8068185 -0.1683483 -0.405092 0.898643 -0.5469167 0.6869732 0.4784873 0.008885025 0.4158007 0.9094125 0.01014131 -4.87149e-4 0.9999486 -0.2287157 0.5830282 0.7795943 -0.2949185 0.01566177 0.955394 -0.6884354 0.03686928 0.7243599 -0.4327751 0.7252272 0.5354917 -0.8769558 0.04684567 0.4782825 -0.5789262 0.6154842 0.5348119 0.487936 -0.0262742 0.872484 -0.3369631 0.7583164 0.5580431 -0.2959794 0.8569703 0.4218983 -0.7682008 0.6384915 -0.04686379 -0.4123268 0.8421396 0.3475451 -0.3283917 0.876096 0.3530084 -0.9767035 0.05230641 0.208121 -0.6779747 0.6645137 0.3142799 -0.9760037 0.05238753 -0.2113585 -0.8425899 0.4769979 -0.2500308 -0.931075 0.04988694 0.3614012 -0.8044734 0.558172 0.2031417 -0.6024074 0.7882211 -0.1257492 -0.6303206 0.7631972 0.1422181 -0.785646 0.6018787 0.1431871 -0.3284412 0.8760809 0.3529995 -0.3903355 0.8973869 0.2057551 0.0808438 0.9026771 0.4226564 -0.3283755 0.8760898 0.3530384 -0.4123223 0.8421387 0.3475527 0.1596407 -0.981738 0.1034676 -0.427156 -0.9029853 0.04642534 0.3314277 0.1544429 -0.9307541 -0.4591425 0.5350224 -0.7091821 0.3313588 -0.9202705 0.2080954 0.3314077 0.1545491 -0.9307436 -0.459208 0.5349853 -0.7091678 0.6726301 0.4807292 0.562555 0.03349471 0.6395703 0.7680026 -0.3861077 0.2054923 -0.899274 0.1002354 0.7703312 0.6297165 -0.220459 0.8182553 0.5309013 0.5642903 0.6481727 -0.5113205 0.155122 0.9652034 -0.2105222 0.8827202 -0.2112808 -0.4197209 0.7717508 0.6292245 -0.09207206 0.3112727 0.9241343 -0.2215521 0.6725093 0.4807074 0.562718 0.1597447 -0.9817208 0.1034691 -0.427178 -0.9029747 0.04642868 0.3312655 -0.9203025 0.2081021 0.7186848 -0.6814959 0.1380416 -0.2204521 0.8182387 0.5309298 0.7186636 -0.6815028 0.1381176 0.1002358 0.7703445 0.6297001 0.7186641 -0.6815144 0.1380586 -0.2204701 0.8182294 0.5309365 -0.4527791 0.4919412 0.7436297 0.9522551 -0.2074666 -0.2239817 0.7186468 -0.6815248 0.1380973 -0.4527786 0.4919322 0.7436359 0.7091429 0.6476909 -0.2785908 -0.2204567 0.8182486 0.5309125 -0.3861346 0.2054334 -0.899276 -0.6653977 -0.01703256 -0.7462948 -0.8417784 -0.2662195 -0.469613 0.9522229 -0.2075508 -0.2240409 -0.3767766 -0.8040799 -0.459886 -0.4527975 0.491905 0.7436423 -0.3768231 -0.8039925 -0.4600005 -0.5095336 -0.1387128 0.8491963 0.718627 -0.6815528 0.138062 -0.3861194 0.2054173 -0.8992862 0.3313584 -0.9202659 0.2081163 -0.459095 0.5350938 -0.709159 -0.5094951 -0.1386924 0.8492227 -0.3768196 -0.8040204 -0.4599546 0.6332505 -0.7210987 -0.2810881 0.4494521 -0.1054855 0.8870545 -0.5094813 -0.1386702 0.8492347 0.6331974 -0.7211192 -0.2811552 -0.4528183 0.491936 0.7436093 -0.5095182 -0.1386716 0.8492122 0.7091158 0.6477372 -0.2785524 0.4494097 -0.1054024 0.8870859 0.5548533 0.7362523 -0.3873893 0.5548359 0.7362421 -0.3874334 0.6331547 -0.7211266 -0.2812324 -0.3768283 -0.8039961 -0.4599902 0.709152 0.6476878 -0.278575 0.9522683 -0.2074654 -0.2239266 -0.003434538 -0.04574275 0.9989474 -0.6376951 -0.5924057 0.4923418 -0.7055584 0.3200404 0.632267 -0.5492934 -0.763313 0.3400444 -0.7056131 0.3200274 0.6322125 -0.6377247 -0.5923259 0.4923996 -0.7942504 -0.6067497 -0.0319578 -0.3727277 -0.8798163 0.2949532 -0.7359212 -0.2431095 0.6319161 -0.5469033 0.6869938 0.4784728 0.001368701 0.04610419 0.9989358 -0.7359701 -0.2430278 0.6318905 -0.4608322 0.8248638 0.3274654 -0.5469354 0.6869815 0.4784539 -0.768193 0.6385013 -0.04685944 -0.7681525 0.6385527 -0.04682356 -0.4608368 0.8248707 0.3274415 -0.3063384 0.9005203 0.3085772 0.7362784 0.08372491 0.6714792 0.8179056 0.4385764 -0.3723992 0.5190387 -0.2116959 -0.8281206 0.7362313 0.08363866 0.6715416 0.5190394 -0.2117165 -0.8281149 0.9096881 -0.04865425 -0.4124323 0.9712771 -0.05211186 0.2321748 0.7362419 0.08360779 0.6715338 0.9096508 -0.04864841 -0.4125154 -0.124062 0.4206699 0.8986911 0.02842676 -0.001595616 0.9995946 0.4084308 -0.4268692 0.8068252 0.4879723 -0.02617722 0.8724666 0.01014274 -5.60522e-4 0.9999484 -0.2949377 0.01562291 0.9553888 -0.2896298 -0.5552834 0.7795994 -0.6884686 0.0368545 0.7243292 -0.5079029 -0.6750344 0.5351294 -0.8769807 0.04688924 0.4782326 -0.6413345 -0.5501861 0.534776 -0.9767207 0.052275 0.2080484 -0.7448745 -0.5882098 0.3149148 -0.9760034 0.05226325 -0.2113911 -0.4160544 -0.7179104 0.558125 -0.637651 -0.5924136 0.4923895 -0.3875249 -0.8200117 0.4211949 -0.7942987 -0.6066834 -0.03201514 -0.5046254 -0.7976387 0.3303421 -0.4200632 -0.8359843 0.3530966 -0.4839201 -0.8505334 0.2059477 -0.6831832 -0.7193198 -0.1258564 -0.8887973 -0.3841041 -0.2500068 -0.9310876 0.04991376 0.3613647 -0.8594604 -0.469095 0.2031694 -0.7083561 -0.6914232 0.1420061 -0.8443415 -0.515284 0.1468667 -0.420054 -0.8359794 0.3531193 -0.5046629 -0.7976275 0.3303117 -0.4200229 -0.8359928 0.3531244 -0.04004514 -0.8699252 0.4915555 -0.6377286 -0.5923504 0.492365 -0.1241219 0.4206744 0.8986806 0.4084592 -0.4268729 0.806809 0.4879708 -0.02624011 0.8724655 0.4084216 -0.4268894 0.8068193 -0.03563183 -0.4143785 0.9094069 -0.6377235 -0.5923566 0.4923643 0.09109175 0.6250165 -0.7752785 0.16505 0.7461 -0.6450531 0.2168779 0.5741972 -0.7894692 0.4414662 0.5949049 -0.6717111 0.5901576 -0.03170371 -0.8066654 0.4112253 -0.0234853 -0.9112312 0.1511809 -0.5918847 -0.7917178 0.3756025 -0.6387661 -0.6714914 0.0844267 -0.7594817 -0.645027 0.17181 -0.6537187 -0.7369758 0.3755634 -0.638766 -0.6715134 0.5901073 -0.03162461 -0.8067052 0.4919294 -0.7047898 -0.5111525 0.08443063 -0.7594674 -0.6450432 0.6511421 -0.6671475 0.36184 0.3496592 -0.8575574 0.3772714 0.756941 -0.6028553 0.2522022 0.9405981 -0.05039709 0.3357612 0.9942044 -0.05325192 0.09339153 0.7001357 -0.708007 -0.09239166 0.8750639 -0.03906887 -0.4824282 0.3496201 -0.8575924 0.3772283 0.2108976 -0.9520602 -0.2215937 0.6511495 -0.6671726 0.3617806 0.4799633 -0.7935361 0.37408 0.3410984 -0.9208632 0.1888459 0.2724215 -0.9530665 0.1321023 0.1718597 -0.6536459 -0.7370287 0.4414846 0.5948414 -0.6717552 0.1650787 0.7460775 -0.6450716 0.5643394 0.6481509 -0.511294 0.5900964 -0.03167271 -0.8067113 0.8742473 -0.05400681 -0.4824676 0.9942072 -0.05320876 0.09338623 0.7717652 0.6291988 -0.09212726 0.816962 0.5184578 0.2525363 0.4392913 0.8153623 0.377104 0.3112835 0.9241321 -0.2215455 0.9405847 -0.05038678 0.3358 0.7187407 0.5938521 0.361596 0.4393247 0.8153173 0.3771622 0.7187488 0.5938742 0.3615435 0.5620192 0.7376403 0.3741943 0.4376414 0.879062 0.1889975 0.2944341 0.952494 0.07787054 0.09108549 0.6250183 -0.7752777 0.151133 -0.5918885 -0.7917241 0.1718007 -0.6536719 -0.7370194 -0.014535 -0.723763 -0.6898956 0.5548169 0.7362251 -0.3874931 0.4494619 -0.1054089 0.8870587 0.6332694 -0.7210538 -0.2811608 0.5387946 0.1552115 -0.8280156 0.7663508 -0.5235235 -0.37233 0.7232034 -0.1618511 0.6714023 0.9096795 -0.04868817 -0.4124473 0.5387966 0.155238 -0.8280094 0.7231483 -0.161725 0.671492 0.9096473 -0.04864788 -0.412523 0.7231537 -0.1618553 0.671455 0.9712804 -0.05207538 0.2321693 0.6726322 0.480722 0.5625587 0.159778 -0.9817171 0.103453 0.3314611 0.1545051 -0.9307318 -0.0145623 -0.7237575 -0.6899008 0.1718225 -0.6536777 -0.7370091 -0.4917604 -0.6216172 -0.6097244 -0.8232291 -0.3703824 -0.4302452 -0.5435222 -0.7197346 -0.4319326 -0.4917883 -0.6216421 -0.6096764 -0.708549 -0.2962671 -0.6404562 -0.8924408 0.04877924 -0.44852 -0.7618717 0.04048758 -0.6464614 0.5055832 -0.7547979 -0.4179301 0.1511701 -0.5918975 -0.7917101 0.1645788 -0.8911041 -0.4229037 -0.01456826 -0.7238051 -0.6898507 -0.4552307 0.6553791 -0.6026968 -0.09801721 0.7334095 -0.6726835 -0.4932118 0.7732927 -0.3984477 0.07623708 0.9165889 -0.3924955 0.2168283 0.5742251 -0.7894625 0.4112743 -0.02353435 -0.9112078 0.5871544 0.6981395 -0.4096964 0.8555501 -0.04322469 -0.5159126 0.8555591 -0.04318094 -0.5159012 0.4111883 -0.02345931 -0.9112486 0.5056576 -0.7547643 -0.4179012 0.1511656 -0.5918974 -0.7917112 -0.09802734 0.7333998 -0.6726927 0.2168879 0.5741982 -0.7894658 0.07631349 0.9165886 -0.3924818 0.5870533 0.6982141 -0.409714 0.1645647 -0.8911095 -0.4228979 -0.01457113 -0.7237755 -0.6898818 -0.5434476 -0.7197854 -0.4319418 -0.4917668 -0.6216652 -0.6096702</float_array>
          <technique_common>
            <accessor source="#default_mp_recon-mesh-normals-array" count="456" stride="3">
              <param name="X" type="float"/>
              <param name="Y" type="float"/>
              <param name="Z" type="float"/>
            </accessor>
          </technique_common>
        </source>
        <source id="default_mp_recon-mesh-map-0">
          <float_array id="default_mp_recon-mesh-map-0-array" count="1932">0.7493312 0.3338862 0.7140061 0.3406023 0.7442697 0.3117951 0.7442697 0.3117951 0.7140061 0.3406023 0.709743 0.3186947 0.7442697 0.3117951 0.709743 0.3186947 0.7224269 0.2646144 0.7224269 0.2646144 0.709743 0.3186947 0.7009156 0.2541043 0.7009156 0.2541043 0.709743 0.3186947 0.6837124 0.3327694 0.7140061 0.3406023 0.6840741 0.3495671 0.709743 0.3186947 0.709743 0.3186947 0.6840741 0.3495671 0.6837124 0.3327694 0.7493312 0.3338862 0.7442697 0.3117951 0.7140061 0.3406023 0.7140061 0.3406023 0.7442697 0.3117951 0.709743 0.3186947 0.7140061 0.3406023 0.709743 0.3186947 0.6840741 0.3495671 0.6840741 0.3495671 0.709743 0.3186947 0.6837124 0.3327694 0.7442697 0.3117951 0.7224269 0.2646144 0.709743 0.3186947 0.709743 0.3186947 0.7224269 0.2646144 0.7003281 0.2506316 0.709743 0.3186947 0.7003281 0.2506316 0.6837124 0.3327694 0.3602432 0.8117055 0.3818751 0.77222 0.4001477 0.77222 0.4001477 0.77222 0.3818751 0.77222 0.3595051 0.7303173 0.04067564 0.4608794 0.07801926 0.4461622 0.04067564 0.5148679 0.04067564 0.5148679 0.07801926 0.4461622 0.07801926 0.5148679 0.04067564 0.5148679 0.07801926 0.5148679 0.05238032 0.5299217 0.05238032 0.5299217 0.07801926 0.5148679 0.07801926 0.5299217 0.04067564 0.5148679 0.05238032 0.5299217 0.04067564 0.5299217 0.07801926 0.4461622 0.08928716 0.44246 0.07801926 0.5148679 0.04067564 0.5148679 0.02517473 0.4794212 0.04067564 0.4608794 0.04067564 0.4608794 0.02517473 0.4794212 0.02517473 0.4567029 0.02517473 0.4794212 0.04067564 0.5148679 0.02517473 0.5225937 0.07801926 0.4369677 0.07801926 0.4461622 0.04067564 0.4608794 0.07801926 0.4369677 0.04067564 0.4608794 0.04067564 0.4517003 0.07801926 0.5148679 0.08928716 0.44246 0.08928716 0.5185702 0.2767285 0.2934522 0.3607102 0.3098063 0.313093 0.3151302 0.3779886 0.3381392 0.313093 0.3151302 0.3607102 0.3098063 0.313093 0.3151302 0.3779886 0.3381392 0.364898 0.3385064 0.09805434 0.6986952 0.09248071 0.7091288 0.1174719 0.7163346 0.09805434 0.6986952 0.1174719 0.7163346 0.1223375 0.6928818 0.04067564 0.5148679 0.04067564 0.5299217 0.05238032 0.5299217 0.04067564 0.5148679 0.05238032 0.5299217 0.07801926 0.5148679 0.07801926 0.5148679 0.05238032 0.5299217 0.07801926 0.5299217 0.04067564 0.4608794 0.04067564 0.5148679 0.07801926 0.4461622 0.07801926 0.4461622 0.04067564 0.5148679 0.07801926 0.5148679 0.07801926 0.4461622 0.07801926 0.4369677 0.04067564 0.4608794 0.04067564 0.4608794 0.07801926 0.4369677 0.04067564 0.4517003 0.07801926 0.4461622 0.07801926 0.5148679 0.08928716 0.44246 0.02517473 0.4794212 0.02517473 0.5225937 0.04067564 0.5148679 0.02517473 0.4794212 0.04067564 0.5148679 0.04067564 0.4608794 0.02517473 0.4794212 0.04067564 0.4608794 0.02517473 0.4567029 0.08928716 0.5185702 0.08928716 0.44246 0.07801926 0.5148679 0.364898 0.3385064 0.3779886 0.3381392 0.313093 0.3151302 0.3607102 0.3098063 0.313093 0.3151302 0.3779886 0.3381392 0.313093 0.3151302 0.3535097 0.3063947 0.2767285 0.2934522 0.5684127 0.6512544 0.568955 0.6363077 0.5358744 0.6384343 0.568955 0.6363077 0.5684127 0.6512544 0.6097934 0.6384343 0.1894175 0.4098281 0.1857419 0.4259222 0.1678609 0.4225107 0.1894175 0.4098281 0.1678609 0.4225107 0.1359102 0.4098435 0.1359102 0.4098435 0.1359102 0.371796 0.2015742 0.3632135 0.1359102 0.4098435 0.2015742 0.3632135 0.1894175 0.4098281 0.2031559 0.4417562 0.1894175 0.4098281 0.2320336 0.3463698 0.2031559 0.4417562 0.2320336 0.3463698 0.2207205 0.4564122 0.2207205 0.4564122 0.2320336 0.3463698 0.2524151 0.3851822 0.2524151 0.3851822 0.2320336 0.3463698 0.259661 0.3299852 0.2524151 0.3851822 0.259661 0.3299852 0.2841851 0.3298933 0.2524151 0.3851822 0.2841851 0.3298933 0.2841851 0.3841572 0.2524151 0.3851822 0.2841851 0.3841572 0.2583504 0.3963806 0.2524151 0.3851822 0.2583504 0.3963806 0.241313 0.4371972 0.259661 0.3299852 0.2320336 0.3463698 0.2425934 0.2881587 0.259661 0.3299852 0.2425934 0.2881587 0.2603539 0.2780925 0.2841851 0.3963806 0.2583504 0.3963806 0.2841851 0.3841572 0.1894175 0.4098281 0.2015742 0.3632135 0.2320336 0.3463698 0.2425934 0.2881587 0.2320336 0.3463698 0.2004444 0.3620967 0.1857419 0.4259222 0.1894175 0.4098281 0.1678609 0.4225107 0.1678609 0.4225107 0.1894175 0.4098281 0.1359102 0.4098435 0.3595051 0.7303173 0.3818751 0.77222 0.3386867 0.77222 0.3386867 0.77222 0.3818751 0.77222 0.3602432 0.8117055 0.3386867 0.77222 0.3602432 0.8117055 0.3203237 0.77222 0.3386867 0.77222 0.3203237 0.77222 0.3595051 0.7303173 0.2597513 0.3299239 0.2603539 0.2780925 0.2425934 0.2881587 0.2597513 0.3299239 0.2425934 0.2881587 0.2320336 0.3463698 0.2597513 0.3299239 0.2320336 0.3463698 0.2524151 0.3851822 0.2524151 0.3851822 0.2320336 0.3463698 0.2207205 0.4564122 0.2207205 0.4564122 0.2320336 0.3463698 0.2031559 0.4417562 0.2031559 0.4417562 0.2320336 0.3463698 0.1894175 0.4098281 0.2597513 0.3299239 0.2524151 0.3851822 0.2841851 0.3298933 0.2841851 0.3298933 0.2524151 0.3851822 0.2841851 0.3841572 0.2841851 0.3841572 0.2524151 0.3851822 0.2583504 0.3963806 0.2841851 0.3841572 0.2583504 0.3963806 0.2841851 0.3963806 0.241313 0.4371972 0.2583504 0.3963806 0.2524151 0.3851822 0.1894175 0.4098281 0.2015742 0.3632135 0.1359102 0.4098435 0.1359102 0.371796 0.1359102 0.4098435 0.2015742 0.3632135 0.1894175 0.4098281 0.2320336 0.3463698 0.2015742 0.3632135 0.2015742 0.3632135 0.2320336 0.3463698 0.2425934 0.2881587 0.1010069 0.7631939 0.1010069 0.7769166 0.1187975 0.7601954 0.1187975 0.7601954 0.1010069 0.7769166 0.1245369 0.7769166 0.1187975 0.7601954 0.1245369 0.7769166 0.1382451 0.7619088 0.1382451 0.7619088 0.1245369 0.7769166 0.1429752 0.7736886 0.1382451 0.7619088 0.1429752 0.7736886 0.1632664 0.7659782 0.1382451 0.7619088 0.1632664 0.7659782 0.1364524 0.7485532 0.1364524 0.7485532 0.1632664 0.7659782 0.1616545 0.750236 0.1364524 0.7485532 0.1616545 0.750236 0.1469823 0.7295371 0.1364524 0.7485532 0.1469823 0.7295371 0.1257871 0.7295371 0.1364524 0.7485532 0.1257871 0.7295371 0.1200177 0.7477118 0.1200177 0.7477118 0.1257871 0.7295371 0.1010069 0.7295371 0.1200177 0.7477118 0.1010069 0.7295371 0.1010069 0.7463194 0.1200177 0.7477118 0.1010069 0.7463194 0.1187975 0.7601954 0.1187975 0.7601954 0.1010069 0.7463194 0.1010069 0.7631939 0.1382451 0.7619088 0.1364524 0.7485532 0.1187975 0.7601954 0.1187975 0.7601954 0.1364524 0.7485532 0.1200177 0.7477118 0.1469823 0.7295371 0.1616545 0.750236 0.1903666 0.750236 0.1469823 0.7295371 0.1903666 0.750236 0.1616545 0.750236 0.1469823 0.7295371 0.1616545 0.750236 0.1364524 0.7485532 0.1364524 0.7485532 0.1616545 0.750236 0.1632664 0.7659782 0.1364524 0.7485532 0.1632664 0.7659782 0.1382451 0.7619088 0.1382451 0.7619088 0.1632664 0.7659782 0.1429752 0.7736886 0.1382451 0.7619088 0.1429752 0.7736886 0.1245369 0.7769166 0.1382451 0.7619088 0.1245369 0.7769166 0.1187975 0.7601954 0.1187975 0.7601954 0.1245369 0.7769166 0.1010069 0.7769166 0.1187975 0.7601954 0.1010069 0.7769166 0.1010069 0.7631939 0.1187975 0.7601954 0.1010069 0.7631939 0.1010069 0.7463194 0.1187975 0.7601954 0.1010069 0.7463194 0.1200177 0.7477118 0.1200177 0.7477118 0.1010069 0.7463194 0.1010069 0.7295371 0.1200177 0.7477118 0.1010069 0.7295371 0.1257871 0.7295371 0.1200177 0.7477118 0.1257871 0.7295371 0.1364524 0.7485532 0.1364524 0.7485532 0.1257871 0.7295371 0.1469823 0.7295371 0.1382451 0.7619088 0.1187975 0.7601954 0.1364524 0.7485532 0.1364524 0.7485532 0.1187975 0.7601954 0.1200177 0.7477118 0.1010069 0.7295371 0.1257871 0.7295371 0.1010069 0.7295371 0.1010069 0.7295371 0.1257871 0.7295371 0.1257871 0.7295371 0.1257871 0.7295371 0.1257871 0.7295371 0.1469823 0.7295371 0.1257871 0.7295371 0.1469823 0.7295371 0.1469823 0.7295371 0.3818751 0.77222 0.3602432 0.8117055 0.4001477 0.77222 0.3818751 0.77222 0.4001477 0.77222 0.3595051 0.7303173 0.09452939 0.6846053 0.1188126 0.6787918 0.06956833 0.6368739 0.09452939 0.6846053 0.06956833 0.6368739 0.05581492 0.6591026 0.09452939 0.6846053 0.05581492 0.6591026 0.04941266 0.6704847 0.04941266 0.6704847 0.05581492 0.6591026 0.04168486 0.6469861 0.04941266 0.6704847 0.04168486 0.6469861 0.0305677 0.6542835 0.0305677 0.6542835 0.04168486 0.6469861 0.01964622 0.6356652 0.01964622 0.6356652 0.04168486 0.6469861 0.03226989 0.6306167 0.01964622 0.6356652 0.03226989 0.6306167 0.01319891 0.6130387 0.01319891 0.6130387 0.03226989 0.6306167 0.03171253 0.6142778 0.03171253 0.6142778 0.03226989 0.6306167 0.04168486 0.6469861 0.09452939 0.6846053 0.04941266 0.6704847 0.08895576 0.6950235 0.04168486 0.6469861 0.05581492 0.6591026 0.06956833 0.6368739 0.04168486 0.6469861 0.06956833 0.6368739 0.05028647 0.6315959 0.05028647 0.6315959 0.06956833 0.6368739 0.06664597 0.6123197 0.06664597 0.6123197 0.06956833 0.6368739 0.08490347 0.6317947 0.06664597 0.6123197 0.08490347 0.6317947 0.08624416 0.6138495 0.06664597 0.6123197 0.08624416 0.6138495 0.08946788 0.5748535 0.01151174 0.5968069 0.01319891 0.6130387 0.03171253 0.6142778 0.04168486 0.6469861 0.05028647 0.6315959 0.03171253 0.6142778 0.03171253 0.6142778 0.05028647 0.6315959 0.03724104 0.5985816 0.03171253 0.6142778 0.03724104 0.5985816 0.01151174 0.5968069 0.01151174 0.5968069 0.03724104 0.5985816 0.01666361 0.5558528 0.01666361 0.5558528 0.03724104 0.5985816 0.04356783 0.5557915 0.01666361 0.5558528 0.04356783 0.5557915 0.02110743 0.5427878 0.02110743 0.5427878 0.04356783 0.5557915 0.04578226 0.5449296 0.04578226 0.5449296 0.04356783 0.5557915 0.06751966 0.5512632 0.04578226 0.5449296 0.06751966 0.5512632 0.06626933 0.5435374 0.06626933 0.5435374 0.06751966 0.5512632 0.08776569 0.5387337 0.08776569 0.5387337 0.06751966 0.5512632 0.08946788 0.5748535 0.08946788 0.5748535 0.06751966 0.5512632 0.06944787 0.575649 0.08946788 0.5748535 0.06944787 0.575649 0.06664597 0.6123197 0.06664597 0.6123197 0.06944787 0.575649 0.03724104 0.5985816 0.06664597 0.6123197 0.03724104 0.5985816 0.05028647 0.6315959 0.06751966 0.5512632 0.04356783 0.5557915 0.03724104 0.5985816 0.06751966 0.5512632 0.03724104 0.5985816 0.06944787 0.575649 0.09880757 0.5926304 0.08946788 0.5748535 0.08624416 0.6138495 0.02930223 0.9235532 0.02991992 0.9297644 0.01752227 0.9288159 0.01752227 0.9288159 0.02991992 0.9297644 0.02427095 0.9361286 0.02427095 0.9361286 0.02991992 0.9297644 0.04328167 0.9365876 0.01752227 0.9288159 0.02427095 0.9361286 0.01456964 0.9427986 0.01456964 0.9427986 0.02427095 0.9361286 0.0227344 0.9464245 0.0227344 0.9464245 0.02427095 0.9361286 0.04043453 0.9424316 0.0227344 0.9464245 0.04043453 0.9424316 0.04084134 0.9511976 0.04084134 0.9511976 0.04043453 0.9424316 0.06860429 0.9514577 0.3595051 0.7303173 0.3386867 0.77222 0.3818751 0.77222 0.3818751 0.77222 0.3386867 0.77222 0.3602432 0.8117055 0.3602432 0.8117055 0.3386867 0.77222 0.3203237 0.77222 0.3203237 0.77222 0.3386867 0.77222 0.3595051 0.7303173 0.01456964 0.9427986 0.0227344 0.9464245 0.01354539 0.9561238 0.01354539 0.9561238 0.0227344 0.9464245 0.0221017 0.9559249 0.0221017 0.9559249 0.0227344 0.9464245 0.0406304 0.958648 0.0406304 0.958648 0.0227344 0.9464245 0.04084134 0.9511976 0.0406304 0.958648 0.04084134 0.9511976 0.07176768 0.9586175 0.06860429 0.9514577 0.07176768 0.9586175 0.04084134 0.9511976 0.07176768 0.9586175 0.06860429 0.9514577 0.08696722 0.9513965 0.0859881 0.9589387 0.07176768 0.9586175 0.08696722 0.9513965 0.0859881 0.9589387 0.08696722 0.9513965 0.1046825 0.9545021 0.06860429 0.9514577 0.04043453 0.9424316 0.06762504 0.9463633 0.06860429 0.9514577 0.06762504 0.9463633 0.08636468 0.9470978 0.08636468 0.9470978 0.06762504 0.9463633 0.08552116 0.9414372 0.08636468 0.9470978 0.08552116 0.9414372 0.1066409 0.9441604 0.08696722 0.9513965 0.06860429 0.9514577 0.08636468 0.9470978 0.08696722 0.9513965 0.08636468 0.9470978 0.1066409 0.9441604 0.08696722 0.9513965 0.1066409 0.9441604 0.1048332 0.9497444 0.0720238 0.9411924 0.08552116 0.9414372 0.06762504 0.9463633 0.0720238 0.9411924 0.06762504 0.9463633 0.04043453 0.9424316 0.0720238 0.9411924 0.04043453 0.9424316 0.04328167 0.9365876 0.04328167 0.9365876 0.04043453 0.9424316 0.02427095 0.9361286 0.1048332 0.9497444 0.1066409 0.9441604 0.120319 0.9402133 0.1198369 0.9492853 0.1048332 0.9497444 0.120319 0.9402133 0.08696722 0.9513965 0.1048332 0.9497444 0.1046825 0.9545021 0.1046825 0.9545021 0.1048332 0.9497444 0.1198369 0.9492853 0.1046825 0.9545021 0.1198369 0.9492853 0.1161462 0.9573324 0.1124405 0.9329465 0.120319 0.9402133 0.1066409 0.9441604 0.1124405 0.9329465 0.1066409 0.9441604 0.1031761 0.9370771 0.1031761 0.9370771 0.1066409 0.9441604 0.08552116 0.9414372 0.2524151 0.3851822 0.241313 0.4371972 0.2207205 0.4564122 0.2419155 0.4574984 0.2207205 0.4564122 0.241313 0.4371972 0.2419155 0.4574984 0.241313 0.4371972 0.2627189 0.4347189 0.2419155 0.4574984 0.2627189 0.4347189 0.2889152 0.4397062 0.2207205 0.4564122 0.241313 0.4371972 0.2524151 0.3851822 0.2207205 0.4564122 0.2419155 0.4574984 0.241313 0.4371972 0.241313 0.4371972 0.2419155 0.4574984 0.2627189 0.4347189 0.2627189 0.4347189 0.2419155 0.4574984 0.2889152 0.4397062 0.3735448 0.3039163 0.3779886 0.3381392 0.3607102 0.3098063 0.3735448 0.3039163 0.3607102 0.3098063 0.3641599 0.2888779 0.3706826 0.2880212 0.3735448 0.3039163 0.3641599 0.2888779 0.1223375 0.6928818 0.1174719 0.7163346 0.09805434 0.6986952 0.09805434 0.6986952 0.1174719 0.7163346 0.09248071 0.7091288 0.04941266 0.6704847 0.0305677 0.6542835 0.04168486 0.6469861 0.04168486 0.6469861 0.0305677 0.6542835 0.01964622 0.6356652 0.04168486 0.6469861 0.01964622 0.6356652 0.03226989 0.6306167 0.03226989 0.6306167 0.01964622 0.6356652 0.01319891 0.6130387 0.03226989 0.6306167 0.01319891 0.6130387 0.03171253 0.6142778 0.03171253 0.6142778 0.01319891 0.6130387 0.01151174 0.5968069 0.03171253 0.6142778 0.01151174 0.5968069 0.03724104 0.5985816 0.03724104 0.5985816 0.01151174 0.5968069 0.01666361 0.5558528 0.03226989 0.6306167 0.03171253 0.6142778 0.04168486 0.6469861 0.04168486 0.6469861 0.03171253 0.6142778 0.05028647 0.6315959 0.04168486 0.6469861 0.05028647 0.6315959 0.06956833 0.6368739 0.06956833 0.6368739 0.05028647 0.6315959 0.06664597 0.6123197 0.06956833 0.6368739 0.06664597 0.6123197 0.08490347 0.6317947 0.08490347 0.6317947 0.06664597 0.6123197 0.08624416 0.6138495 0.08624416 0.6138495 0.06664597 0.6123197 0.08946788 0.5748535 0.08946788 0.5748535 0.06664597 0.6123197 0.06944787 0.575649 0.08946788 0.5748535 0.06944787 0.575649 0.06751966 0.5512632 0.06751966 0.5512632 0.06944787 0.575649 0.03724104 0.5985816 0.06751966 0.5512632 0.03724104 0.5985816 0.04356783 0.5557915 0.04356783 0.5557915 0.03724104 0.5985816 0.01666361 0.5558528 0.04356783 0.5557915 0.01666361 0.5558528 0.02110743 0.5427878 0.04356783 0.5557915 0.02110743 0.5427878 0.04578226 0.5449296 0.04356783 0.5557915 0.04578226 0.5449296 0.06751966 0.5512632 0.06751966 0.5512632 0.04578226 0.5449296 0.06626933 0.5435374 0.06751966 0.5512632 0.06626933 0.5435374 0.08776569 0.5387337 0.06751966 0.5512632 0.08776569 0.5387337 0.08946788 0.5748535 0.05028647 0.6315959 0.03171253 0.6142778 0.03724104 0.5985816 0.05028647 0.6315959 0.03724104 0.5985816 0.06664597 0.6123197 0.06664597 0.6123197 0.03724104 0.5985816 0.06944787 0.575649 0.08624416 0.6138495 0.08946788 0.5748535 0.09880757 0.5926304 0.06956833 0.6368739 0.1188126 0.6787918 0.09452939 0.6846053 0.08895576 0.6950235 0.04941266 0.6704847 0.09452939 0.6846053 0.09452939 0.6846053 0.04941266 0.6704847 0.05581492 0.6591026 0.09452939 0.6846053 0.05581492 0.6591026 0.06956833 0.6368739 0.06956833 0.6368739 0.05581492 0.6591026 0.04168486 0.6469861 0.04168486 0.6469861 0.05581492 0.6591026 0.04941266 0.6704847 0.334047 0.6025592 0.3615538 0.5735991 0.3742678 0.5817226 0.3742678 0.5817226 0.3615538 0.5735991 0.389844 0.5589737 0.3742678 0.5817226 0.389844 0.5589737 0.4217044 0.5562811 0.3742678 0.5817226 0.4217044 0.5562811 0.4097737 0.5803458 0.4097737 0.5803458 0.4217044 0.5562811 0.4302155 0.6094282 0.4302155 0.6094282 0.4217044 0.5562811 0.4388472 0.5832524 0.4302155 0.6094282 0.4388472 0.5832524 0.4443756 0.6146298 0.4302155 0.6094282 0.4443756 0.6146298 0.4380035 0.6540541 0.7072877 0.9042924 0.7721381 0.8971326 0.7056758 0.9103047 0.7072877 0.9042924 0.7056758 0.9103047 0.6589021 0.9037875 0.7065044 0.9651652 0.6575313 0.9543339 0.7092308 0.9543339 0.7065044 0.9651652 0.7092308 0.9543339 0.7721381 0.9651652 0.7721381 0.9651652 0.7092308 0.9543339 0.7721381 0.9543339 0.7721381 0.9543339 0.7092308 0.9543339 0.7084476 0.9493312 0.7721381 0.9543339 0.7084476 0.9493312 0.7271872 0.9324876 0.7721381 0.9543339 0.7271872 0.9324876 0.7721381 0.8971326 0.7721381 0.8971326 0.7271872 0.9324876 0.7056758 0.9103047 0.7092308 0.9543339 0.6575313 0.9543339 0.7084476 0.9493312 0.7084476 0.9493312 0.6575313 0.9543339 0.6849327 0.9324876 0.6849327 0.9324876 0.6575313 0.9543339 0.6589021 0.9037875 0.6849327 0.9324876 0.6589021 0.9037875 0.7056758 0.9103047 0.6575313 0.9543339 0.7065044 0.9651652 0.6161053 0.9651652 0.6575313 0.9543339 0.6161053 0.9651652 0.612987 0.9543339 0.612987 0.9543339 0.6161053 0.9651652 0.5796654 0.9799742 0.612987 0.9543339 0.5796654 0.9799742 0.5796654 0.8967961 0.612987 0.9543339 0.5796654 0.8967961 0.6589021 0.9037875 0.612987 0.9543339 0.6589021 0.9037875 0.6575313 0.9543339 0.7072877 0.9042924 0.6589021 0.9037875 0.7056758 0.9103047 0.7072877 0.9042924 0.7056758 0.9103047 0.7721381 0.8971326 0.7721381 0.8971326 0.7056758 0.9103047 0.7271872 0.9324876 0.7721381 0.8971326 0.7271872 0.9324876 0.7721381 0.9543339 0.7721381 0.9543339 0.7271872 0.9324876 0.7084476 0.9493312 0.7721381 0.9543339 0.7084476 0.9493312 0.7092308 0.9543339 0.7092308 0.9543339 0.7084476 0.9493312 0.6575313 0.9543339 0.6575313 0.9543339 0.7084476 0.9493312 0.6849327 0.9324876 0.6575313 0.9543339 0.6849327 0.9324876 0.6589021 0.9037875 0.6589021 0.9037875 0.6849327 0.9324876 0.7056758 0.9103047 0.7721381 0.9543339 0.7092308 0.9543339 0.7721381 0.9651652 0.7721381 0.9651652 0.7092308 0.9543339 0.7065044 0.9651652 0.7065044 0.9651652 0.7092308 0.9543339 0.6575313 0.9543339 0.7065044 0.9651652 0.6575313 0.9543339 0.6161053 0.9651652 0.6161053 0.9651652 0.6575313 0.9543339 0.612987 0.9543339 0.6161053 0.9651652 0.612987 0.9543339 0.5796654 0.9799742 0.5796654 0.9799742 0.612987 0.9543339 0.5796654 0.8967961 0.5796654 0.8967961 0.612987 0.9543339 0.6589021 0.9037875 0.6589021 0.9037875 0.612987 0.9543339 0.6575313 0.9543339 0.5358744 0.6384343 0.568955 0.6363077 0.5684127 0.6512544 0.1124405 0.9329465 0.1198369 0.9492853 0.120319 0.9402133 0.3607102 0.3098063 0.3779886 0.3381392 0.3735448 0.3039163 0.3641599 0.2888779 0.3607102 0.3098063 0.3735448 0.3039163 0.3641599 0.2888779 0.3735448 0.3039163 0.3706826 0.2880212 0.01456964 0.9427986 0.01354539 0.9561238 0.01752227 0.9288159 0.5684127 0.6512544 0.568955 0.6363077 0.6097934 0.6384343 0.1257871 0.7295371 0.1469823 0.7295371 0.1469823 0.7295371 0.1257871 0.7295371 0.1469823 0.7295371 0.1257871 0.7295371 0.1257871 0.7295371 0.1257871 0.7295371 0.1010069 0.7295371 0.1010069 0.7295371 0.1257871 0.7295371 0.1010069 0.7295371 0.5358744 0.6384343 0.5358744 0.6384343 0.5684127 0.6512544 0.5684127 0.6512544 0.5358744 0.6384343 0.5684127 0.6512544 0.6097934 0.6384343 0.5684127 0.6512544 0.6097934 0.6384343 0.6097934 0.6384343 0.5684127 0.6512544 0.5684127 0.6512544 0.3742678 0.5817226 0.4097737 0.5803458 0.3742678 0.5817226 0.3742678 0.5817226 0.4097737 0.5803458 0.4097737 0.5803458 0.4097737 0.5803458 0.4097737 0.5803458 0.4302155 0.6094282 0.4302155 0.6094282 0.4097737 0.5803458 0.4302155 0.6094282 0.5684127 0.6512544 0.5358744 0.6384343 0.5684127 0.6512544 0.5684127 0.6512544 0.5358744 0.6384343 0.5358744 0.6384343 0.5684127 0.6512544 0.5684127 0.6512544 0.6097934 0.6384343 0.6097934 0.6384343 0.5684127 0.6512544 0.6097934 0.6384343</float_array>
          <technique_common>
            <accessor source="#default_mp_recon-mesh-map-0-array" count="966" stride="2">
              <param name="S" type="float"/>
              <param name="T" type="float"/>
            </accessor>
          </technique_common>
        </source>
        <vertices id="default_mp_recon-mesh-vertices">
          <input semantic="POSITION" source="#default_mp_recon-mesh-positions"/>
        </vertices>
        <triangles material="mp_visor-material" count="14">
          <input semantic="VERTEX" source="#default_mp_recon-mesh-vertices" offset="0"/>
          <input semantic="NORMAL" source="#default_mp_recon-mesh-normals" offset="1"/>
          <input semantic="TEXCOORD" source="#default_mp_recon-mesh-map-0" offset="2" set="0"/>
          <p>0 0 0 1 1 1 2 2 2 2 2 3 1 1 4 3 3 5 2 2 6 3 3 7 4 4 8 4 4 9 3 3 10 5 5 11 5 5 12 3 3 13 6 6 14 1 1 15 8 7 16 3 3 17 3 3 18 8 7 19 7 8 20 9 9 21 10 10 22 11 11 23 11 11 24 10 10 25 12 12 26 11 11 27 12 12 28 13 13 29 13 13 30 12 12 31 14 14 32 10 10 33 17 15 34 12 12 35 12 12 36 17 15 37 16 16 38 12 12 39 16 16 40 15 17 41</p>
        </triangles>
        <triangles material="cyborg_99_armor-material" count="308">
          <input semantic="VERTEX" source="#default_mp_recon-mesh-vertices" offset="0"/>
          <input semantic="NORMAL" source="#default_mp_recon-mesh-normals" offset="1"/>
          <input semantic="TEXCOORD" source="#default_mp_recon-mesh-map-0" offset="2" set="0"/>
          <p>19 18 42 20 19 43 18 20 44 18 20 45 20 19 46 372 21 47 28 22 48 27 23 49 26 24 50 26 24 51 27 23 52 25 25 53 26 24 54 25 25 55 306 26 56 306 26 57 25 25 58 305 27 59 26 24 60 306 26 61 307 28 62 36 29 63 35 30 64 25 31 65 26 32 66 102 33 67 101 34 68 101 34 69 102 33 70 100 35 71 102 36 72 103 37 73 104 38 74 30 39 75 27 40 76 29 41 77 30 39 78 29 41 79 31 42 80 34 43 81 32 44 82 33 45 83 37 46 84 38 47 85 39 48 86 41 49 87 40 50 88 38 51 89 42 52 90 41 53 91 43 54 92 44 55 93 45 56 94 46 57 95 44 55 96 46 57 97 47 58 98 48 59 99 49 60 100 50 61 101 48 59 102 50 61 103 51 62 104 51 62 105 50 61 106 52 63 107 71 64 108 48 59 109 70 65 110 70 65 111 48 59 112 51 62 113 70 66 114 73 67 115 72 68 116 72 68 117 73 67 118 74 69 119 57 70 120 51 71 121 58 72 122 55 73 123 56 74 124 48 75 125 55 73 126 48 75 127 53 76 128 55 73 129 53 76 130 54 77 131 61 78 132 59 79 133 60 80 134 62 81 135 63 82 136 64 83 137 66 84 138 65 85 139 63 86 140 67 87 141 68 88 142 69 89 143 77 90 144 75 91 145 76 92 146 78 93 147 79 94 148 80 95 149 81 96 150 82 97 151 83 98 152 81 96 153 83 98 154 84 99 155 85 100 156 86 101 157 87 102 158 85 100 159 87 102 160 81 103 161 92 104 162 81 105 163 91 106 164 92 104 165 91 106 166 93 107 167 93 107 168 91 106 169 94 108 170 94 108 171 91 106 172 95 109 173 94 108 174 95 109 175 96 110 176 94 108 177 96 110 178 97 111 179 94 108 180 97 111 181 98 112 182 94 108 183 98 112 184 228 113 185 95 109 186 91 106 187 303 114 188 95 109 189 303 114 190 304 115 191 99 116 192 98 112 193 97 111 194 88 117 195 89 118 196 90 119 197 302 120 198 90 121 199 301 122 200 106 123 201 107 124 202 105 125 203 105 125 204 107 124 205 108 126 206 23 127 207 20 128 208 22 129 209 22 129 210 20 128 211 21 130 212 22 129 213 21 130 214 24 131 215 22 129 216 24 131 217 23 127 218 114 132 219 126 133 220 125 134 221 114 132 222 125 134 223 115 135 224 114 132 225 115 135 226 112 136 227 112 136 228 115 135 229 116 137 230 116 137 231 115 135 232 117 138 233 117 138 234 115 135 235 107 139 236 114 132 237 112 136 238 113 140 239 113 140 240 112 136 241 111 141 242 111 141 243 112 136 244 109 142 245 111 141 246 109 142 247 110 143 248 238 144 249 109 145 250 237 146 251 107 147 252 120 148 253 121 149 254 123 150 255 121 151 256 122 152 257 118 153 258 119 154 259 120 155 260 120 155 261 119 154 262 124 156 263 127 157 264 128 158 265 129 159 266 129 159 267 128 158 268 130 160 269 129 159 270 130 160 271 131 161 272 131 161 273 130 160 274 132 162 275 131 161 276 132 162 277 133 163 278 131 161 279 133 163 280 134 164 281 134 164 282 133 163 283 135 165 284 134 164 285 135 165 286 136 166 287 134 164 288 136 166 289 174 167 290 134 164 291 174 167 292 164 168 293 164 168 294 174 167 295 173 169 296 164 168 297 173 169 298 172 170 299 164 168 300 172 170 301 129 159 302 129 159 303 172 170 304 127 157 305 131 161 306 134 164 307 129 159 308 129 159 309 134 164 310 164 168 311 136 171 312 137 172 313 138 173 314 141 174 315 139 175 316 140 176 317 141 177 318 142 178 319 143 179 320 143 179 321 142 178 322 155 180 323 143 179 324 155 180 325 153 181 326 153 181 327 155 180 328 154 182 329 153 181 330 154 182 331 152 183 332 153 181 333 152 183 334 149 184 335 149 184 336 152 183 337 151 185 338 149 184 339 151 185 340 150 186 341 149 184 342 150 186 343 148 187 344 149 184 345 148 187 346 146 188 347 146 188 348 148 187 349 147 189 350 146 188 351 147 189 352 145 190 353 146 188 354 145 190 355 143 179 356 143 179 357 145 190 358 144 191 359 153 181 360 149 184 361 143 179 362 143 179 363 149 184 364 146 188 365 147 192 366 385 193 367 386 194 368 386 194 369 385 193 370 405 195 371 405 195 372 385 193 373 404 196 374 405 195 375 404 196 376 413 197 377 158 198 378 156 199 379 157 200 380 158 198 381 157 200 382 163 201 383 165 202 384 166 203 385 167 204 386 165 202 387 167 204 388 168 205 389 165 202 390 168 205 391 170 206 392 170 206 393 168 205 394 169 207 395 170 206 396 169 207 397 175 208 398 175 208 399 169 207 400 176 209 401 176 209 402 169 207 403 177 210 404 176 209 405 177 210 406 178 211 407 178 211 408 177 210 409 179 212 410 179 212 411 177 210 412 169 207 413 165 202 414 170 206 415 171 213 416 169 207 417 168 205 418 167 204 419 169 207 420 167 204 421 197 214 422 197 214 423 167 204 424 191 215 425 191 215 426 167 204 427 198 216 428 191 215 429 198 216 430 193 217 431 191 215 432 193 217 433 192 218 434 180 219 435 178 211 436 179 212 437 169 207 438 197 214 439 179 212 440 179 212 441 197 214 442 181 220 443 179 212 444 181 220 445 180 219 446 180 219 447 181 220 448 182 221 449 182 221 450 181 220 451 183 222 452 182 221 453 183 222 454 184 223 455 184 223 456 183 222 457 185 224 458 185 224 459 183 222 460 186 225 461 185 224 462 186 225 463 187 226 464 187 226 465 186 225 466 188 227 467 188 227 468 186 225 469 189 228 470 189 228 471 186 225 472 190 229 473 189 228 474 190 229 475 191 215 476 191 215 477 190 229 478 181 220 479 191 215 480 181 220 481 197 214 482 186 225 483 183 222 484 181 220 485 186 225 486 181 220 487 190 229 488 196 230 489 194 231 490 195 232 491 200 233 492 201 234 493 199 235 494 199 235 495 201 234 496 202 236 497 202 236 498 201 234 499 203 237 500 217 238 501 202 239 502 216 240 503 216 240 504 202 239 505 218 241 506 218 241 507 202 239 508 206 242 509 218 241 510 206 242 511 219 243 512 219 243 513 206 242 514 220 244 515 161 245 516 160 246 517 158 247 518 158 247 519 160 246 520 159 248 521 159 248 522 160 246 523 162 249 524 162 249 525 160 246 526 161 245 527 309 250 528 218 241 529 308 251 530 308 251 531 218 241 532 310 252 533 310 252 534 218 241 535 311 253 536 311 253 537 218 241 538 219 243 539 311 253 540 219 243 541 312 254 542 220 255 543 312 256 544 313 257 545 312 258 546 314 259 547 315 260 548 316 261 549 312 262 550 222 263 551 316 261 552 222 263 553 317 264 554 220 265 555 221 266 556 208 267 557 220 265 558 208 267 559 210 268 560 210 268 561 208 267 562 209 269 563 210 268 564 209 269 565 211 270 566 222 271 567 220 265 568 210 268 569 222 271 570 210 268 571 223 272 572 222 271 573 223 272 574 224 273 575 207 274 576 209 269 577 208 267 578 207 274 579 208 267 580 206 275 581 207 274 582 206 275 583 205 276 584 205 276 585 206 275 586 204 277 587 225 278 588 223 279 589 226 280 590 227 281 591 224 282 592 226 283 593 319 284 594 224 285 595 318 286 596 318 286 597 224 285 598 320 287 599 318 286 600 320 287 601 321 288 602 214 289 603 215 290 604 211 291 605 214 289 606 211 291 607 213 292 608 213 292 609 211 291 610 212 293 611 229 294 612 230 295 613 231 296 614 234 297 615 232 298 616 233 299 617 234 297 618 233 299 619 235 300 620 234 297 621 235 300 622 236 301 623 241 302 624 239 303 625 240 304 626 243 305 627 244 306 628 242 307 629 242 307 630 244 306 631 245 308 632 245 309 633 246 310 634 247 311 635 250 312 636 248 313 637 249 314 638 251 315 639 252 316 640 253 317 641 255 318 642 254 319 643 253 320 644 257 321 645 258 322 646 256 323 647 256 323 648 258 322 649 259 324 650 260 325 651 261 326 652 262 327 653 262 327 654 261 326 655 263 328 656 262 327 657 263 328 658 264 329 659 264 329 660 263 328 661 265 330 662 264 329 663 265 330 664 266 331 665 266 331 666 265 330 667 267 332 668 266 331 669 267 332 670 268 333 671 268 333 672 267 332 673 269 334 674 264 329 675 266 331 676 262 327 677 262 327 678 266 331 679 283 335 680 262 327 681 283 335 682 284 336 683 284 336 684 283 335 685 279 337 686 284 336 687 279 337 688 285 338 689 285 338 690 279 337 691 280 339 692 280 339 693 279 337 694 277 340 695 277 340 696 279 337 697 278 341 698 277 340 699 278 341 700 273 342 701 273 342 702 278 341 703 268 333 704 273 342 705 268 333 706 270 343 707 270 343 708 268 333 709 269 334 710 270 343 711 269 334 712 271 344 713 270 343 714 271 344 715 272 345 716 270 343 717 272 345 718 273 342 719 273 342 720 272 345 721 274 346 722 273 342 723 274 346 724 275 347 725 273 342 726 275 347 727 276 348 728 283 335 729 266 331 730 268 333 731 283 335 732 268 333 733 279 337 734 279 337 735 268 333 736 278 341 737 281 349 738 277 350 739 282 351 740 284 352 741 286 353 742 287 354 743 290 355 744 260 325 745 287 356 746 287 356 747 260 325 748 289 357 749 287 356 750 289 357 751 288 358 752 288 358 753 289 357 754 262 327 755 262 327 756 289 357 757 260 325 758 291 359 759 292 360 760 293 361 761 293 361 762 292 360 763 294 362 764 293 361 765 294 362 766 295 363 767 293 361 768 295 363 769 296 364 770 296 364 771 295 363 772 297 365 773 297 365 774 295 363 775 298 366 776 297 365 777 298 366 778 299 367 779 297 365 780 299 367 781 300 368 782 322 369 783 323 370 784 324 371 785 322 369 786 324 371 787 325 372 788 333 373 789 334 374 790 329 375 791 333 373 792 329 375 793 332 376 794 332 376 795 329 375 796 330 377 797 330 377 798 329 375 799 328 378 800 330 377 801 328 378 802 331 379 803 330 377 804 331 379 805 323 370 806 323 370 807 331 379 808 324 371 809 329 375 810 327 380 811 328 378 812 328 378 813 327 380 814 326 381 815 326 381 816 327 380 817 325 372 818 326 381 819 325 372 820 324 371 821 327 380 822 335 382 823 336 383 824 327 380 825 336 383 826 337 384 827 337 384 828 336 383 829 338 385 830 337 384 831 338 385 832 339 386 833 337 384 834 339 386 835 325 372 836 337 384 837 325 372 838 327 380 839 341 387 840 342 388 841 340 389 842 341 387 843 340 389 844 349 390 845 349 390 846 340 389 847 348 391 848 349 390 849 348 391 850 347 392 851 347 392 852 348 391 853 345 393 854 347 392 855 345 393 856 346 394 857 346 394 858 345 393 859 344 395 860 344 395 861 345 393 862 343 396 863 344 395 864 343 396 865 342 388 866 342 388 867 343 396 868 340 389 869 347 392 870 346 394 871 350 397 872 350 397 873 346 394 874 351 398 875 351 398 876 346 394 877 352 399 878 353 400 879 344 395 880 354 401 881 354 401 882 344 395 883 355 402 884 354 401 885 355 402 886 356 403 887 356 403 888 355 402 889 357 404 890 357 404 891 355 402 892 342 388 893 342 388 894 355 402 895 344 395 896 358 405 897 359 406 898 360 407 899 363 408 900 361 409 901 362 410 902 364 411 903 365 412 904 366 413 905 369 414 906 367 415 907 368 416 908 369 417 909 370 418 910 371 419 911 375 420 912 373 421 913 374 422 914 376 423 915 377 424 916 378 425 917 380 426 918 381 427 919 379 428 920 380 426 921 379 428 922 396 429 923 380 426 924 396 429 925 397 430 926 397 430 927 396 429 928 410 431 929 384 432 930 382 433 931 383 434 932 383 434 933 382 433 934 406 435 935 389 436 936 387 437 937 388 438 938 388 438 939 387 437 940 407 439 941 392 440 942 390 441 943 391 442 944 391 442 945 390 441 946 408 443 947 395 444 948 393 445 949 394 446 950 394 446 951 393 445 952 409 447 953 400 448 954 398 449 955 399 450 956 399 450 957 398 449 958 411 451 959 403 452 960 401 453 961 402 454 962 402 454 963 401 453 964 412 455 965</p>
        </triangles>
      </mesh>
    </geometry>
    <geometry id="default_default-mesh" name="default:default">
      <mesh>
        <source id="default_default-mesh-positions">
          <float_array id="default_default-mesh-positions-array" count="1164">4.350412 -1.40071e-4 67.32181 4.918125 -1.40071e-4 66.44417 4.230125 0.7981554 67.388 4.792778 0.8639142 66.44417 3.888936 1.556444 67.388 4.423766 1.68428 66.44635 3.339775 2.25265 67.37606 3.829354 2.420495 66.43984 2.60962 2.844933 67.36846 3.039337 2.975531 66.45177 1.735287 3.401811 67.35327 2.093057 3.470787 66.44635 0.7606216 3.801416 67.3305 1.038576 3.834987 66.47129 -0.2654739 3.937991 67.32398 -0.07183474 4.046978 66.48539 1.271 3.806475 65.58281 0.1322045 4.018004 65.59474 1.446373 3.545743 64.64551 2.501135 3.256038 64.6249 2.530645 2.994847 63.68868 3.404974 2.67617 63.62251 3.447133 2.812287 64.54679 4.135132 2.193333 63.53355 4.237433 2.318409 64.46326 4.684576 1.556444 63.44893 4.831844 1.680602 64.39058 5.025483 0.7981554 63.40879 5.200857 0.8639142 64.35803 5.141273 -1.40071e-4 63.40879 5.325921 -1.40071e-4 64.35803 5.121882 0.8859858 65.40164 5.25032 -1.40071e-4 65.40164 4.918125 -1.40071e-4 66.44417 4.350412 -1.40071e-4 67.32181 4.230125 -0.798434 67.388 4.792778 -0.8641929 66.44417 3.888936 -1.557183 67.388 4.423766 -1.68502 66.44635 3.339775 -2.252932 67.37606 3.829354 -2.421236 66.43984 2.60962 -2.845215 67.36846 3.039337 -2.975811 66.45177 1.735287 -3.402089 67.35327 2.093057 -3.471066 66.44635 0.7606216 -3.801696 67.3305 1.038576 -3.835725 66.47129 -0.2654739 -3.938731 67.32398 -0.07183474 -4.047255 66.48539 1.271 -3.807215 65.58281 0.1322045 -4.018284 65.59474 1.446373 -3.546482 64.64551 2.501135 -3.256318 64.6249 2.530645 -2.995124 63.68868 3.404974 -2.676451 63.62251 3.447133 -2.812564 64.54679 4.135132 -2.193612 63.53355 4.237433 -2.318689 64.46326 4.684576 -1.557183 63.44893 4.831844 -1.680882 64.39058 5.025483 -0.798434 63.40879 5.200857 -0.8641929 64.35803 5.141273 -1.40071e-4 63.40879 5.325921 -1.40071e-4 64.35803 5.121882 -0.8862646 65.40164 5.25032 -1.40071e-4 65.40164 4.743595 1.727506 65.41575 4.133727 2.420495 65.45156 3.323193 2.990706 65.49386 2.352743 3.419283 65.53508 4.743595 -1.727787 65.41575 4.133727 -2.420776 65.45156 3.323193 -2.990985 65.49386 2.352743 -3.419563 65.53508 4.062902 -1.146999 67.28601 4.350412 -1.40071e-4 67.32181 5.541201 -1.166312 68.09963 5.541201 1.166031 68.09963 7.955099 -1.151597 67.54746 5.541201 -1.166312 68.09963 7.599296 -2.873725 67.46284 2.526711 -3.260457 68.65399 2.909775 -4.439045 67.5876 -0.5156047 -4.592175 67.37497 1.198772 4.599711 62.40206 1.104902 4.599711 63.93494 1.227719 3.78624 61.92581 1.075111 3.78624 64.42095 5.541201 1.166031 68.09963 5.321144 1.143502 68.8677 5.541201 -1.166312 68.09963 5.321144 -1.144239 68.8677 5.541201 -1.166312 68.09963 2.530365 -2.922008 69.58045 2.526711 -3.260457 68.65399 -2.486856 -2.904075 69.27669 -0.9543166 -3.908841 68.4457 -4.002814 -3.300002 68.26128 -4.60116 -3.70007 66.57869 -6.205084 -1.14194 66.4778 -4.200388 -2.448367 65.25085 -6.205084 1.141199 66.4778 -4.899349 -1.40071e-4 65.25085 -4.666362 -2.25753 62.95859 -5.36504 -1.40071e-4 62.95859 -4.829648 -1.40071e-4 62.03755 -1.212034 -4.192568 65.70974 -0.686761 -4.729208 65.99613 -0.5156047 -4.592175 67.37497 -5.304053 1.147179 68.38495 -5.304053 -1.147918 68.38495 -6.205084 -1.14194 66.4778 -4.002814 -3.300002 68.26128 -5.304053 -1.147918 68.38495 -4.1661 -1.146999 69.60865 -2.544471 -2.562869 69.81911 -2.602086 -1.146538 70.36153 -2.602086 -1.146538 70.36153 -2.544471 -2.562869 69.81911 2.681847 -1.159875 70.12719 5.321144 -1.144239 68.8677 -4.13069 -1.718589 62.03755 -0.9973168 -3.456351 61.89979 -0.8154795 -3.99713 64.44265 1.075111 -3.786523 64.42095 1.104902 -4.599991 63.93494 -0.4192054 -4.700238 63.93494 1.198772 -4.599991 62.40206 -0.4192054 -4.700238 62.40206 1.227719 -3.786523 61.92581 -0.8154795 -3.99713 61.92581 1.227719 -3.786523 61.92581 3.510648 -2.442849 62.58757 5.273648 -1.273456 62.76982 5.544855 -1.23391 63.00307 3.557585 -2.454804 62.77959 2.885605 -3.404389 63.84381 3.054513 -2.343061 62.85118 2.638285 -2.309033 60.81929 -0.8154795 -3.99713 61.92581 -0.8154795 -3.99713 64.44265 -1.408485 -3.598444 65.64791 5.243012 -1.40071e-4 63.50318 4.549673 -1.829872 63.64094 2.567743 -3.122961 64.49581 2.296814 -3.502336 65.35176 1.336484 -3.913899 65.54918 0.6535441 -4.251428 65.18902 0.2308517 -4.018284 65.77809 0.3407404 -3.91482 67.18621 0.8117728 -3.754792 65.42768 0.8117728 -3.754792 65.42768 2.213064 1.198681 59.89826 -1.407361 3.117163 61.1111 2.638285 2.308753 60.81929 0.8204849 3.64047 61.35953 1.227719 3.78624 61.92581 -0.9973168 3.456072 61.89979 -1.212034 4.192285 65.70974 -0.8154795 3.99685 64.44265 1.075111 3.78624 64.42095 1.104902 4.599711 63.93494 -0.4192054 4.699956 63.93494 1.198772 4.599711 62.40206 -0.4192054 4.699956 62.40206 -0.8154795 3.99685 61.92581 1.227719 3.78624 61.92581 -0.686761 4.728468 65.99613 0.6535441 4.250689 65.18902 2.885605 3.404109 63.84381 1.336484 3.91362 65.54918 2.296814 3.501598 65.35176 2.567743 3.122683 64.49581 4.549673 1.829593 63.64094 4.549673 1.829593 63.64094 2.567743 3.122683 64.49581 5.243012 -1.40071e-4 63.50318 -0.8154795 3.99685 61.92581 -0.8154795 3.99685 64.44265 -4.666362 2.257249 62.95859 -4.200388 2.448086 65.25085 -1.408485 3.598165 65.64791 -4.60116 3.699791 66.57869 -0.9543166 3.908102 68.4457 5.321144 1.143502 68.8677 5.541201 1.166031 68.09963 2.530365 2.92127 69.58045 2.526711 3.259716 68.65399 -2.486856 2.903795 69.27669 -4.002814 3.299725 68.26128 -6.205084 1.141199 66.4778 -4.13069 1.718311 62.03755 2.681847 1.159134 70.12719 5.321144 1.143502 68.8677 -2.602086 1.146258 70.36153 -2.544471 2.562588 69.81911 -2.602086 1.146258 70.36153 -2.544471 2.562588 69.81911 -4.1661 1.146719 69.60865 -5.304053 1.147179 68.38495 -5.304053 1.147179 68.38495 -4.002814 3.299725 68.26128 -6.205084 1.141199 66.4778 -1.407361 -3.117443 61.1111 2.213064 -1.199421 59.89826 0.8204849 -3.64121 61.35953 4.511451 -0.7050857 60.28337 4.511451 0.7043451 60.28337 5.544855 1.23363 63.00307 3.406663 2.713418 62.39555 5.273648 1.272719 62.76982 5.132 1.732564 62.53659 3.406663 2.713418 62.39555 2.995212 2.606273 60.71406 3.026408 2.31611 60.60774 4.44372 0.8271232 60.53289 4.44372 0.8271232 60.53289 2.995212 2.606273 60.71406 4.505831 1.714171 60.7824 5.273648 1.272719 62.76982 5.273648 -1.273456 62.76982 3.406663 -2.714157 62.39555 5.132 -1.732844 62.53659 3.406663 -2.714157 62.39555 2.995212 -2.606554 60.71406 3.026408 -2.31639 60.60774 3.000271 -2.309494 60.50143 3.026408 -2.31639 60.60774 4.44372 -0.8278638 60.53289 4.511451 -0.7050857 60.28337 4.44372 -0.8278638 60.53289 2.995212 -2.606554 60.71406 4.505831 -1.71491 60.7824 3.054513 2.34278 62.85118 -0.5156047 4.591434 67.37497 4.511451 -0.7050857 60.28337 3.000271 -2.309494 60.50143 3.000271 2.309214 60.50143 4.511451 0.7043451 60.28337 7.955099 1.151316 67.54746 4.062902 1.146719 67.28601 7.599296 2.873445 67.46284 3.773427 1.739462 67.27625 3.773427 1.739462 67.27625 2.450828 3.035311 67.2296 2.909775 4.438765 67.5876 0.3407404 3.914541 67.18621 -0.5156047 4.591434 67.37497 -5.304053 1.147179 68.38495 -5.304053 -1.147918 68.38495 -4.1661 1.146719 69.60865 -4.1661 -1.146999 69.60865 -2.602086 1.146258 70.36153 2.681847 1.159134 70.12719 5.321144 -1.144239 68.8677 5.321144 1.143502 68.8677 -4.829648 -1.40071e-4 62.03755 -5.36504 -1.40071e-4 62.95859 -4.899349 -1.40071e-4 65.25085 -4.200388 2.448086 65.25085 0.2308517 4.018004 65.77809 0.3407404 3.914541 67.18621 0.2308517 -1.40071e-4 65.77809 0.3407404 -1.40071e-4 67.18621 0.3407404 -3.91482 67.18621 0.2308517 -4.018284 65.77809 2.567743 -3.122961 64.49581 4.549673 -1.829872 63.64094 2.567743 -1.40071e-4 64.49581 2.296814 3.501598 65.35176 2.296814 -1.40071e-4 65.35176 1.336484 3.91362 65.54918 1.336484 -1.40071e-4 65.54918 1.336484 -1.40071e-4 65.54918 1.336484 3.91362 65.54918 0.8117728 3.754052 65.42768 0.8117728 -1.40071e-4 65.42768 0.8117728 -1.40071e-4 65.42768 0.8117728 3.754052 65.42768 0.2308517 4.018004 65.77809 0.2308517 -1.40071e-4 65.77809 0.2308517 -4.018284 65.77809 0.8117728 -3.754792 65.42768 2.296814 -3.502336 65.35176 1.336484 -3.913899 65.54918 1.336484 -3.913899 65.54918 0.8117728 -3.754792 65.42768 0.3407404 3.914541 67.18621 0.2308517 4.018004 65.77809 0.8117728 3.754052 65.42768 -0.686761 4.728468 65.99613 0.8117728 3.754052 65.42768 3.557585 2.454524 62.77959 5.544855 1.23363 63.00307 3.510648 2.442108 62.58757 4.511451 0.7043451 60.28337 3.026408 2.31611 60.60774 5.243012 -1.40071e-4 63.50318 5.541201 1.166031 68.09963 7.955099 1.151316 67.54746 7.599296 2.873445 67.46284 2.526711 3.259716 68.65399 2.909775 4.438765 67.5876 -0.5156047 4.591434 67.37497 1.198772 -4.599991 62.40206 1.227719 -3.786523 61.92581 1.104902 -4.599991 63.93494 1.075111 -3.786523 64.42095 5.541201 1.166031 68.09963 4.350412 -1.40071e-4 67.32181 4.062902 1.146719 67.28601 -1.212034 -4.192568 65.70974 2.638285 -2.309033 60.81929 2.213064 -1.199421 59.89826 2.638285 2.308753 60.81929 0.3407404 -1.40071e-4 67.18621 0.3407404 3.914541 67.18621 2.450828 3.035311 67.2296 2.450828 -1.40071e-4 67.2296 3.773427 1.739462 67.27625 4.062902 1.146719 67.28601 4.350412 -1.40071e-4 67.32181 4.062902 -1.146999 67.28601 3.773427 -1.740202 67.27625 2.450828 -3.035592 67.2296 0.3407404 -3.91482 67.18621 0.6535441 4.250689 65.18902 0.8117728 3.754052 65.42768 0.8117728 -3.754792 65.42768 1.336484 -3.913899 65.54918 4.062902 -1.146999 67.28601 7.955099 -1.151597 67.54746 7.599296 -2.873725 67.46284 3.773427 -1.740202 67.27625 3.773427 -1.740202 67.27625 2.450828 -3.035592 67.2296 2.909775 -4.439045 67.5876 0.3407404 -3.91482 67.18621 -0.5156047 -4.592175 67.37497 4.062902 -1.146999 67.28601 5.541201 -1.166312 68.09963 7.955099 -1.151597 67.54746 -1.212034 4.192285 65.70974 5.273648 -1.273456 62.76982 3.510648 -2.442849 62.58757 2.638285 2.308753 60.81929 3.000271 2.309214 60.50143 2.638285 2.308753 60.81929 2.213064 -1.199421 59.89826 2.213064 1.198681 59.89826 3.000271 2.309214 60.50143 2.638285 -2.309033 60.81929 2.638285 2.308753 60.81929 3.000271 2.309214 60.50143 3.000271 -2.309494 60.50143 2.638285 -2.309033 60.81929 4.062902 1.146719 67.28601 7.955099 1.151316 67.54746 5.541201 1.166031 68.09963 -4.829648 -1.40071e-4 62.03755 -3.641906 0.9829924 60.74123 -4.041796 -1.68383e-4 60.74123 -1.407361 3.117163 61.1111 -0.01251697 0.6857008 59.51729 -2.083835 1.783305 60.21119 -4.13069 -1.718589 62.03755 -2.083835 -1.783641 60.21119 -1.407361 -3.117443 61.1111 -4.829648 -1.40071e-4 62.03755 -3.641906 -0.9833276 60.74123 -4.13069 -1.718589 62.03755 2.213064 1.198681 59.89826 -0.01251697 -0.6863013 59.51729 -0.01251697 0.6857008 59.51729 -1.407361 -3.117443 61.1111 -0.01251697 -0.6863013 59.51729 2.213064 -1.199421 59.89826 -4.13069 1.718311 62.03755 -2.083835 1.783305 60.21119 -3.641906 0.9829924 60.74123 -4.13069 1.718311 62.03755 -0.01251697 0.6857008 59.51729 -4.13069 -1.718589 62.03755 -3.641906 -0.9833276 60.74123 -2.083835 -1.783641 60.21119 -4.041796 -1.68383e-4 60.74123 2.213064 -1.199421 59.89826 -0.01251697 -0.6863013 59.51729</float_array>
          <technique_common>
            <accessor source="#default_default-mesh-positions-array" count="388" stride="3">
              <param name="X" type="float"/>
              <param name="Y" type="float"/>
              <param name="Z" type="float"/>
            </accessor>
          </technique_common>
        </source>
        <source id="default_default-mesh-normals">
          <float_array id="default_default-mesh-normals-array" count="1260">0.8551921 2.63378e-5 0.5183113 0.9121338 4.21405e-5 0.4098928 0.8246768 0.2472478 0.508701 0.8794755 0.2557488 0.4013919 0.7409098 0.4658819 0.4837425 0.9823035 3.87877e-5 0.1872965 0.9448728 0.2733009 0.1803386 0.9982516 5.35697e-5 -0.05910801 0.9579297 0.2796638 -0.06448966 0.981576 5.15636e-5 -0.1910723 0.9417646 0.2752522 -0.1931731 0.8305033 0.5512865 -0.07967191 0.8211205 0.5377326 -0.1913247 0.6387987 0.7628861 -0.09970533 0.6415179 0.7489793 -0.1657852 0.4685479 0.8743172 -0.1266182 0.4572728 0.8727798 -0.1707546 0.3360924 0.9255145 -0.1745421 0.2960496 0.922414 -0.2480064 0.2364937 0.9446969 -0.2271971 0.2522118 0.9641593 -0.08237892 0.1818618 0.9819778 -0.05143755 0.1865884 0.977066 0.1026005 0.2542264 0.9635992 0.08273887 0.1632632 0.97777 0.1315709 0.2212688 0.9676629 0.1211144 0.3913069 0.9092137 0.14216 0.4121857 0.8767528 0.2478052 0.512783 0.8213927 0.2497353 0.5234394 0.7687044 0.3675661 0.6479154 0.6916884 0.3190185 0.6242617 0.6431663 0.4434348 0.7886967 0.4840703 0.3789902 0.8347227 0.5278378 0.156925 0.6663909 0.7386115 0.1018641 0.4945064 0.8686465 0.03027898 0.3709967 0.928248 -0.02678292 0.9121288 -4.17307e-5 0.409904 0.8551962 -2.7017e-5 0.5183044 0.8246823 -0.247268 0.5086822 0.8794988 -0.2556546 0.4014007 0.7408741 -0.4659453 0.4837362 0.7887316 -0.4840558 0.3789362 0.6241632 -0.6431324 0.4436228 0.9823007 -3.85195e-5 0.1873111 0.9448815 -0.2732836 0.1803194 0.9982517 -5.35548e-5 -0.05910694 0.9579297 -0.2796639 -0.06448966 0.9815753 -5.17517e-5 -0.191076 0.9417914 -0.2751982 -0.1931191 0.8304632 -0.5513111 -0.07991886 0.8211519 -0.5377467 -0.1911496 0.8347439 -0.5278345 0.1568233 0.6478083 -0.6918398 0.3189079 0.5233647 -0.7687318 0.367615 0.5126671 -0.8214888 0.2496568 0.4122029 -0.8768394 0.2474704 0.6663764 -0.7386422 0.1017366 0.6387731 -0.7629127 -0.09966582 0.6413696 -0.7491062 -0.1657863 0.4685482 -0.8743173 -0.1266176 0.4572734 -0.8727798 -0.1707527 0.494509 -0.868645 0.03027814 0.3914444 -0.9091409 0.1422466 0.2214479 -0.9675954 0.1213266 0.2543044 -0.9635623 0.08292782 0.1632189 -0.977787 0.1314997 0.186203 -0.9771795 0.1022193 0.252211 -0.9641596 -0.08237695 0.1814778 -0.9820441 -0.05152988 0.2363109 -0.9447634 -0.227111 0.3362678 -0.9254564 -0.1745123 0.2961595 -0.9223809 -0.2479981 0.3711711 -0.9281795 -0.02673786 0.1378645 0.04531091 -0.9894141 0.3178555 7.36117e-6 -0.9481393 0.8512544 0.2750685 0.4468819 0.8512356 -0.2751644 0.4468585 0.8828883 0.4679134 -0.03956311 0.8512485 0.2751939 0.446816 0.8434552 -0.526687 -0.1057557 0.2111422 -0.7594918 0.6152977 0.2017769 -0.9601449 -0.1934112 -0.1366941 -0.9731883 0.1849849 0.6425653 0.6706198 -0.3706468 0.6247369 0.6687633 0.4030628 0.5020691 0.762332 -0.408383 0.3243324 0.9387763 -0.1162227 0.8512947 -0.2750872 0.4467934 0.7387759 0.3692732 0.5637797 0.8512918 0.2750745 0.4468068 0.7388356 -0.3694587 0.5635797 0.7388111 -0.3694125 0.5636424 0.2660227 -0.6952558 0.6677211 0.8512558 0.2750699 0.4468784 0.2111865 -0.7595309 0.6152343 -0.2688576 -0.7449944 0.6104908 -0.0817452 -0.8176382 0.5698998 -0.4821259 -0.6745131 0.5590947 -0.5675866 -0.8084815 -0.1555746 -0.9501767 -0.2503105 -0.1857658 -0.136677 -0.9731828 0.185026 -0.5020149 -0.798071 -0.3332622 -0.6007194 -0.5930803 -0.5360897 -0.6287 -0.6665163 -0.4006151 -0.9258984 -1.61678e-5 -0.3777728 -0.9501941 0.2503012 -0.1856895 -0.7911733 -0.2599906 0.553579 -0.5975238 -0.2939571 0.7460259 -0.3021788 -0.6371144 0.709065 -0.1995966 -0.1737468 0.9643512 -0.5019937 -0.7980721 -0.3332918 -0.4714612 -0.8087787 -0.3515702 -0.7316195 -0.6423172 -0.2283892 -0.9882931 -2.63751e-5 -0.1525674 -0.8472231 -4.62988e-5 -0.5312376 -0.6268897 -0.5190221 -0.5810555 -0.2852623 -0.790961 -0.5413005 0.04969584 -0.7995169 -0.5985842 -0.1218886 -0.7096165 -0.6939652 0.5021108 -0.7622542 -0.4084769 0.05115801 -0.9602077 -0.2745621 -0.1519938 -0.8304619 -0.5359394 0.2175245 -0.7299076 -0.6480107 0.6354294 -0.6640915 -0.3939697 0.5087059 -0.2584595 -0.8212291 -0.03708606 -0.6789238 -0.7332715 0.5352588 -0.2932363 -0.7921556 0.6354334 -0.6641021 -0.3939453 0.217503 -0.7299401 -0.6479814 0.535273 -0.2932007 -0.7921592 0.5352561 0.2933131 -0.792129 0.8944055 0.4299653 0.1231613 0.5352501 -0.2932826 -0.7921444 0.8945018 -0.4298728 0.1227852 0.6350926 -6.4075e-6 0.7724361 0.5998811 -0.3866592 0.7004552 0.4224441 -0.8852377 -0.1946672 0.859021 -0.04416871 0.5100317 0.6423977 -0.4434463 0.6250446 0.1729217 -0.5994359 0.7815207 0.2466239 -0.9669491 0.06470042 0.3243295 -0.9387707 -0.1162759 0.2526406 -0.9068479 -0.337342 0.2948224 -0.8424179 0.4510121 0.604063 -0.7387672 -0.2988829 0.6353784 -0.664109 -0.3940224 0.6463522 -0.4580748 -0.6102428 -0.1519554 -0.8304716 -0.5359353 0.5352943 -0.2932281 -0.7921347 0.7568681 -0.6001365 0.2588182 0.01483982 -0.9634795 0.2673706 0.2948026 -0.8424324 0.4509978 0.6040484 -0.738802 -0.2988264 0.604032 -0.7388201 -0.2988145 0.01480221 -0.9634956 0.2673146 0.756852 -0.6001976 0.2587237 -0.5789789 -0.432977 -0.6908794 0.5021514 -0.7622215 -0.408488 -0.3794761 -0.8420553 -0.3833289 0.6426265 -0.6705722 -0.3706267 -0.3836837 -0.8486268 0.3641697 0.6247853 -0.6687424 0.4030224 -0.2075061 -0.9772601 0.04363399 -0.1622151 -0.9749081 -0.1524482 0.1317302 -0.2014337 0.9706037 -0.5789715 -0.4328776 -0.690948 -0.4714222 -0.8087849 -0.3516082 -0.5789558 -0.4329123 -0.6909393 -0.2075395 -0.9772537 0.04361766 -0.471424 -0.8087807 -0.3516155 -0.4715034 -0.8087158 -0.3516579 0.5020685 -0.7622585 -0.4085208 -0.5790027 -0.4329523 -0.6908749 0.1317687 -0.2014216 0.970601 0.2465599 -0.9669619 0.06475299 0.1729626 -0.5994477 0.7815027 0.7834253 -0.476774 0.3986619 0.1317617 -0.2013242 0.9706222 0.5415926 -0.4085203 -0.7347031 -0.7911961 -0.2599812 0.5535508 -0.7912163 0.2599016 0.5535594 -0.9501704 0.2503423 -0.1857556 -0.9501594 -0.2503578 -0.1857908 -0.482163 -0.6744781 0.5591048 -0.1995298 -0.1736665 0.9643796 -0.3021784 -0.6370773 0.7090985 0.2659828 -0.6952391 0.6677542 0.2401435 -0.1525132 0.9586818 0.7388064 -0.3694337 0.5636346 0.7388 0.3692956 0.5637334 0.2401486 0.152491 0.9586842 0.7388119 -0.3694636 0.5636077 -0.1995641 0.1736463 0.9643761 -0.5975883 -0.2938901 0.7460007 -0.5975886 0.2939159 0.7459902 -0.7911781 -0.2599499 0.5535914 -0.7911979 0.2598878 0.5535923 0.08598178 0.3263303 -0.9413372 -0.2851989 0.7909578 -0.5413386 0.5088607 0.2587152 -0.8210527 -0.1219816 0.7095906 -0.6939753 0.04965478 0.7993325 -0.5988338 0.502057 0.7623357 -0.4083911 -0.4713951 0.8087774 -0.3516615 -0.6268883 0.5190208 -0.5810581 -0.1521883 0.8306642 -0.5355706 0.6353182 0.6641744 -0.3940091 0.2177369 0.7301769 -0.6476361 0.05081039 0.9601066 -0.2749791 -0.1220008 0.7095533 -0.6940101 0.2177635 0.7301432 -0.647665 -0.03711366 0.6788416 -0.7333462 0.5353264 0.2931796 -0.792131 0.2177653 0.730134 -0.6476749 0.635379 0.6641362 -0.3939755 0.5352814 0.2931886 -0.792158 0.8944002 0.4299864 0.1231259 0.6039298 0.7388077 -0.2990518 0.6466383 0.4580712 -0.6099425 0.7568096 0.6000783 0.2591245 0.01474261 0.9635121 0.2672588 0.294709 0.8423744 0.4511675 0.2525753 0.9067498 -0.3376546 0.4221386 0.8852784 -0.1951441 0.5998841 0.3866579 0.7004532 0.8590264 0.04412233 0.5100263 0.6424904 0.4434747 0.6249291 0.1731448 0.5995387 0.7813925 0.2464952 0.966979 0.06474262 0.3242434 0.9388008 -0.1162725 -0.1521369 0.8306918 -0.5355423 0.6350699 2.53916e-5 0.7724547 0.1731828 0.599553 0.7813732 0.246598 0.9669455 0.06485235 0.1317114 0.2013189 0.9706302 0.2465003 0.9669777 0.06474381 -0.1620247 0.9749477 -0.1523977 0.131701 0.2013074 0.970634 -0.1621236 0.974934 -0.1523801 -0.501907 0.7981924 -0.3331341 -0.2075051 0.9772605 0.04363018 0.6247823 0.668709 0.4030823 -0.3836835 0.8486274 0.3641685 0.6426259 0.6705749 -0.3706231 -0.3794763 0.8420552 -0.3833287 0.5020637 0.7623321 -0.4083897 -0.5789785 0.4329553 -0.6908933 -0.5789659 0.432887 -0.6909467 -0.4713823 0.808776 -0.351682 -0.2075422 0.9772515 0.04365551 -0.5789485 0.4329363 -0.6909304 -0.4713976 0.8087548 -0.3517106 -0.4713826 0.8087472 -0.3517475 -0.5789973 0.4329562 -0.6908771 0.5020614 0.7623125 -0.4084287 -0.5019028 0.7982007 -0.3331207 -0.6007194 0.5930806 -0.5360892 -0.6287144 0.6665258 -0.4005768 -0.7316192 0.6423172 -0.2283897 -0.9259058 -3.75174e-5 -0.3777546 -0.9882997 2.63453e-5 -0.152525 -0.8472215 4.68493e-5 -0.53124 -0.6287077 0.666519 -0.4005985 -0.9258965 -5.72205e-6 -0.3777776 -0.9501829 0.2503342 -0.185702 -0.1370286 0.973137 0.1850072 0.5414627 0.4084046 -0.7348632 0.7835273 0.476783 0.3984509 -0.08167028 0.8176661 0.5698703 -0.5675956 0.8084787 -0.1555562 -0.4821023 0.6745341 0.5590897 -0.9501813 0.2503029 -0.185753 0.2111386 0.7595009 0.6152878 -0.2688185 0.7450418 0.6104502 0.2660205 0.6952224 0.6677567 -0.3021209 0.6371023 0.7091006 -0.1995201 0.1737112 0.9643735 0.2401622 0.1525279 0.9586748 0.7387719 0.3692893 0.5637744 -0.7911643 0.2599657 0.5536035 -0.5975593 0.294016 0.7459742 -0.3022005 0.6371041 0.709065 -0.1995884 0.1737553 0.9643514 0.8512976 -0.275056 0.4468073 0.7388132 0.3692495 0.5637463 0.5998266 0.3866341 0.7005156 0.8590044 0.04409617 0.5100656 0.6350308 -2.37674e-5 0.7724868 0.7241217 0 0.6896723 0.8589915 -0.04414159 0.5100834 0.6423944 -0.4434975 0.6250116 0.6694811 0 0.7428291 0.172904 -0.5995151 0.781464 -0.01235175 1.02381e-5 0.9999238 0.1731557 0.5995863 0.7813535 0.6425126 0.4434555 0.6249199 0.5998383 -0.3866174 0.7005148 -0.7912059 0.2599821 0.5535365 -0.482129 0.6745113 0.559094 -0.9501829 0.2502713 -0.1857869 0.7568452 0.6000771 0.2590226 0.01476168 0.963523 0.2672185 0.6039328 0.738829 -0.2989932 -0.03703761 -0.6789695 -0.7332317 -0.03707909 0.6789023 -0.7332918 0.5353322 -0.2932254 -0.7921102 0.5353103 0.2932839 -0.7921033 0.8828994 -0.4678995 -0.03948247 0.1377596 -0.04530137 -0.9894292 0.8434515 0.5266966 -0.1057376 0.04114276 0.005001962 -0.9991408 0.04116159 0.005025446 -0.99914 0.05295699 0.09972 -0.9936054 0.843495 0.526619 -0.1057764 0.2018004 0.9600479 -0.1938679 0.541494 0.4084053 -0.7348397 -0.136989 0.9731441 0.1849992 0.8895159 -2.5169e-5 0.4569044 0.7834815 0.4768542 0.3984558 0.5414544 0.408483 -0.7348258 0.686509 3.22093e-5 -0.7271214 0.5415408 -0.4085832 -0.7347064 0.7834367 -0.4767253 0.3986977 -0.01245057 -1.0238e-5 0.9999225 0.1732218 0.5995741 0.7813483 0.131704 0.2013322 0.9706283 0.1568862 1.8018e-5 0.9876168 0.1317694 -0.2013893 0.9706076 0.1729542 -0.5995018 0.781463 0.1569694 -1.80201e-5 0.9876036 0.1317493 0.2013339 0.9706218 0.7835509 0.4767692 0.398421 0.8895234 -2.517e-5 0.4568899 0.7834548 -0.476754 0.3986282 0.1317951 -0.2014375 0.9705942 0.1317272 0.2012688 0.9706384 -0.1619274 0.9749649 -0.1523911 0.7835243 0.4767798 0.3984607 0.8828921 -0.4679068 -0.03955912 0.8434497 0.5266981 -0.1057435 0.8512794 -0.2751146 0.446806 0.2111478 0.7594586 0.6153369 0.2016779 0.9600785 -0.1938437 -0.1369512 0.9731635 0.1849252 0.6247323 -0.6687217 0.403139 0.6425657 -0.6706137 -0.370657 0.5021169 -0.7622495 -0.4084783 0.324386 -0.938741 -0.1163572 0.1378209 -0.04532957 -0.9894194 0.8512601 -0.2751811 0.4468016 0.3178838 4.0669e-5 -0.9481298 -0.1218999 -0.7096018 -0.6939781 0.5086827 -0.2584857 -0.8212351 -0.1220387 0.7095042 -0.6940536 0.6865646 -3.22076e-5 -0.7270689 0.5415135 0.4084539 -0.7347984 0.05293738 0.09965234 -0.9936132 0.0277611 0 -0.9996147 0.04115557 0.005006551 -0.9991403 0.137784 -0.04532152 -0.989425 0.3177633 1.40592e-5 -0.9481701 0.1377878 0.0453152 -0.9894247 0.041148 -0.005006313 -0.9991406 0.05294638 -0.09964931 -0.993613 0.5415792 -0.4086002 -0.7346686 0.8828999 0.4678982 -0.03948575 0.8435284 -0.5265749 -0.1057296 0.1377621 0.04530549 -0.9894286 0.04114407 -0.005004227 -0.9991408 0.04116225 -0.00502783 -0.9991399 0.843504 -0.5266059 -0.1057708 0.05294913 -0.09968143 -0.9936096 0.2017328 -0.960143 -0.1934665 0.5415343 -0.4085916 -0.7347064 -0.1366763 -0.9731884 0.1849972 0.1377845 0.04530322 -0.9894257 0.8512591 0.275155 0.4468196 0.882902 0.4678976 -0.03944617 0.5088302 0.2587645 -0.821056 -0.1220088 0.7095707 -0.693991 0.5086932 -0.2585229 -0.8212168 -0.03706812 0.6788921 -0.7333018 -0.1218919 -0.7096005 -0.6939809 -0.1219549 0.7095965 -0.693974 -0.1218607 -0.7095841 -0.6940032 -0.03699457 0.6788409 -0.7333529 -0.037023 -0.6789814 -0.7332214 0.1377623 -0.04530197 -0.9894288 0.8828997 -0.4678988 -0.03948616 0.8512904 -0.2751105 0.4467875 -0.6809101 0.4965126 -0.5383648 -0.8545461 5.09918e-5 -0.5193755 -0.8472349 3.9978e-5 -0.5312185 -0.6269088 0.5189975 -0.5810568 -0.2852194 0.7909156 -0.5413894 0.08593696 0.326319 -0.9413453 -0.2933123 0.6324436 -0.7169261 -0.6268546 0.5190517 -0.5810669 -0.2852398 -0.7909268 -0.5413623 -0.6268545 -0.5190669 -0.5810533 -0.2933456 -0.632465 -0.7168936 0.08600723 -0.3260097 -0.941446 -0.6809189 -0.4965221 -0.538345 -0.626912 -0.5189983 -0.5810527 -0.8472352 -4.42266e-5 -0.531218 -0.8545728 -5.39171e-5 -0.5193318 0.08601379 -0.3259258 -0.9414744 0.08598226 0.3262478 -0.9413657 0.5088884 0.2587063 -0.8210381 0.5086765 -0.2584595 -0.8212471 0.5087243 -0.2584654 -0.8212158 -0.2852181 -0.7909511 -0.5413382 0.08597421 -0.3260022 -0.9414516 -0.6268661 0.5190631 -0.5810443 -0.2933857 0.6324517 -0.716889 -0.6808202 0.4965925 -0.5384049 -0.2933862 -0.6324735 -0.7168695 -0.6268494 -0.5190685 -0.5810574 -0.680828 -0.4966173 -0.5383722</float_array>
          <technique_common>
            <accessor source="#default_default-mesh-normals-array" count="420" stride="3">
              <param name="X" type="float"/>
              <param name="Y" type="float"/>
              <param name="Z" type="float"/>
            </accessor>
          </technique_common>
        </source>
        <source id="default_default-mesh-map-0">
          <float_array id="default_default-mesh-map-0-array" count="2286">0.692314 0.7877938 0.692314 0.7699405 0.6760901 0.7877938 0.6760901 0.7877938 0.692314 0.7699405 0.6771597 0.7699405 0.6760901 0.7877938 0.6771597 0.7699405 0.6597155 0.7877938 0.6771597 0.7699405 0.692314 0.7699405 0.692314 0.750236 0.6771597 0.7699405 0.692314 0.750236 0.6779128 0.750236 0.6779128 0.750236 0.692314 0.750236 0.692314 0.7305162 0.6779128 0.750236 0.692314 0.7305162 0.6785154 0.7305162 0.6785154 0.7305162 0.692314 0.7305162 0.692314 0.712571 0.6785154 0.7305162 0.692314 0.712571 0.6790125 0.712571 0.6785154 0.7305162 0.6790125 0.712571 0.6645209 0.7311128 0.6645209 0.7311128 0.6790125 0.712571 0.66547 0.7133206 0.6645209 0.7311128 0.66547 0.7133206 0.6512797 0.7324897 0.6512797 0.7324897 0.66547 0.7133206 0.652063 0.7149117 0.6512797 0.7324897 0.652063 0.7149117 0.6372702 0.7340806 0.6372702 0.7340806 0.652063 0.7149117 0.6383096 0.7165946 0.6372702 0.7340806 0.6383096 0.7165946 0.6210914 0.7355647 0.6210914 0.7355647 0.6383096 0.7165946 0.623577 0.7178642 0.6210914 0.7355647 0.623577 0.7178642 0.6043252 0.735947 0.6210914 0.7355647 0.6043252 0.735947 0.6011618 0.7536476 0.6011618 0.7536476 0.6043252 0.735947 0.5854048 0.7538771 0.6011618 0.7536476 0.5854048 0.7538771 0.5827837 0.7707207 0.6011618 0.7536476 0.5827837 0.7707207 0.5978175 0.7704454 0.5978175 0.7704454 0.5827837 0.7707207 0.5799065 0.7865701 0.5978175 0.7704454 0.5799065 0.7865701 0.5938708 0.7866925 0.5978175 0.7704454 0.5938708 0.7866925 0.6140866 0.769971 0.6140866 0.769971 0.5938708 0.7866925 0.6091909 0.7871208 0.6140866 0.769971 0.6091909 0.7871208 0.630642 0.7700782 0.630642 0.7700782 0.6091909 0.7871208 0.6260626 0.7874115 0.630642 0.7700782 0.6260626 0.7874115 0.6461127 0.769864 0.6461127 0.769864 0.6260626 0.7874115 0.6429041 0.7875491 0.6461127 0.769864 0.6429041 0.7875491 0.6618095 0.7699864 0.6618095 0.7699864 0.6429041 0.7875491 0.6597155 0.7877938 0.6618095 0.7699864 0.6597155 0.7877938 0.6771597 0.7699405 0.6618095 0.7699864 0.6771597 0.7699405 0.6779128 0.750236 0.6618095 0.7699864 0.6779128 0.750236 0.6633008 0.7504961 0.6633008 0.7504961 0.6779128 0.750236 0.6785154 0.7305162 0.6633008 0.7504961 0.6785154 0.7305162 0.6645209 0.7311128 0.6633008 0.7504961 0.6645209 0.7311128 0.6490502 0.7511692 0.6490502 0.7511692 0.6645209 0.7311128 0.6512797 0.7324897 0.6490502 0.7511692 0.6512797 0.7324897 0.6339561 0.7519648 0.6339561 0.7519648 0.6512797 0.7324897 0.6372702 0.7340806 0.6339561 0.7519648 0.6372702 0.7340806 0.617928 0.752745 0.6339561 0.7519648 0.617928 0.752745 0.6140866 0.769971 0.6140866 0.769971 0.617928 0.752745 0.5978175 0.7704454 0.5978175 0.7704454 0.617928 0.752745 0.6011618 0.7536476 0.6011618 0.7536476 0.617928 0.752745 0.6210914 0.7355647 0.6210914 0.7355647 0.617928 0.752745 0.6372702 0.7340806 0.6618095 0.7699864 0.6633008 0.7504961 0.6461127 0.769864 0.6461127 0.769864 0.6633008 0.7504961 0.6490502 0.7511692 0.6461127 0.769864 0.6490502 0.7511692 0.630642 0.7700782 0.630642 0.7700782 0.6490502 0.7511692 0.6339561 0.7519648 0.630642 0.7700782 0.6339561 0.7519648 0.6140866 0.769971 0.692314 0.7699405 0.692314 0.7877938 0.6760901 0.7877938 0.692314 0.7699405 0.6760901 0.7877938 0.6771597 0.7699405 0.6771597 0.7699405 0.6760901 0.7877938 0.65961 0.7877938 0.6771597 0.7699405 0.65961 0.7877938 0.661704 0.7699864 0.661704 0.7699864 0.65961 0.7877938 0.6427987 0.7875491 0.692314 0.7699405 0.6771597 0.7699405 0.692314 0.750236 0.692314 0.750236 0.6771597 0.7699405 0.6779128 0.750236 0.692314 0.750236 0.6779128 0.750236 0.692314 0.7305162 0.692314 0.7305162 0.6779128 0.750236 0.6785154 0.7305162 0.692314 0.7305162 0.6785154 0.7305162 0.692314 0.712571 0.692314 0.712571 0.6785154 0.7305162 0.6790125 0.712571 0.6790125 0.712571 0.6785154 0.7305162 0.6644155 0.7311128 0.6790125 0.712571 0.6644155 0.7311128 0.6653645 0.7133206 0.6779128 0.750236 0.6771597 0.7699405 0.661704 0.7699864 0.6779128 0.750236 0.661704 0.7699864 0.6631953 0.7504961 0.6631953 0.7504961 0.661704 0.7699864 0.6460073 0.769864 0.6460073 0.769864 0.661704 0.7699864 0.6427987 0.7875491 0.6460073 0.769864 0.6427987 0.7875491 0.6259571 0.7874115 0.6460073 0.769864 0.6259571 0.7874115 0.6305366 0.7700782 0.6305366 0.7700782 0.6259571 0.7874115 0.6090101 0.7871208 0.6779128 0.750236 0.6631953 0.7504961 0.6785154 0.7305162 0.6785154 0.7305162 0.6631953 0.7504961 0.6644155 0.7311128 0.6644155 0.7311128 0.6631953 0.7504961 0.6489447 0.7511692 0.6644155 0.7311128 0.6489447 0.7511692 0.6511743 0.7324897 0.6644155 0.7311128 0.6511743 0.7324897 0.6653645 0.7133206 0.6653645 0.7133206 0.6511743 0.7324897 0.6519576 0.7149117 0.6519576 0.7149117 0.6511743 0.7324897 0.6371647 0.7340806 0.6519576 0.7149117 0.6371647 0.7340806 0.6382042 0.7165946 0.6489447 0.7511692 0.6631953 0.7504961 0.6460073 0.769864 0.6489447 0.7511692 0.6460073 0.769864 0.6305366 0.7700782 0.6489447 0.7511692 0.6305366 0.7700782 0.6338506 0.7519648 0.6338506 0.7519648 0.6305366 0.7700782 0.6139059 0.769971 0.6139059 0.769971 0.6305366 0.7700782 0.6090101 0.7871208 0.6139059 0.769971 0.6090101 0.7871208 0.59369 0.7866925 0.6139059 0.769971 0.59369 0.7866925 0.5976368 0.7704454 0.5976368 0.7704454 0.59369 0.7866925 0.5797257 0.7865701 0.5976368 0.7704454 0.5797257 0.7865701 0.5826029 0.7707207 0.5976368 0.7704454 0.5826029 0.7707207 0.600981 0.7536476 0.600981 0.7536476 0.5826029 0.7707207 0.585224 0.7538771 0.600981 0.7536476 0.585224 0.7538771 0.6041445 0.735947 0.600981 0.7536476 0.6041445 0.735947 0.620986 0.7355647 0.620986 0.7355647 0.6041445 0.735947 0.6234716 0.7178642 0.620986 0.7355647 0.6234716 0.7178642 0.6382042 0.7165946 0.620986 0.7355647 0.6382042 0.7165946 0.6371647 0.7340806 0.620986 0.7355647 0.6371647 0.7340806 0.6178225 0.752745 0.6178225 0.752745 0.6371647 0.7340806 0.6338506 0.7519648 0.6178225 0.752745 0.6338506 0.7519648 0.6139059 0.769971 0.6178225 0.752745 0.6139059 0.769971 0.5976368 0.7704454 0.6178225 0.752745 0.5976368 0.7704454 0.600981 0.7536476 0.6178225 0.752745 0.600981 0.7536476 0.620986 0.7355647 0.6338506 0.7519648 0.6371647 0.7340806 0.6511743 0.7324897 0.6338506 0.7519648 0.6511743 0.7324897 0.6489447 0.7511692 0.6691305 0.7850402 0.6910035 0.7850402 0.6695674 0.8139544 0.6695674 0.8139544 0.6910035 0.7850402 0.7129667 0.8139544 0.5483775 0.6221413 0.5071926 0.6226003 0.542141 0.6519735 0.542141 0.6519735 0.5071926 0.6226003 0.4555984 0.6591026 0.542141 0.6519735 0.4555984 0.6591026 0.4611117 0.6792202 0.4611117 0.6792202 0.4555984 0.6591026 0.4015939 0.6818668 0.4270521 0.8322056 0.4270521 0.8873109 0.3979485 0.8151018 0.3979485 0.8151018 0.4270521 0.8873109 0.3950411 0.9062505 0.7129667 0.8139544 0.7125148 0.8329858 0.6695674 0.8139544 0.6695674 0.8139544 0.7125148 0.8329858 0.669477 0.8329858 0.669477 0.8329858 0.6249026 0.8333224 0.6695674 0.8139544 0.6695674 0.8139544 0.6249026 0.8333224 0.6248123 0.8141533 0.6248123 0.8141533 0.6249026 0.8333224 0.5303912 0.8337966 0.6248123 0.8141533 0.5303912 0.8337966 0.5561505 0.8142297 0.5561505 0.8142297 0.5303912 0.8337966 0.4999316 0.8056473 0.5561505 0.8142297 0.4999316 0.8056473 0.4890705 0.7731838 0.4890705 0.7731838 0.4999316 0.8056473 0.4598916 0.7731685 0.6248123 0.8141533 0.5561505 0.8142297 0.5639687 0.7895533 0.5639687 0.7895533 0.5561505 0.8142297 0.5495526 0.7536782 0.5495526 0.7536782 0.5561505 0.8142297 0.4890705 0.7731838 0.5495526 0.7536782 0.4890705 0.7731838 0.5384654 0.7444838 0.5384654 0.7444838 0.4890705 0.7731838 0.4779683 0.7488744 0.4779683 0.7488744 0.4890705 0.7731838 0.4598916 0.7731685 0.4779683 0.7488744 0.4598916 0.7731685 0.4373709 0.7488744 0.4373709 0.7488744 0.4598916 0.7731685 0.4154377 0.7733215 0.4999316 0.8056473 0.5303912 0.8337966 0.459997 0.8191254 0.459997 0.8191254 0.5303912 0.8337966 0.4947497 0.8392276 0.4947497 0.8392276 0.5303912 0.8337966 0.5299543 0.8465556 0.4947497 0.8392276 0.5299543 0.8465556 0.5295023 0.8593299 0.6249026 0.8333224 0.5299543 0.8465556 0.5303912 0.8337966 0.5495526 0.7536782 0.5384654 0.7444838 0.5492212 0.6843758 0.5492212 0.6843758 0.5384654 0.7444838 0.4779683 0.7488744 0.5492212 0.6843758 0.4779683 0.7488744 0.4711444 0.7073695 0.4711444 0.7073695 0.4779683 0.7488744 0.4373709 0.7488744 0.4711444 0.7073695 0.4373709 0.7488744 0.4370546 0.7070941 0.4711444 0.7073695 0.4370546 0.7070941 0.4368889 0.6879863 0.4711444 0.7073695 0.4368889 0.6879863 0.4713252 0.6882463 0.4711444 0.7073695 0.4713252 0.6882463 0.5492212 0.6843758 0.5492212 0.6843758 0.4713252 0.6882463 0.5420507 0.6653138 0.5492212 0.6843758 0.5420507 0.6653138 0.5824523 0.6723664 0.5824523 0.6723664 0.5420507 0.6653138 0.6156835 0.6603724 0.5824523 0.6723664 0.6156835 0.6603724 0.5895926 0.6823717 0.5895926 0.6823717 0.6156835 0.6603724 0.620052 0.6977162 0.620052 0.6977162 0.6156835 0.6603724 0.6239084 0.6631109 0.6239084 0.6631109 0.6156835 0.6603724 0.6231251 0.6598675 0.6239084 0.6631109 0.6231251 0.6598675 0.6643251 0.6577563 0.6156835 0.6603724 0.5420507 0.6653138 0.6235167 0.6322843 0.5824523 0.6723664 0.5895926 0.6823717 0.5492212 0.6843758 0.6231251 0.6598675 0.6156835 0.6603724 0.6221308 0.6557828 0.6231251 0.6598675 0.6221308 0.6557828 0.6718872 0.6522489 0.6643251 0.6577563 0.6231251 0.6598675 0.6718872 0.6522489 0.7063084 0.6519735 0.7129667 0.6968441 0.6718872 0.6522489 0.6718872 0.6522489 0.7129667 0.6968441 0.6690402 0.6971194 0.6690402 0.6971194 0.7129667 0.6968441 0.6910035 0.7079508 0.6690402 0.6971194 0.6910035 0.7079508 0.6690402 0.7082415 0.6690402 0.6971194 0.6690402 0.7082415 0.6217994 0.7182162 0.6217994 0.7182162 0.6690402 0.7082415 0.6258667 0.727793 0.6217994 0.7182162 0.6258667 0.727793 0.6220254 0.7422502 0.6217994 0.7182162 0.6220254 0.7422502 0.6037377 0.7535405 0.6217994 0.7182162 0.6037377 0.7535405 0.5828138 0.7432599 0.6217994 0.7182162 0.5828138 0.7432599 0.5895926 0.7277778 0.6217994 0.7182162 0.5895926 0.7277778 0.620052 0.6977162 0.6217994 0.7182162 0.620052 0.6977162 0.6290904 0.695865 0.6290904 0.695865 0.620052 0.6977162 0.628277 0.6936008 0.6290904 0.695865 0.628277 0.6936008 0.6690402 0.6971194 0.6690402 0.6971194 0.628277 0.6936008 0.6631351 0.6921628 0.6690402 0.6971194 0.6631351 0.6921628 0.6643251 0.6577563 0.6643251 0.6577563 0.6631351 0.6921628 0.6535845 0.6629884 0.6643251 0.6577563 0.6535845 0.6629884 0.6239084 0.6631109 0.6217994 0.7182162 0.6290904 0.695865 0.6690402 0.6971194 0.6643251 0.6577563 0.6718872 0.6522489 0.6690402 0.6971194 0.6535845 0.6629884 0.6631351 0.6921628 0.6540665 0.6896844 0.6535845 0.6629884 0.6540665 0.6896844 0.6239084 0.6631109 0.6239084 0.6631109 0.6540665 0.6896844 0.6265597 0.6904952 0.6239084 0.6631109 0.6265597 0.6904952 0.620052 0.6977162 0.620052 0.6977162 0.6265597 0.6904952 0.628277 0.6936008 0.628277 0.6936008 0.6265597 0.6904952 0.6631351 0.6921628 0.6631351 0.6921628 0.6265597 0.6904952 0.6540665 0.6896844 0.5895926 0.6823717 0.620052 0.6977162 0.5895926 0.7277778 0.5555329 0.6876956 0.5895926 0.6823717 0.5618598 0.6910306 0.5618598 0.6910306 0.5895926 0.6823717 0.5862484 0.6910306 0.5618598 0.6910306 0.5862484 0.6910306 0.5618598 0.718935 0.5618598 0.718935 0.5862484 0.6910306 0.5862484 0.718935 0.5618598 0.718935 0.5862484 0.718935 0.5590277 0.7276707 0.5590277 0.7276707 0.5862484 0.718935 0.5895926 0.7277778 0.5590277 0.7276707 0.5895926 0.7277778 0.5495526 0.7536782 0.5495526 0.7536782 0.5895926 0.7277778 0.5593893 0.7582982 0.5593893 0.7582982 0.5895926 0.7277778 0.5828138 0.7432599 0.5593893 0.7582982 0.5828138 0.7432599 0.5938407 0.7521942 0.5618598 0.6910306 0.5618598 0.718935 0.5590277 0.7276707 0.5618598 0.6910306 0.5590277 0.7276707 0.5555329 0.6876956 0.5590277 0.7276707 0.5495526 0.7536782 0.5492212 0.6843758 0.5555329 0.6876956 0.5590277 0.7276707 0.5492212 0.6843758 0.5492212 0.6843758 0.5895926 0.6823717 0.5555329 0.6876956 0.5938407 0.7521942 0.5828138 0.7432599 0.6037377 0.7535405 0.5639687 0.7895533 0.5495526 0.7536782 0.5593893 0.7582982 0.5639687 0.7895533 0.5593893 0.7582982 0.5802981 0.7594457 0.5802981 0.7594457 0.5593893 0.7582982 0.5938407 0.7521942 0.5802981 0.7594457 0.584019 0.7855145 0.5639687 0.7895533 0.459997 0.8191254 0.4153323 0.8192936 0.4154377 0.7733215 0.459997 0.8191254 0.4154377 0.7733215 0.4598916 0.7731685 0.459997 0.8191254 0.4598916 0.7731685 0.4999316 0.8056473 0.5295023 0.8593299 0.5299543 0.8465556 0.6249026 0.8333224 0.5295023 0.8593299 0.6249026 0.8333224 0.6250683 0.8592228 0.6250683 0.8592228 0.6249026 0.8333224 0.669477 0.8329858 0.6722337 0.9005595 0.6253244 0.9001618 0.6722337 0.8592841 0.6722337 0.8592841 0.6253244 0.9001618 0.6250683 0.8592228 0.6250683 0.8592228 0.6253244 0.9001618 0.5295023 0.8593299 0.5295023 0.8593299 0.6253244 0.9001618 0.5297735 0.9004677 0.5295023 0.8593299 0.5297735 0.9004677 0.4944334 0.8594676 0.4944334 0.8594676 0.5297735 0.9004677 0.4944334 0.9003759 0.4944334 0.8594676 0.4944334 0.9003759 0.4591082 0.8595747 0.4591082 0.8595747 0.4944334 0.9003759 0.4591082 0.9002841 0.6235167 0.6322843 0.5420507 0.6653138 0.6235167 0.6322843 0.6235167 0.6322843 0.5420507 0.6653138 0.6156835 0.6603724 0.6156835 0.6603724 0.5420507 0.6653138 0.5824523 0.6723664 0.6156835 0.6603724 0.5824523 0.6723664 0.5895926 0.6823717 0.5895926 0.6823717 0.5824523 0.6723664 0.5492212 0.6843758 0.5492212 0.6843758 0.5824523 0.6723664 0.5420507 0.6653138 0.5492212 0.6843758 0.5420507 0.6653138 0.4713252 0.6882463 0.6239084 0.6631109 0.6643251 0.6577563 0.6231251 0.6598675 0.6239084 0.6631109 0.6231251 0.6598675 0.6156835 0.6603724 0.6239084 0.6631109 0.6156835 0.6603724 0.620052 0.6977162 0.620052 0.6977162 0.6156835 0.6603724 0.5895926 0.6823717 0.6156835 0.6603724 0.6231251 0.6598675 0.6221308 0.6557828 0.6221308 0.6557828 0.6231251 0.6598675 0.6718872 0.6522489 0.6231251 0.6598675 0.6643251 0.6577563 0.6718872 0.6522489 0.6718872 0.6522489 0.6643251 0.6577563 0.6690402 0.6971194 0.6690402 0.6971194 0.6643251 0.6577563 0.6631351 0.6921628 0.6631351 0.6921628 0.6643251 0.6577563 0.6535845 0.6629884 0.6631351 0.6921628 0.6535845 0.6629884 0.6540665 0.6896844 0.6540665 0.6896844 0.6535845 0.6629884 0.6239084 0.6631109 0.6540665 0.6896844 0.6239084 0.6631109 0.6265597 0.6904952 0.6265597 0.6904952 0.6239084 0.6631109 0.620052 0.6977162 0.6265597 0.6904952 0.620052 0.6977162 0.628277 0.6936008 0.628277 0.6936008 0.620052 0.6977162 0.6290904 0.695865 0.628277 0.6936008 0.6290904 0.695865 0.6690402 0.6971194 0.6690402 0.6971194 0.6290904 0.695865 0.6217994 0.7182162 0.6690402 0.6971194 0.6217994 0.7182162 0.6690402 0.7082415 0.6690402 0.7082415 0.6217994 0.7182162 0.6258667 0.727793 0.6258667 0.727793 0.6217994 0.7182162 0.6220254 0.7422502 0.6220254 0.7422502 0.6217994 0.7182162 0.6037377 0.7535405 0.6037377 0.7535405 0.6217994 0.7182162 0.5828138 0.7432599 0.5828138 0.7432599 0.6217994 0.7182162 0.5895926 0.7277778 0.5895926 0.7277778 0.6217994 0.7182162 0.620052 0.6977162 0.5895926 0.7277778 0.620052 0.6977162 0.5895926 0.6823717 0.6535845 0.6629884 0.6643251 0.6577563 0.6239084 0.6631109 0.6265597 0.6904952 0.628277 0.6936008 0.6631351 0.6921628 0.6631351 0.6921628 0.628277 0.6936008 0.6690402 0.6971194 0.620052 0.6977162 0.6217994 0.7182162 0.6290904 0.695865 0.6910035 0.7079508 0.6690402 0.6971194 0.6690402 0.7082415 0.6037377 0.7535405 0.5828138 0.7432599 0.5938407 0.7521942 0.5828138 0.7432599 0.5593893 0.7582982 0.5938407 0.7521942 0.5828138 0.7432599 0.5895926 0.7277778 0.5593893 0.7582982 0.5593893 0.7582982 0.5895926 0.7277778 0.5495526 0.7536782 0.5495526 0.7536782 0.5895926 0.7277778 0.5590277 0.7276707 0.5590277 0.7276707 0.5895926 0.7277778 0.5862484 0.718935 0.5590277 0.7276707 0.5862484 0.718935 0.5618598 0.718935 0.5618598 0.718935 0.5862484 0.718935 0.5862484 0.6910306 0.5618598 0.718935 0.5862484 0.6910306 0.5618598 0.6910306 0.5618598 0.6910306 0.5862484 0.6910306 0.5895926 0.6823717 0.5618598 0.6910306 0.5895926 0.6823717 0.5555329 0.6876956 0.5590277 0.7276707 0.5618598 0.718935 0.5618598 0.6910306 0.5590277 0.7276707 0.5618598 0.6910306 0.5555329 0.6876956 0.5590277 0.7276707 0.5492212 0.6843758 0.5495526 0.7536782 0.5590277 0.7276707 0.5555329 0.6876956 0.5492212 0.6843758 0.5492212 0.6843758 0.5555329 0.6876956 0.5895926 0.6823717 0.5495526 0.7536782 0.5492212 0.6843758 0.5384654 0.7444838 0.5384654 0.7444838 0.5492212 0.6843758 0.4779683 0.7488744 0.4779683 0.7488744 0.5492212 0.6843758 0.47128 0.7070941 0.4779683 0.7488744 0.47128 0.7070941 0.4373709 0.7488744 0.4373709 0.7488744 0.47128 0.7070941 0.4370546 0.7070941 0.4370546 0.7070941 0.47128 0.7070941 0.4368889 0.6879863 0.4368889 0.6879863 0.47128 0.7070941 0.4713252 0.6882463 0.4713252 0.6882463 0.47128 0.7070941 0.5492212 0.6843758 0.4779683 0.7488744 0.4373709 0.7488744 0.4598916 0.7731685 0.5639687 0.7895533 0.584019 0.7855145 0.5802981 0.7594457 0.5639687 0.7895533 0.5802981 0.7594457 0.5593893 0.7582982 0.5639687 0.7895533 0.5593893 0.7582982 0.5495526 0.7536782 0.5639687 0.7895533 0.5495526 0.7536782 0.5561505 0.8142297 0.5561505 0.8142297 0.5495526 0.7536782 0.4890705 0.7731838 0.5561505 0.8142297 0.4890705 0.7731838 0.4999316 0.8056473 0.4999316 0.8056473 0.4890705 0.7731838 0.4598916 0.7731685 0.4598916 0.7731685 0.4890705 0.7731838 0.4779683 0.7488744 0.4779683 0.7488744 0.4890705 0.7731838 0.5384654 0.7444838 0.5384654 0.7444838 0.4890705 0.7731838 0.5495526 0.7536782 0.5639687 0.7895533 0.5561505 0.8142297 0.6248123 0.8141533 0.6248123 0.8141533 0.5561505 0.8142297 0.5303912 0.8337966 0.6248123 0.8141533 0.5303912 0.8337966 0.6249026 0.8333224 0.6249026 0.8333224 0.5303912 0.8337966 0.5299543 0.8465556 0.6249026 0.8333224 0.5299543 0.8465556 0.5295023 0.8593299 0.6249026 0.8333224 0.5295023 0.8593299 0.6250683 0.8592228 0.6249026 0.8333224 0.6250683 0.8592228 0.669477 0.8331235 0.5303912 0.8337966 0.5561505 0.8142297 0.4999316 0.8056473 0.5303912 0.8337966 0.4999316 0.8056473 0.459997 0.8191254 0.5303912 0.8337966 0.459997 0.8191254 0.4947497 0.8392276 0.5303912 0.8337966 0.4947497 0.8392276 0.5299543 0.8465556 0.5299543 0.8465556 0.4947497 0.8392276 0.5295023 0.8593299 0.6248123 0.8141533 0.6249026 0.8333224 0.6695674 0.8140921 0.6695674 0.8140921 0.6249026 0.8333224 0.669477 0.8331235 0.6690402 0.7082415 0.6258667 0.727793 0.6690402 0.7082415 0.6690402 0.7082415 0.6258667 0.727793 0.6258667 0.727793 0.6690402 0.7082415 0.6258667 0.727793 0.6258667 0.727793 0.6258667 0.727793 0.6258667 0.727793 0.6228841 0.744346 0.6228841 0.744346 0.6258667 0.727793 0.6228841 0.744346 0.6228841 0.744346 0.6228841 0.744346 0.6050181 0.7556364 0.6050181 0.7556364 0.6228841 0.744346 0.6050181 0.7556364 0.6050181 0.7556364 0.6228841 0.744346 0.6050181 0.7556364 0.6050181 0.7556364 0.6228841 0.744346 0.6228841 0.744346 0.6228841 0.744346 0.6228841 0.744346 0.6258667 0.727793 0.6228841 0.744346 0.6258667 0.727793 0.6258667 0.727793 0.6690402 0.7082415 0.6258667 0.727793 0.6690402 0.7082415 0.459997 0.8191254 0.4999316 0.8056473 0.4598916 0.7731685 0.6540665 0.6896844 0.6265597 0.6904952 0.6631351 0.6921628 0.6654549 0.6237171 0.7166725 0.6237171 0.6790125 0.648669 0.6790125 0.648669 0.7166725 0.6237171 0.7031149 0.648669 0.4003587 0.6453339 0.4649229 0.6457623 0.4068512 0.6154865 0.4068512 0.6154865 0.4649229 0.6457623 0.4766427 0.6296682 0.4766427 0.6296682 0.4883626 0.6135894 0.4068512 0.6154865 0.4068512 0.6154865 0.4883626 0.6135894 0.4881215 0.5890659 0.4881215 0.5890659 0.4883626 0.6135894 0.5301953 0.6004939 0.4881215 0.5890659 0.5301953 0.6004939 0.5476545 0.5869241 0.5802981 0.7594457 0.5802981 0.7594457 0.584019 0.7855145 0.5802981 0.7594457 0.584019 0.7855145 0.584019 0.7855145 0.5802981 0.7594457 0.584019 0.7855145 0.584019 0.7855145 0.5802981 0.7594457 0.584019 0.7855145 0.5802981 0.7594457 0.6050181 0.7556364 0.6050181 0.7556364 0.5938407 0.7521942 0.6050181 0.7556364 0.5938407 0.7521942 0.5938407 0.7521942 0.6050181 0.7556364 0.5938407 0.7521942 0.5938407 0.7521942 0.6050181 0.7556364 0.5938407 0.7521942 0.6050181 0.7556364 0.5938407 0.7521942 0.5938407 0.7521942 0.5802981 0.7594457 0.5938407 0.7521942 0.5802981 0.7594457 0.5802981 0.7594457 0.5938407 0.7521942 0.5802981 0.7594457 0.5802981 0.7594457 0.5938407 0.7521942 0.5802981 0.7594457 0.5938407 0.7521942 0.5938407 0.7521942 0.5593893 0.7582982 0.5802981 0.7594457 0.5483775 0.6221413 0.542141 0.6519735 0.5071926 0.6226003 0.5071926 0.6226003 0.542141 0.6519735 0.4555984 0.6591026 0.4555984 0.6591026 0.542141 0.6519735 0.4611117 0.6792202 0.4555984 0.6591026 0.4611117 0.6792202 0.4015939 0.6818668 0.4270521 0.8873109 0.4270521 0.8322056 0.3979485 0.8151018 0.4270521 0.8873109 0.3979485 0.8151018 0.3950411 0.9062505 0.6691305 0.7850402 0.6695674 0.8140921 0.6910035 0.7850402 0.6156835 0.6603724 0.6235167 0.6322843 0.6221308 0.6557828 0.5301953 0.6004939 0.5301953 0.6004939 0.4883626 0.6135894 0.5301953 0.6004939 0.4883626 0.6135894 0.4883626 0.6135894 0.4883626 0.6135894 0.4883626 0.6135894 0.4766427 0.6296682 0.4883626 0.6135894 0.4766427 0.6296682 0.4766427 0.6296682 0.4883626 0.6135894 0.4766427 0.6296682 0.4766427 0.6296682 0.4883626 0.6135894 0.4766427 0.6296682 0.4766427 0.6296682 0.4883626 0.6135894 0.4766427 0.6296682 0.4766427 0.6296682 0.4883626 0.6135894 0.4766427 0.6296682 0.4883626 0.6135894 0.4883626 0.6135894 0.4883626 0.6135894 0.5301953 0.6004939 0.5301953 0.6004939 0.4883626 0.6135894 0.5301953 0.6004939 0.4003587 0.6453339 0.4068512 0.6154865 0.4649229 0.6457623 0.4649229 0.6457623 0.4068512 0.6154865 0.4766427 0.6296682 0.4766427 0.6296682 0.4068512 0.6154865 0.4883626 0.6135894 0.4883626 0.6135894 0.4068512 0.6154865 0.4881215 0.5890659 0.4883626 0.6135894 0.4881215 0.5890659 0.5301953 0.6004939 0.5301953 0.6004939 0.4881215 0.5890659 0.5476545 0.5869241 0.4649229 0.6457623 0.4406398 0.6595922 0.4003587 0.6453339 0.7086283 0.6098566 0.6963813 0.646053 0.673484 0.6098566 0.6329166 0.6545895 0.5774812 0.6769254 0.6112546 0.6684806 0.6437778 0.6376082 0.7166725 0.6237171 0.6654549 0.6237171 0.4649229 0.6457623 0.4003587 0.6453339 0.4406398 0.6595922 0.4713252 0.6882463 0.4368889 0.6879863 0.4368889 0.6879863 0.4713252 0.6882463 0.4368889 0.6879863 0.4713252 0.6882463 0.5420507 0.6653138 0.6235167 0.6322843 0.5420507 0.6653138 0.5420507 0.6653138 0.5420507 0.6653138 0.4713252 0.6882463 0.5420507 0.6653138 0.4713252 0.6882463 0.5420507 0.6653138 0.5420507 0.6653138 0.5420507 0.6653138 0.6235167 0.6322843 0.4713252 0.6882463 0.4713252 0.6882463 0.4368889 0.6879863 0.4713252 0.6882463 0.4368889 0.6879863 0.4368889 0.6879863 0.673484 0.6098566 0.7086283 0.6098566 0.7086283 0.6098566 0.673484 0.6098566 0.7086283 0.6098566 0.673484 0.6098566 0.6235167 0.6322843 0.5420507 0.6653138 0.6235167 0.6322843 0.4713252 0.6882463 0.5420507 0.6653138 0.4713252 0.6882463 0.5420507 0.6653138 0.4713252 0.6882463 0.4713252 0.6882463</float_array>
          <technique_common>
            <accessor source="#default_default-mesh-map-0-array" count="1143" stride="2">
              <param name="S" type="float"/>
              <param name="T" type="float"/>
            </accessor>
          </technique_common>
        </source>
        <vertices id="default_default-mesh-vertices">
          <input semantic="POSITION" source="#default_default-mesh-positions"/>
        </vertices>
        <triangles material="mp_visor-material" count="104">
          <input semantic="VERTEX" source="#default_default-mesh-vertices" offset="0"/>
          <input semantic="NORMAL" source="#default_default-mesh-normals" offset="1"/>
          <input semantic="TEXCOORD" source="#default_default-mesh-map-0" offset="2" set="0"/>
          <p>0 0 0 1 1 1 2 2 2 2 2 3 1 1 4 3 3 5 2 2 6 3 3 7 4 4 8 3 3 9 1 1 10 32 5 11 3 3 12 32 5 13 31 6 14 31 6 15 32 5 16 30 7 17 31 6 18 30 7 19 28 8 20 28 8 21 30 7 22 29 9 23 28 8 24 29 9 25 27 10 26 28 8 27 27 10 28 26 11 29 26 11 30 27 10 31 25 12 32 26 11 33 25 12 34 24 13 35 24 13 36 25 12 37 23 14 38 24 13 39 23 14 40 22 15 41 22 15 42 23 14 43 21 16 44 22 15 45 21 16 46 19 17 47 19 17 48 21 16 49 20 18 50 19 17 51 20 18 52 18 19 53 19 17 54 18 19 55 16 20 56 16 20 57 18 19 58 17 21 59 16 20 60 17 21 61 15 22 62 16 20 63 15 22 64 13 23 65 13 23 66 15 22 67 14 24 68 13 23 69 14 24 70 12 25 71 13 23 72 12 25 73 11 26 74 11 26 75 12 25 76 10 27 77 11 26 78 10 27 79 9 28 80 9 28 81 10 27 82 8 29 83 9 28 84 8 29 85 7 30 86 7 30 87 8 29 88 6 31 89 7 30 90 6 31 91 5 32 92 5 32 93 6 31 94 4 4 95 5 32 96 4 4 97 3 3 98 5 32 99 3 3 100 31 6 101 5 32 102 31 6 103 66 33 104 66 33 105 31 6 106 28 8 107 66 33 108 28 8 109 26 11 110 66 33 111 26 11 112 67 34 113 67 34 114 26 11 115 24 13 116 67 34 117 24 13 118 68 35 119 68 35 120 24 13 121 22 15 122 68 35 123 22 15 124 69 36 125 68 35 126 69 36 127 11 26 128 11 26 129 69 36 130 13 23 131 13 23 132 69 36 133 16 20 134 16 20 135 69 36 136 19 17 137 19 17 138 69 36 139 22 15 140 5 32 141 66 33 142 7 30 143 7 30 144 66 33 145 67 34 146 7 30 147 67 34 148 9 28 149 9 28 150 67 34 151 68 35 152 9 28 153 68 35 154 11 26 155 33 37 156 34 38 157 35 39 158 33 37 159 35 39 160 36 40 161 36 40 162 35 39 163 37 41 164 36 40 165 37 41 166 38 42 167 38 42 168 37 41 169 39 43 170 33 37 171 36 40 172 65 44 173 65 44 174 36 40 175 64 45 176 65 44 177 64 45 178 63 46 179 63 46 180 64 45 181 61 47 182 63 46 183 61 47 184 62 48 185 62 48 186 61 47 187 60 49 188 60 49 189 61 47 190 59 50 191 60 49 192 59 50 193 58 51 194 64 45 195 36 40 196 38 42 197 64 45 198 38 42 199 70 52 200 70 52 201 38 42 202 40 53 203 40 53 204 38 42 205 39 43 206 40 53 207 39 43 208 41 54 209 40 53 210 41 54 211 42 55 212 42 55 213 41 54 214 43 56 215 64 45 216 70 52 217 61 47 218 61 47 219 70 52 220 59 50 221 59 50 222 70 52 223 71 57 224 59 50 225 71 57 226 57 58 227 59 50 228 57 58 229 58 51 230 58 51 231 57 58 232 56 59 233 56 59 234 57 58 235 55 60 236 56 59 237 55 60 238 54 61 239 71 57 240 70 52 241 40 53 242 71 57 243 40 53 244 42 55 245 71 57 246 42 55 247 72 62 248 72 62 249 42 55 250 44 63 251 44 63 252 42 55 253 43 56 254 44 63 255 43 56 256 45 64 257 44 63 258 45 64 259 46 65 260 46 65 261 45 64 262 47 66 263 46 65 264 47 66 265 48 67 266 46 65 267 48 67 268 49 68 269 49 68 270 48 67 271 50 69 272 49 68 273 50 69 274 51 70 275 49 68 276 51 70 277 52 71 278 52 71 279 51 70 280 53 72 281 52 71 282 53 72 283 54 61 284 52 71 285 54 61 286 55 60 287 52 71 288 55 60 289 73 73 290 73 73 291 55 60 292 72 62 293 73 73 294 72 62 295 44 63 296 73 73 297 44 63 298 46 65 299 73 73 300 46 65 301 49 68 302 73 73 303 49 68 304 52 71 305 72 62 306 55 60 307 57 58 308 72 62 309 57 58 310 71 57 311</p>
        </triangles>
        <triangles material="armor_fixed-material" count="277">
          <input semantic="VERTEX" source="#default_default-mesh-vertices" offset="0"/>
          <input semantic="NORMAL" source="#default_default-mesh-normals" offset="1"/>
          <input semantic="TEXCOORD" source="#default_default-mesh-map-0" offset="2" set="0"/>
          <p>74 74 312 75 75 313 76 76 314 76 76 315 75 75 316 77 77 317 78 78 318 79 79 319 80 80 320 80 80 321 79 79 322 81 81 323 80 80 324 81 81 325 82 82 326 82 82 327 81 81 328 83 83 329 84 84 330 85 85 331 86 86 332 86 86 333 85 85 334 87 87 335 88 88 336 89 89 337 90 90 338 90 90 339 89 89 340 91 91 341 91 92 342 93 93 343 92 94 344 92 94 345 93 93 346 94 95 347 94 95 348 93 93 349 95 96 350 94 95 351 95 96 352 96 97 353 96 97 354 95 96 355 97 98 356 96 97 357 97 98 358 98 99 359 98 99 360 97 98 361 99 100 362 94 95 363 96 97 364 108 101 365 108 101 366 96 97 367 106 102 368 106 102 369 96 97 370 98 99 371 106 102 372 98 99 373 141 103 374 141 103 375 98 99 376 100 104 377 100 104 378 98 99 379 99 100 380 100 104 381 99 100 382 102 105 383 102 105 384 99 100 385 101 106 386 97 98 387 95 96 388 113 107 389 113 107 390 95 96 391 114 108 392 114 108 393 95 96 394 115 109 395 114 108 396 115 109 397 116 110 398 93 93 399 115 109 400 95 96 401 311 111 402 141 103 403 122 112 404 122 112 405 141 103 406 100 104 407 122 112 408 100 104 409 103 113 410 103 113 411 100 104 412 102 105 413 103 113 414 102 105 415 104 114 416 103 113 417 104 114 418 105 115 419 103 113 420 105 115 421 121 116 422 103 113 423 121 116 424 122 112 425 122 112 426 121 116 427 203 117 428 122 112 429 203 117 430 205 118 431 205 118 432 203 117 433 138 119 434 205 118 435 138 119 436 129 120 437 129 120 438 138 119 439 137 121 440 137 121 441 138 119 442 224 122 443 224 122 444 138 119 445 225 123 446 224 122 447 225 123 448 230 124 449 138 119 450 203 117 451 204 125 452 205 118 453 129 120 454 122 112 455 225 123 456 138 119 457 226 126 458 225 123 459 226 126 460 206 127 461 228 128 462 227 129 463 206 130 464 207 131 465 208 132 466 206 133 467 206 133 468 208 132 469 134 134 470 134 134 471 208 132 472 142 135 473 134 134 474 142 135 475 143 136 476 134 134 477 143 136 478 136 137 479 136 137 480 143 136 481 144 138 482 136 137 483 144 138 484 145 139 485 136 137 486 145 139 487 146 140 488 136 137 489 146 140 490 147 141 491 136 137 492 147 141 493 124 142 494 136 137 495 124 142 496 137 121 497 136 137 498 137 121 499 135 143 500 135 143 501 137 121 502 132 144 503 135 143 504 132 144 505 134 134 506 134 134 507 132 144 508 133 145 509 134 134 510 133 145 511 228 146 512 228 146 513 133 145 514 232 147 515 228 146 516 232 147 517 231 148 518 136 137 519 135 143 520 134 134 521 228 146 522 229 149 523 134 134 524 232 147 525 133 145 526 222 150 527 232 147 528 222 150 529 224 122 530 224 122 531 222 150 532 223 151 533 224 122 534 223 151 535 137 121 536 137 121 537 223 151 538 344 152 539 344 152 540 223 151 541 343 153 542 220 154 543 221 155 544 222 156 545 129 120 546 137 121 547 124 142 548 130 157 549 129 158 550 128 159 551 128 159 552 129 158 553 127 160 554 128 159 555 127 160 556 126 161 557 126 161 558 127 160 559 125 162 560 126 161 561 125 162 562 123 163 563 123 163 564 125 162 565 124 142 566 123 163 567 124 142 568 106 102 569 106 102 570 124 142 571 107 164 572 107 164 573 124 142 574 147 141 575 107 164 576 147 141 577 151 165 578 128 159 579 126 161 580 123 163 581 128 159 582 123 163 583 139 166 584 123 163 585 106 102 586 122 167 587 139 168 588 140 169 589 122 170 590 122 171 591 131 172 592 130 173 593 328 174 594 147 175 595 329 176 596 108 101 597 106 102 598 107 164 599 108 101 600 107 164 601 148 177 602 148 177 603 107 164 604 150 178 605 148 177 606 149 179 607 108 101 608 110 180 609 109 181 610 101 182 611 110 180 612 101 182 613 111 183 614 110 180 615 111 183 616 112 184 617 117 185 618 118 186 619 93 187 620 117 185 621 93 187 622 119 188 623 119 188 624 93 187 625 120 189 626 255 190 627 253 191 628 254 192 629 254 192 630 253 191 631 119 188 632 119 188 633 253 191 634 117 185 635 117 185 636 253 191 637 252 193 638 117 185 639 252 193 640 251 194 641 251 194 642 252 193 643 250 195 644 251 194 645 250 195 646 249 196 647 249 196 648 250 195 649 248 197 650 381 198 651 153 199 652 152 200 653 152 200 654 153 199 655 154 201 656 154 201 657 153 199 658 155 202 659 154 201 660 155 202 661 156 203 662 156 203 663 155 202 664 157 204 665 157 204 666 155 202 667 153 199 668 157 204 669 153 199 670 191 205 671 213 206 672 215 207 673 214 208 674 213 206 675 214 208 676 154 201 677 213 206 678 154 201 679 233 209 680 233 209 681 154 201 682 156 203 683 345 210 684 214 211 685 346 212 686 346 212 687 214 211 688 295 213 689 296 214 690 216 215 691 295 216 692 295 216 693 216 215 694 293 217 695 293 217 696 216 215 697 219 218 698 219 218 699 216 215 700 218 219 701 219 218 702 218 219 703 211 220 704 211 220 705 218 219 706 213 206 707 211 220 708 213 206 709 212 221 710 212 221 711 213 206 712 233 209 713 212 221 714 233 209 715 294 222 716 294 222 717 233 209 718 292 223 719 294 222 720 292 223 721 293 217 722 293 217 723 292 223 724 169 224 725 293 217 726 169 224 727 173 225 728 173 225 729 169 224 730 172 226 731 172 226 732 169 224 733 171 227 734 171 227 735 169 224 736 170 228 737 170 228 738 169 224 739 168 229 740 168 229 741 169 224 742 160 230 743 160 230 744 169 224 745 233 209 746 160 230 747 233 209 748 156 203 749 218 219 750 216 215 751 217 231 752 212 221 753 294 222 754 219 218 755 219 218 756 294 222 757 293 217 758 233 209 759 169 224 760 292 223 761 297 232 762 293 217 763 173 225 764 170 233 765 326 234 766 327 235 767 168 236 768 290 237 769 291 238 770 168 229 771 160 230 772 167 239 773 167 239 774 160 230 775 158 240 776 158 240 777 160 230 778 159 241 779 159 241 780 160 230 781 161 242 782 159 241 783 161 242 784 162 243 785 162 243 786 161 242 787 163 244 788 162 243 789 163 244 790 164 245 791 164 245 792 163 244 793 156 246 794 164 245 795 156 246 796 165 247 797 159 241 798 162 243 799 164 245 800 159 241 801 164 245 802 177 248 803 159 241 804 157 249 805 158 240 806 178 250 807 177 251 808 157 252 809 157 253 810 165 254 811 166 255 812 342 256 813 157 204 814 181 257 815 181 257 816 157 204 817 180 258 818 180 258 819 157 204 820 179 259 821 180 258 822 179 259 823 258 260 824 258 260 825 179 259 826 257 261 827 257 261 828 179 259 829 256 262 830 256 262 831 179 259 832 191 205 833 191 205 834 179 259 835 157 204 836 259 263 837 258 264 838 190 265 839 234 266 840 287 267 841 288 268 842 234 266 843 288 268 844 167 239 845 234 266 846 167 239 847 158 240 848 234 266 849 158 240 850 183 269 851 183 269 852 158 240 853 182 270 854 183 269 855 182 270 856 189 271 857 189 271 858 182 270 859 190 272 860 190 272 861 182 270 862 180 258 863 180 258 864 182 270 865 181 257 866 181 257 867 182 270 868 158 240 869 234 266 870 183 269 871 187 273 872 187 273 873 183 269 874 188 274 875 187 273 876 188 274 877 186 275 878 186 275 879 188 274 880 195 276 881 186 275 882 195 276 883 194 277 884 186 275 885 194 277 886 192 278 887 186 275 888 192 278 889 193 279 890 188 274 891 183 269 892 189 271 893 188 274 894 189 271 895 199 280 896 188 274 897 199 280 898 198 281 899 188 274 900 198 281 901 197 282 902 197 282 903 198 281 904 196 283 905 187 273 906 186 275 907 185 284 908 185 284 909 186 275 910 184 285 911 174 286 912 175 287 913 176 288 914 176 288 915 175 287 916 268 289 917 176 288 918 268 289 919 266 290 920 266 290 921 268 289 922 283 291 923 283 291 924 268 289 925 270 292 926 283 291 927 270 292 928 284 293 929 284 293 930 270 292 931 272 294 932 272 294 933 270 292 934 271 295 935 271 295 936 270 292 937 269 296 938 269 296 939 270 292 940 268 289 941 269 296 942 268 289 943 175 287 944 176 288 945 266 290 946 267 297 947 200 298 948 201 299 949 202 300 950 211 301 951 209 302 952 210 303 953 236 304 954 237 305 955 235 306 956 235 306 957 237 305 958 238 307 959 239 308 960 240 309 961 241 310 962 241 310 963 240 309 964 242 311 965 243 312 966 244 313 967 241 314 968 241 314 969 244 313 970 245 315 971 245 315 972 244 313 973 246 316 974 245 315 975 246 316 976 247 317 977 262 318 978 260 319 979 261 320 980 262 318 981 261 320 982 263 321 983 262 318 984 263 321 985 264 322 986 262 318 987 264 322 988 265 323 989 273 324 990 274 325 991 275 326 992 273 324 993 275 326 994 276 327 995 273 324 996 276 327 997 286 328 998 273 324 999 286 328 1000 285 329 1001 277 330 1002 278 331 1003 279 332 1004 277 330 1005 279 332 1006 280 333 1007 277 330 1008 280 333 1009 281 334 1010 277 330 1011 281 334 1012 282 335 1013 289 336 1014 167 337 1015 279 338 1016 299 339 1017 300 340 1018 298 341 1019 298 341 1020 300 340 1021 301 342 1022 301 342 1023 300 340 1024 302 343 1025 301 342 1026 302 343 1027 303 344 1028 306 345 1029 304 346 1030 305 347 1031 306 345 1032 305 347 1033 307 348 1034 310 349 1035 308 350 1036 309 351 1037 312 352 1038 313 353 1039 314 354 1040 315 355 1041 316 356 1042 317 357 1043 315 355 1044 317 357 1045 318 358 1046 318 358 1047 317 357 1048 319 359 1049 318 358 1050 319 359 1051 320 360 1052 318 358 1053 320 360 1054 321 361 1055 318 358 1056 321 361 1057 322 362 1058 318 358 1059 322 362 1060 323 363 1061 318 358 1062 323 363 1063 324 364 1064 318 358 1065 324 364 1066 315 355 1067 315 355 1068 324 364 1069 325 365 1070 331 366 1071 332 367 1072 330 368 1073 330 368 1074 332 367 1075 333 369 1076 334 370 1077 332 371 1078 335 372 1079 335 372 1080 332 371 1081 336 373 1082 335 372 1083 336 373 1084 337 374 1085 337 374 1086 336 373 1087 338 375 1088 339 376 1089 340 377 1090 341 378 1091 349 379 1092 347 380 1093 348 381 1094 350 382 1095 351 383 1096 352 384 1097 355 385 1098 353 386 1099 354 387 1100 356 388 1101 357 389 1102 358 390 1103 360 391 1104 361 392 1105 359 393 1106 360 391 1107 359 393 1108 380 394 1109 362 395 1110 363 396 1111 364 397 1112 362 395 1113 364 397 1114 191 398 1115 367 399 1116 365 400 1117 366 401 1118 367 399 1119 366 401 1120 387 402 1121 369 403 1122 370 404 1123 368 405 1124 369 403 1125 368 405 1126 385 406 1127 372 407 1128 373 408 1129 371 409 1130 372 407 1131 371 409 1132 386 410 1133 376 411 1134 374 412 1135 375 413 1136 377 414 1137 378 415 1138 379 416 1139 384 417 1140 382 418 1141 383 419 1142</p>
        </triangles>
      </mesh>
    </geometry>
    <geometry id="chest_mp_recon-mesh" name="chest:mp_recon">
      <mesh>
        <source id="chest_mp_recon-mesh-positions">
          <float_array id="chest_mp_recon-mesh-positions-array" count="4215">3.194474 10.20985 28.79919 2.672574 10.20157 29.54665 2.537109 10.38045 28.64839 2.537109 10.38045 28.64839 2.461228 12.01107 29.94804 3.194474 10.20985 28.79919 3.501937 11.70573 30.18561 3.501937 11.70573 30.18561 2.461228 12.01107 29.94804 3.250684 11.26979 32.64169 2.86818 9.575261 31.9897 1.860633 11.30934 32.23596 2.86818 9.575261 31.9897 2.451953 9.292915 32.49958 0.989955 11.67032 34.86561 1.35447 11.43672 34.66383 1.672614 12.52472 35.01531 1.35447 11.43672 34.66383 2.285293 13.57777 34.68444 1.670929 13.68354 35.00772 2.285293 13.57777 34.68444 -0.6260551 14.05739 34.84825 -6.520981 6.674083 6.051212 -6.126393 8.019138 6.959223 -4.38082 8.372299 6.970071 -4.38082 8.372299 6.970071 -4.17903 8.81053 12.98659 -1.001531 12.12787 34.76146 -0.6260551 14.05739 34.84825 -0.7671394 11.87909 33.98255 -0.7671394 11.87909 33.98255 -0.8289695 14.3172 33.67988 -1.093434 12.62589 30.46442 -1.310963 8.246299 7.04601 -4.17903 8.81053 12.98659 -0.4366309 8.324476 19.02263 -4.551695 9.310847 19.31879 -5.549687 8.447256 15.30597 -6.010881 8.144676 19.53142 -7.164855 6.222053 15.66397 -6.755372 6.024778 19.56288 -6.44313 6.28827 15.11938 -5.458629 8.031093 14.91868 -5.458629 8.031093 14.91868 -4.17903 8.81053 12.98659 -6.355164 6.669026 6.947288 2.491298 4.855389 45.03488 4.517073 1.312724 43.23731 2.639971 4.476931 44.16484 -1.216812 5.289482 45.05875 -3.296829 5.292241 44.1822 -2.916294 4.971729 45.43411 -4.685754 3.560457 44.42629 -5.180394 2.832978 45.44604 2.464038 5.011736 47.1156 2.491298 4.855389 45.03488 2.166411 5.623794 45.91794 2.464038 5.011736 47.1156 2.166411 5.623794 45.91794 -1.084161 5.430655 46.68384 -1.093434 6.008223 45.80295 2.052587 -11.10177 28.80679 1.380889 -11.2011 28.65599 1.534621 -11.03785 29.55424 1.380889 -11.2011 28.65599 1.131039 -12.8147 29.95563 1.131039 -12.8147 29.95563 2.198449 -12.62203 30.19321 2.198449 -12.62203 30.19321 2.052587 -11.10177 28.80679 1.995254 -12.16126 32.64928 0.6088578 -12.05228 32.24247 1.795992 -10.43591 31.99621 1.795992 -10.43591 31.99621 1.412085 -10.1108 32.50717 4.318373 -2.396863 43.23731 1.925554 -5.703165 45.03488 2.114136 -5.342645 44.16484 -1.807569 -5.738574 45.05875 -3.606822 -5.533482 44.1822 -3.463488 -5.241017 45.43411 -5.071909 -3.648567 44.42629 -5.486172 -2.872805 45.44604 1.131039 -12.8147 29.95563 0.7254921 -10.88104 29.50976 0.6167271 -12.61927 31.15112 -0.08504313 -11.03923 30.25938 -2.46887 -13.04601 30.47093 -6.223072 -3.839864 44.16593 -5.486172 -2.872805 45.44604 3.947675 -2.520563 47.83377 1.881993 -5.855374 47.1156 5.542887 -2.181655 47.36729 4.891143 -2.318689 50.16941 3.38165 2.811825 57.63854 2.915396 6.22711 57.491 1.192027 3.64231 60.47864 1.250484 2.971394 59.34933 -1.365486 3.519529 60.32134 5.07832 1.173849 50.16941 4.891143 -2.318689 50.16941 5.711796 0.9678379 47.36729 5.312711 -2.243274 45.14554 5.48949 1.053828 45.14554 4.517073 1.312724 43.23731 4.318373 -2.396863 43.23731 1.925554 -5.703165 45.03488 -0.8196957 13.13264 29.60089 -0.5234741 11.33371 29.00097 -1.093434 12.62589 30.46442 -0.9166554 14.13188 30.86798 -0.9166554 14.13188 30.86798 -1.093434 12.62589 30.46442 -0.8289695 14.3172 33.67988 -5.202034 6.604645 57.88805 -4.978323 4.432787 60.31266 -3.46124 7.670112 60.3235 -3.464892 7.869685 59.41875 0.5520865 7.13301 59.34499 2.200979 -7.112136 57.491 3.02922 -3.766288 57.63854 0.7634319 -4.358111 60.47972 0.8932754 -3.69731 59.34933 -1.766255 -3.962643 60.32134 -6.010321 0.01641362 60.08268 -3.456743 4.298511 60.9831 -3.456743 4.298511 60.9831 0.6746225 6.893889 59.87221 1.192027 3.64231 60.47864 -1.365486 3.519529 60.32134 -4.250696 2.41084 60.79976 -6.010321 0.01641362 60.08268 -5.46144 -0.01301616 60.33435 0.09201538 -12.12493 34.67034 -0.2955467 -12.31807 34.8732 0.2921186 -13.24052 35.02182 0.09201538 -12.12493 34.67034 0.7887259 -14.35289 34.69094 0.1664929 -14.3929 35.01531 0.7887259 -14.35289 34.69094 -2.156909 -14.5189 34.85476 -6.223072 -3.839864 44.16593 -5.486172 -2.872805 45.44604 -5.180394 2.832978 45.44604 -5.809936 3.873153 44.16593 -5.809936 3.873153 44.16593 -5.180394 2.832978 45.44604 1.958999 5.272008 41.02966 1.476725 6.056048 39.80162 0.637243 6.527852 40.25183 -2.613889 5.484917 41.08281 -3.938736 6.274937 40.4905 -2.156909 -14.5189 34.85476 -2.386804 -14.75572 33.68748 -2.453974 -14.56212 30.87557 0.7887259 -14.35289 34.69094 2.202102 -13.92523 31.89207 1.769293 -13.66864 29.9144 -2.25106 -13.57897 29.60848 1.380889 -11.2011 28.65599 2.052587 -11.10177 28.80679 1.893515 -12.47074 29.07908 2.052587 -11.10177 28.80679 2.198449 -12.62203 30.19321 2.198449 -12.62203 30.19321 1.769293 -13.66864 29.9144 1.995254 -12.16126 32.64928 1.995254 -12.16126 32.64928 1.445812 -11.48114 34.05089 1.412085 -10.1108 32.50717 1.412085 -10.1108 32.50717 1.795992 -10.43591 31.99621 1.380889 -11.2011 28.65599 1.131039 -12.8147 29.95563 1.769293 -13.66864 29.9144 0.7887259 -6.788403 39.80162 -0.0965662 -7.167778 40.25183 -1.082473 -9.549787 33.2199 0.5220145 -8.447073 31.69788 -2.391582 -9.173172 32.17195 -2.497255 -9.861563 31.19126 -4.258566 -8.923934 33.0843 -5.320636 -7.770638 31.29757 0.2699167 -8.855877 28.41299 -2.540817 -9.324462 30.15849 -2.672346 -9.358032 28.30234 -2.759751 -9.790746 27.38673 -5.568518 -8.058963 27.98014 -2.785046 -9.187888 26.56551 -5.535634 -7.777075 23.82521 -6.422052 -5.316433 24.71803 -6.436667 -5.497154 38.00296 -4.619428 -6.427424 40.4905 3.649767 -5.259412 38.16894 3.922662 -5.859053 35.20624 3.426617 -6.309244 29.78531 2.638005 13.12298 35.54797 1.165889 14.57196 35.56533 2.079285 12.7666 38.47378 0.7322371 14.14154 38.46293 2.667515 11.8469 45.13035 0.609982 13.70837 45.0555 -0.8424595 14.47585 35.30496 -1.235363 13.77688 38.21234 -2.173772 12.46034 34.93286 -2.054327 11.79862 37.97584 -2.293497 13.23151 44.62048 -4.062676 11.58065 42.92486 -4.089096 10.55611 42.79903 -3.390416 -1.345652 35.68791 -5.021883 -2.333404 34.64213 -4.881362 -3.270114 38.23078 -6.436667 -5.497154 38.00296 -3.217574 -5.783638 41.08281 -2.66532 12.87145 46.37791 -4.783557 11.3728 46.38225 -4.82993 9.572502 46.16202 -3.064404 9.005049 45.74979 -2.786451 9.30395 42.60376 1.213948 8.928712 44.89603 -1.289885 10.59796 38.14507 1.247673 10.85133 38.43363 1.727698 11.14564 35.19323 -1.002657 10.93227 34.86452 -2.479549 7.718395 58.88502 -3.088574 8.573712 58.32089 -4.861689 8.186521 56.9182 -2.479549 7.718395 58.88502 -4.301285 7.573084 57.35647 -4.627297 8.45323 53.29376 -4.301285 7.573084 57.35647 -4.627297 8.45323 53.29376 -4.005342 7.379026 54.03145 0.4784525 7.429151 58.808 -3.088574 8.573712 58.32089 0.4784525 7.429151 58.808 -0.3062263 8.42886 58.25907 2.455887 7.232796 57.14059 1.578182 8.392993 56.81623 3.055356 6.901707 53.86547 1.578182 8.392993 56.81623 1.430071 8.132259 53.37186 1.106308 6.492442 51.32044 0.1678981 7.456283 51.32152 0.1678981 7.456283 51.32152 1.106308 6.492442 51.32044 -2.084118 6.663047 51.01343 0.1678981 7.456283 51.32152 -2.084118 6.663047 51.01343 -2.871325 7.619987 50.99282 0.5520865 7.13301 59.34499 -2.479549 7.718395 58.88502 -3.464892 7.869685 59.41875 -5.202034 6.604645 57.88805 -5.290002 6.80054 54.03579 -2.350549 6.102032 48.8188 1.907005 6.26206 49.19741 4.176726 5.8951 53.93165 2.915396 6.22711 57.491 0.4784525 7.429151 58.808 2.915396 6.22711 57.491 -2.871325 7.619987 50.99282 -2.084118 6.663047 51.01343 -4.627297 8.45323 53.29376 4.910256 -2.991906 50.8008 5.169378 1.841089 50.8008 5.694371 1.946394 51.32261 5.421196 -3.152852 51.32261 -0.771074 -9.652334 0.04771631 -7.105554 -9.265142 0.04771631 -8.326977 -6.493642 0.04771631 -0.4374743 -3.422324 0.04771631 -6.395353 -3.324374 0.04771631 -0.2458013 -7.760521 59.34499 -0.3506318 -8.047007 58.808 2.200979 -7.112136 57.491 2.200979 -7.112136 57.491 1.636358 -8.0631 57.14059 3.490415 -6.916701 53.93165 2.267867 -7.79777 53.86547 1.194555 -7.039021 49.19741 0.3739044 -7.182953 51.32044 -3.021685 -6.425126 48.8188 -2.816803 -7.01143 51.01343 -6.018752 -6.805879 54.03579 -4.803231 -7.518181 54.03036 -5.910269 -6.620561 57.88805 -5.118282 -7.679587 57.35647 -4.318427 -8.064022 59.41875 -3.322685 -8.018496 58.88502 -2.816803 -7.01143 51.01343 -3.700972 -7.878702 50.99932 -4.803231 -7.518181 54.03036 -5.536198 -8.51927 53.30027 -5.536198 -8.51927 53.30027 -5.118282 -7.679587 57.35647 6.89612 -4.278099 0.04771631 6.098794 -8.960722 0.04771631 -4.018834 -8.803915 58.32741 -0.3506318 -8.047007 58.808 -4.018834 -8.803915 58.32741 -1.237047 -8.957044 58.26666 0.6403342 -9.122591 56.82273 0.6403342 -9.122591 56.82273 0.520891 -8.847599 53.37946 -0.6620295 -8.04057 51.32912 0.3739044 -7.182953 51.32044 -0.6620295 -8.04057 51.32912 -2.816803 -7.01143 51.01343 -0.6620295 -8.04057 51.32912 -3.700972 -7.878702 50.99932 -0.4304484 -15.222 35.57292 1.188092 -13.93903 35.55556 0.2921186 -13.24052 35.02182 0.4944719 -11.87523 35.20082 -0.2955467 -12.31807 34.8732 -3.843461 0.23714 36.51022 -3.879998 -0.4434332 36.51022 -5.53957 2.247132 38.38264 -5.778177 -2.211085 38.38264 -6.206209 3.751753 41.65127 -6.603888 -3.67248 41.65127 -5.809936 3.873153 44.16593 -6.223072 -3.839864 44.16593 -5.466778 -4.101977 40.97758 -3.793716 -6.382819 42.82941 -3.606822 -5.533482 44.1822 2.270959 -6.350169 42.41066 2.114136 -5.342645 44.16484 1.851357 10.13213 29.50217 1.062464 10.37585 30.25288 -0.5234741 11.33371 29.00097 -1.093434 12.62589 30.46442 0.989955 11.67032 34.86561 -1.001531 12.12787 34.76146 -0.7671394 11.87909 33.98255 -0.7671394 11.87909 33.98255 1.35447 11.43672 34.66383 1.860633 11.30934 32.23596 1.928926 11.87219 31.14461 -1.093434 12.62589 30.46442 2.461228 12.01107 29.94804 3.501937 11.70573 30.18561 3.501937 11.70573 30.18561 3.250684 11.26979 32.64169 1.337889 9.452482 46.61441 2.667515 11.8469 45.13035 1.301634 11.72826 46.66648 1.401686 9.375686 48.22106 1.131602 12.54725 48.72659 0.609982 13.70837 45.0555 -0.7098065 13.23058 46.48531 -0.7098065 13.23058 46.48531 -1.1221 13.91392 47.36729 -0.7171147 9.076326 46.36164 -1.076292 8.499678 46.94203 -4.549729 9.342577 48.65824 -0.7171147 9.076326 46.36164 -1.076292 8.499678 46.94203 1.213948 8.928712 44.89603 -2.348863 9.590434 45.55561 -1.1221 13.91392 47.36729 -0.7098065 13.23058 46.48531 -3.85105 11.10793 47.1091 -4.347938 11.96049 48.88497 -3.982579 9.27038 47.11669 -4.549729 9.342577 48.65824 -4.783557 11.3728 46.38225 -4.82993 9.572502 46.16202 -4.126474 9.943139 46.16854 -4.189429 11.54892 46.27919 -4.783557 11.3728 46.38225 -4.189429 11.54892 46.27919 -2.66532 12.87145 46.37791 -2.66532 12.87145 46.37791 -4.189429 11.54892 46.27919 -2.022007 12.55139 46.10779 0.609982 13.70837 45.0555 -0.7098065 13.23058 46.48531 1.894358 10.00568 57.17857 1.578182 8.392993 56.81623 2.697586 11.23945 54.00325 1.430071 8.132259 53.37186 1.708025 11.97658 52.02992 1.131602 12.54725 48.72659 1.848548 8.592105 51.38553 1.401686 9.375686 48.22106 1.401686 9.375686 48.22106 -1.076292 8.499678 46.94203 0.1678981 7.456283 51.32152 -2.871325 7.619987 50.99282 -4.549729 9.342577 48.65824 -4.627297 8.45323 53.29376 -4.891479 7.16152 46.60898 -5.881601 7.815884 42.59291 -8.176338 6.589469 42.42368 -5.606177 7.380867 41.28894 -7.846108 6.254701 40.7411 -6.956318 3.477225 41.11211 -8.348055 3.749914 41.59595 -5.227328 6.270798 40.55015 -7.846108 6.254701 40.7411 -5.606177 7.380867 41.28894 -5.227328 6.270798 40.55015 -5.606177 7.380867 41.28894 -2.916294 4.971729 45.43411 -5.606177 7.380867 41.28894 -5.881601 7.815884 42.59291 -2.431209 5.311094 48.12776 -5.84591 5.917175 20.00332 -6.755372 6.024778 19.56288 -5.668008 2.701001 18.85882 -4.615492 3.692893 19.08121 -5.668008 2.701001 18.85882 -3.73835 2.199769 18.78179 -0.9245262 3.382956 19.54986 -4.615492 3.692893 19.08121 0.4267395 2.685827 19.39581 0.4267395 2.685827 19.39581 -4.615492 3.692893 19.08121 -3.73835 2.199769 18.78179 2.986781 5.579187 48.3176 -1.084161 5.430655 46.68384 -2.431209 5.311094 48.12776 -1.216812 5.289482 45.05875 -2.916294 4.971729 45.43411 -6.073837 -8.024475 14.91868 -6.98077 -7.927905 6.959223 -5.282976 -8.465929 6.970071 -5.129243 -8.923015 12.98659 -6.453248 -8.415345 15.30597 -5.129243 -8.923015 12.98659 -5.129243 -8.923015 12.98659 -6.879312 -8.065402 19.53142 -5.553061 -9.380562 19.31879 -1.356211 -8.839783 19.02263 2.464038 5.011736 47.1156 3.61014 2.721235 49.25382 4.16155 1.475049 47.83377 5.07832 1.173849 50.16941 5.169378 1.841089 50.8008 -5.202034 6.604645 57.88805 -5.290002 6.80054 54.03579 -7.076605 6.094217 57.79584 -7.228932 6.647411 54.05749 -8.446421 1.92524 57.79909 -8.358453 3.538846 53.18852 -1.216812 5.289482 45.05875 -1.093434 6.008223 45.80295 2.491298 4.855389 45.03488 2.166411 5.623794 45.91794 5.000752 3.076696 57.40421 3.38165 2.811825 57.63854 6.524017 2.62329 54.72575 4.882431 2.083428 54.74419 5.694371 1.946394 51.32261 -5.290002 6.80054 54.03579 -6.454934 4.107214 53.18202 -5.788576 3.233965 49.71054 -7.785401 2.920809 50.60445 -3.964592 11.4266 63.81777 -4.2462 5.861072 63.73751 -4.238049 5.546538 63.11914 -3.922436 11.76965 63.20159 -4.087129 7.060813 60.96683 -3.918782 10.35424 60.96466 -5.03678 3.105669 48.84701 -5.180394 2.832978 45.44604 -6.387483 1.658067 46.00582 -6.514516 1.755096 48.10822 2.903873 5.461925 42.41066 2.639971 4.476931 44.16484 4.517073 1.312724 43.23731 4.612629 1.075901 39.27764 2.562403 0.4758031 36.50371 3.98927 2.633865 38.96304 3.363945 0.3953278 36.41041 2.562403 0.4758031 36.50371 -0.1609258 -0.0760138 35.93526 -3.922436 11.76965 63.20159 -3.918782 10.35424 60.96466 -8.490827 10.11558 61.16751 -8.497854 11.09735 62.71992 -7.891357 11.20956 61.40184 -4.605374 11.51903 61.38774 -4.607343 11.21875 59.25494 -7.81716 11.0647 60.32134 -5.03678 3.105669 48.84701 -5.372347 -3.15883 48.84701 -6.133698 -3.206195 49.71054 -5.788576 3.233965 49.71054 -6.697196 -1.658349 48.10822 -5.372347 -3.15883 48.84701 -5.03678 3.105669 48.84701 -6.514516 1.755096 48.10822 -8.490827 10.11558 61.16751 -8.6128 7.737247 61.1686 -8.497854 11.09735 62.71992 -8.721565 6.688337 62.66243 -8.529611 10.8196 63.19075 -8.725782 6.943552 63.13541 0.7254921 -10.88104 29.50976 -1.764288 -11.82189 29.00856 2.198449 -12.62203 30.19321 1.131039 -12.8147 29.95563 2.198449 -12.62203 30.19321 0.6167271 -12.61927 31.15112 1.995254 -12.16126 32.64928 -2.064727 -12.3383 33.98906 -2.46887 -13.04601 30.47093 -2.324412 -12.56041 34.76797 -0.2955467 -12.31807 34.8732 -0.2955467 -12.31807 34.8732 0.09201538 -12.12493 34.67034 0.6088578 -12.05228 32.24247 0.4944719 -11.87523 35.20082 -2.324412 -12.56041 34.76797 -2.19766 -11.3717 34.87102 -3.5256 -12.76596 34.93938 0.2876222 -10.15035 46.62092 0.2201713 -9.616005 44.90362 -1.715667 -9.557145 46.36923 -3.392946 -9.893295 45.5621 0.3598511 -10.08091 48.22864 -2.010485 -8.945089 46.94962 -5.553904 -9.412294 48.66584 -4.983101 -9.400797 47.12427 -5.633158 -12.03664 48.89257 -5.048583 -11.24202 47.11669 -2.634405 -14.32346 47.37488 -2.152132 -13.68795 46.49182 -5.857713 -9.610947 46.16962 -6.004138 -11.40573 46.38985 -5.197818 -10.0547 46.17505 -5.432209 -11.64439 46.28679 -0.2477683 -13.20557 48.7331 -2.634405 -14.32346 47.37488 -2.152132 -13.68795 46.49182 -2.152132 -13.68795 46.49182 0.008264183 -12.40912 46.67407 -0.8905202 -14.30185 45.05767 1.353627 -12.67353 45.13795 0.2201713 -9.616005 44.90362 -4.262219 -9.223755 45.68035 -5.197818 -10.0547 46.17505 -5.857713 -9.610947 46.16962 -5.553904 -9.412294 48.66584 -5.536198 -8.51927 53.30027 -3.700972 -7.878702 50.99932 -2.010485 -8.945089 46.94962 -2.010485 -8.945089 46.94962 -0.6620295 -8.04057 51.32912 0.8879356 -9.349755 51.39312 0.520891 -8.847599 53.37946 0.520891 -8.847599 53.37946 0.386551 -12.69974 52.03643 0.3598511 -10.08091 48.22864 0.3598511 -10.08091 48.22864 -0.2477683 -13.20557 48.7331 -1.564466 -12.74113 52.77955 1.449183 -12.07205 54.00975 -1.647093 -13.10717 54.47079 0.7822618 -10.75964 57.18508 -1.314054 -10.44511 58.38599 0.6403342 -9.122591 56.82273 -1.237047 -8.957044 58.26666 -4.095839 -10.29198 58.44783 -4.018834 -8.803915 58.32741 -5.988118 -10.40556 57.21003 -4.018834 -8.803915 58.32741 -5.740518 -8.229566 56.9247 -5.536198 -8.51927 53.30027 -5.988118 -10.40556 57.21003 -5.600557 -11.24202 53.6691 -5.553904 -9.412294 48.66584 -5.633158 -12.03664 48.89257 -3.936769 -12.41601 52.77304 -2.634405 -14.32346 47.37488 -2.634405 -14.32346 47.37488 -8.733651 -3.445774 41.59595 -7.320553 -3.323456 41.11211 -8.502069 -5.989649 40.7411 -5.900151 -6.285791 40.55015 -6.395353 -7.348958 41.28894 -7.840207 -3.750194 47.02447 -6.852051 -4.06381 48.3968 -5.372347 -3.15883 48.84701 -5.372347 -3.15883 48.84701 -8.999238 -3.714785 42.78601 -5.486172 -2.872805 45.44604 -8.733651 -3.445774 41.59595 -7.320553 -3.323456 41.11211 -4.026422 -12.81516 54.53699 -4.095839 -10.29198 58.44783 -3.984547 -2.396863 18.78179 -5.016264 -3.787902 19.08121 0.1046627 -3.325295 19.39581 0.1046627 -3.325295 19.39581 -1.313212 -3.873893 19.54986 -5.740518 -8.229566 56.9247 -5.536198 -8.51927 53.30027 -3.217574 -5.783638 41.08281 -4.619428 -6.427424 40.4905 -0.0965662 -7.167778 40.25183 1.35194 -6.060466 41.02966 0.7887259 -6.788403 39.80162 -6.010321 0.01641362 60.08268 -8.315175 0.1401141 59.46866 -6.739913 -2.507687 57.89456 -8.636408 -1.621102 57.79909 -5.910269 -6.620561 57.88805 -7.719919 -5.912395 57.79584 -3.217574 -5.783638 41.08281 -6.436667 -5.497154 38.00296 3.649767 -5.259412 38.16894 1.758052 -1.765034 35.55339 3.652297 -3.654546 38.96304 1.758052 -1.765034 35.55339 2.464318 -1.356229 36.50371 2.464318 -1.356229 36.50371 -0.2191022 -1.164013 34.87754 -1.625452 -0.8660317 33.24377 -0.1848139 -0.5252853 35.93526 3.269513 -1.366347 36.41041 -0.1848139 -0.5252853 35.93526 2.270959 -6.350169 42.41066 4.438661 -2.171998 39.27764 -5.03678 3.105669 48.84701 -5.788576 3.233965 49.71054 -2.431209 5.311094 48.12776 -2.350549 6.102032 48.8188 -2.431209 5.311094 48.12776 2.986781 5.579187 48.3176 1.907005 6.26206 49.19741 5.119353 4.793766 51.05574 4.176726 5.8951 53.93165 6.206154 5.097726 54.19416 4.566255 5.368115 57.35647 2.915396 6.22711 57.491 -5.290002 6.80054 54.03579 -6.454934 4.107214 53.18202 -6.133698 -3.206195 49.71054 -3.021685 -6.425126 48.8188 -6.018752 -6.805879 54.03579 -6.88943 -4.00357 53.18202 -5.372347 -3.15883 48.84701 -3.017188 -5.630049 48.12776 -3.021685 -6.425126 48.8188 -3.017188 -5.630049 48.12776 2.340939 -6.475247 48.3176 1.194555 -7.039021 49.19741 4.545176 -5.922512 51.05574 3.490415 -6.916701 53.93165 5.593195 -6.340513 54.19416 3.933904 -6.434781 57.35647 2.200979 -7.112136 57.491 -8.446421 1.92524 57.79909 -8.358453 3.538846 53.18852 -6.018752 -6.805879 54.03579 -5.910269 -6.620561 57.88805 -7.930421 -6.446278 54.05749 -8.721283 -3.234704 53.18852 -8.085558 -2.681509 50.60445 -7.785401 2.920809 50.60445 -5.788576 3.233965 49.71054 -6.133698 -3.206195 49.71054 1.766764 -0.4002065 60.19551 3.386991 0.953123 57.98352 1.104341 2.105041 59.19853 0.7760793 1.526092 60.96466 1.104341 2.105041 59.19853 -1.412982 2.9484 60.60449 -1.273022 2.651799 61.54504 -3.828286 1.975824 62.05491 -4.250696 2.41084 60.79976 -4.680132 0.9945095 62.10807 -5.46144 -0.01301616 60.33435 -5.046335 -0.03508776 62.10264 -7.393064 -5.877906 19.56288 -7.821095 -6.030578 15.66397 -6.453248 -8.415345 15.30597 -7.110894 -6.173588 15.11938 -7.06396 -6.56124 6.947288 -7.229495 -6.548823 6.051212 1.482627 5.605398 17.38561 -0.04148107 6.391276 7.01455 -0.8298129 8.389314 5.941644 0.4424788 6.044093 6.033855 0.7817 8.869394 2.614445 2.124816 6.017419 4.420701 -4.686878 8.541981 6.067485 -5.724497 8.879053 3.768713 0.2316951 9.069886 0.04771631 -6.107563 9.36189 0.04771631 -7.618181 6.737082 0.04771631 -7.075764 6.71639 3.768713 -6.520981 6.674083 6.051212 -4.250696 2.41084 60.79976 -1.412982 2.9484 60.60449 -1.365486 3.519529 60.32134 -1.365486 3.519529 60.32134 1.104341 2.105041 59.19853 1.250484 2.971394 59.34933 3.38165 2.811825 57.63854 3.386991 0.953123 57.98352 4.882431 2.083428 54.74419 -5.029754 4.052953 40.97758 -5.53957 2.247132 38.38264 -6.206209 3.751753 41.65127 -3.122861 6.142498 42.82941 -5.809936 3.873153 44.16593 -3.296829 5.292241 44.1822 2.903873 5.461925 42.41066 2.639971 4.476931 44.16484 -8.490827 10.11558 61.16751 -3.918782 10.35424 60.96466 -8.6128 7.737247 61.1686 -4.087129 7.060813 60.96683 -8.721565 6.688337 62.66243 -4.238049 5.546538 63.11914 -8.721565 6.688337 62.66243 -8.725782 6.943552 63.13541 -4.2462 5.861072 63.73751 -8.529611 10.8196 63.19075 -3.964592 11.4266 63.81777 -8.497854 11.09735 62.71992 1.134412 -3.540964 22.72518 0.1046627 -3.325295 19.39581 -1.313212 -3.873893 19.54986 1.134412 -3.540964 22.72518 -1.313212 -3.873893 19.54986 1.981201 -5.830082 22.90093 -0.3174678 -5.733056 20.18015 -1.584982 -8.826449 20.50343 1.981201 -5.830082 22.90093 -1.584982 -8.826449 20.50343 0.9750598 -8.200595 23.04195 4.16155 1.475049 47.83377 5.07832 1.173849 50.16941 5.711796 0.9678379 47.36729 2.464038 5.011736 47.1156 2.491298 4.855389 45.03488 5.48949 1.053828 45.14554 4.517073 1.312724 43.23731 0.07149875 -3.236543 18.48889 -3.984547 -2.396863 18.78179 0.1046627 -3.325295 19.39581 0.8426868 -6.340973 17.38561 1.565815 -6.081159 19.87314 1.134412 -3.540964 22.72518 1.981201 -5.830082 22.90093 1.812856 7.440187 23.04195 2.560155 4.975865 22.90093 2.173999 5.269709 19.87314 -0.345853 8.242621 20.12591 1.482627 5.605398 17.38561 -0.4366309 8.324476 19.02263 -4.551695 9.310847 19.31879 0.02119243 7.937284 39.33079 -0.08869689 9.001832 33.2199 -3.31341 8.718564 33.0843 -2.957607 7.762079 39.32321 -3.938736 6.274937 40.4905 -3.938736 6.274937 40.4905 0.637243 6.527852 40.25183 3.187168 12.79235 29.90681 -0.8196957 13.13264 29.60089 3.644708 13.00112 31.88556 2.285293 13.57777 34.68444 -0.6260551 14.05739 34.84825 3.194474 10.20985 28.79919 2.537109 10.38045 28.64839 3.182671 11.58755 29.07257 3.194474 10.20985 28.79919 3.501937 11.70573 30.18561 3.501937 11.70573 30.18561 3.187168 12.79235 29.90681 3.501937 11.70573 30.18561 3.250684 11.26979 32.64169 3.250684 11.26979 32.64169 2.631821 10.65222 34.04438 2.451953 9.292915 32.49958 2.451953 9.292915 32.49958 2.86818 9.575261 31.9897 1.476725 6.056048 39.80162 4.158178 4.229994 38.16894 4.493463 4.796986 35.20624 1.388757 7.73357 31.69788 4.048288 5.297759 29.78531 1.181909 8.167208 28.41299 -1.562499 8.933314 30.15849 -1.690093 8.980677 28.30234 -1.730563 9.419831 27.38673 -4.258566 -8.923934 33.0843 -1.082473 -9.549787 33.2199 -0.859604 -8.503174 39.33079 -3.80271 -8.010679 39.32321 -0.0965662 -7.167778 40.25183 -4.619428 -6.427424 40.4905 -4.619428 -6.427424 40.4905 -1.820217 8.823408 26.56551 2.604841 5.352021 25.5219 0.4093155 8.21641 23.36198 -1.850289 8.707529 22.04716 -4.705709 7.714716 23.82521 -4.708238 7.998442 27.98014 -5.849844 5.362598 24.71803 -4.492675 7.685287 31.29757 -5.845067 5.543777 38.00296 -3.31341 8.718564 33.0843 -3.938736 6.274937 40.4905 -1.461884 9.462597 31.19126 1.925554 -5.703165 45.03488 1.789528 -6.446737 45.91794 -1.761759 -6.466513 45.80295 -1.807569 -5.738574 45.05875 -4.77625 2.247594 34.64213 -3.259731 1.091078 35.68791 -4.536519 3.163607 38.23078 -5.845067 5.543777 38.00296 -2.613889 5.484917 41.08281 0.4267395 2.685827 19.39581 1.379765 2.856892 22.74037 -0.9245262 3.382956 19.54986 -0.9245262 3.382956 19.54986 1.379765 2.856892 22.74037 2.560155 4.975865 22.90093 -0.9245262 3.382956 19.54986 0.264015 5.124856 20.18015 -0.6654031 8.33597 20.50343 -0.6654031 8.33597 20.50343 2.560155 4.975865 22.90093 1.812856 7.440187 23.04195 1.981201 -5.830082 22.90093 0.9750598 -8.200595 23.04195 1.565815 -6.081159 19.87314 -1.257002 -8.768047 20.12591 0.8426868 -6.340973 17.38561 -1.356211 -8.839783 19.02263 -5.553061 -9.380562 19.31879 -3.73835 2.199769 18.78179 0.3843024 2.601214 18.48889 0.4267395 2.685827 19.39581 1.482627 5.605398 17.38561 2.173999 5.269709 19.87314 1.379765 2.856892 22.74037 2.560155 4.975865 22.90093 0.637243 6.527852 40.25183 -0.08869689 9.001832 33.2199 -1.430407 8.767308 32.17195 1.727698 11.14564 35.19323 1.247673 10.85133 38.43363 1.213948 8.928712 44.89603 -6.411372 4.163317 48.3968 -7.427351 3.957307 47.02447 -5.03678 3.105669 48.84701 -5.03678 3.105669 48.84701 -8.583292 4.045597 42.78601 -5.03678 3.105669 48.84701 -5.180394 2.832978 45.44604 -8.348055 3.749914 41.59595 -6.956318 3.477225 41.11211 -2.802751 -9.069707 22.04716 -0.5035199 -8.822771 23.36198 1.985417 -6.208997 25.5219 1.165889 14.57196 35.56533 1.670929 13.68354 35.00772 -0.8424595 14.47585 35.30496 -2.173772 12.46034 34.93286 -1.001531 12.12787 34.76146 0.1664929 -14.3929 35.01531 -2.417157 -14.91207 35.31147 -2.156909 -14.5189 34.85476 -3.5256 -12.76596 34.93938 -2.324412 -12.56041 34.76797 -4.126474 9.943139 46.16854 -4.82993 9.572502 46.16202 -3.064404 9.005049 45.74979 1.213948 8.928712 44.89603 -2.46887 -13.04601 30.47093 -2.386804 -14.75572 33.68748 -2.064727 -12.3383 33.98906 -2.064727 -12.3383 33.98906 -2.324412 -12.56041 34.76797 -2.46887 -13.04601 30.47093 -2.25106 -13.57897 29.60848 -1.764288 -11.82189 29.00856 3.266141 -3.70053 49.25382 4.910256 -2.991906 50.8008 2.340939 -6.475247 48.3176 5.421196 -3.152852 51.32261 5.421196 -3.152852 51.32261 6.173834 -3.914359 54.72575 4.610662 -4.202684 57.40421 3.02922 -3.766288 57.63854 2.200979 -7.112136 57.491 -7.075764 6.71639 3.768713 -7.618181 6.737082 0.04771631 -6.036177 3.379278 0.04771631 -5.348177 3.146134 3.768713 -0.101906 2.840335 0.04771631 0.3297798 3.03715 2.533082 -1.167349 3.245921 5.914523 2.124816 6.017419 4.420701 0.4424788 6.044093 6.033855 -1.609995 3.383416 7.026483 -0.04148107 6.391276 7.01455 3.98927 2.633865 38.96304 1.903914 0.9581804 35.55339 -0.1260757 0.5714506 34.87754 -0.1609258 -0.0760138 35.93526 -8.348055 3.749914 41.59595 -6.923999 5.916254 46.79232 -6.411372 4.163317 48.3968 -4.924361 6.617522 47.8956 -2.431209 5.311094 48.12776 -5.03678 3.105669 48.84701 -4.924361 6.617522 47.8956 -8.866023 -6.287171 42.42368 -8.733651 -3.445774 41.59595 -7.549044 -5.751909 46.79232 -6.852051 -4.06381 48.3968 -5.635687 -6.662867 47.8956 -3.017188 -5.630049 48.12776 -5.372347 -3.15883 48.84701 -5.661262 -7.207326 46.60898 -5.635687 -6.662867 47.8956 -3.017188 -5.630049 48.12776 -6.018752 -6.805879 54.03579 -6.88943 -4.00357 53.18202 -6.133698 -3.206195 49.71054 -6.395353 -7.348958 41.28894 -6.715463 -7.752243 42.59291 -0.2028003 -9.511619 2.614445 1.437379 -6.819674 4.420701 -0.2384953 -6.666086 6.033855 -1.754171 -8.862317 5.941644 -0.7567413 -6.959928 7.01455 -2.217053 -8.668259 7.04601 0.8426868 -6.340973 17.38561 -5.605333 -8.601582 6.067485 -6.673025 -8.825987 3.768713 -0.771074 -9.652334 0.04771631 -7.105554 -9.265142 0.04771631 -8.326977 -6.493642 0.04771631 -7.785401 -6.53135 3.768713 -5.282976 -8.465929 6.970071 -0.6654031 8.33597 20.50343 -0.345853 8.242621 20.12591 -4.551695 9.310847 19.31879 -4.920708 7.335803 19.90243 -6.010881 8.144676 19.53142 -6.755372 6.024778 19.56288 -4.920708 7.335803 19.90243 -3.652632 7.235557 22.01678 -4.440683 5.781518 22.416 -1.257002 -8.768047 20.12591 -1.584982 -8.826449 20.50343 -5.553061 -9.380562 19.31879 -5.70904 -7.377469 19.90243 -6.879312 -8.065402 19.53142 -7.393064 -5.877906 19.56288 -7.393064 -5.877906 19.56288 -5.70904 -7.377469 19.90243 -6.477417 -5.86825 20.00332 -4.43731 -7.412877 22.01678 -5.065728 -5.883425 22.416 5.169378 1.841089 50.8008 3.61014 2.721235 49.25382 5.169378 1.841089 50.8008 2.986781 5.579187 48.3176 5.694371 1.946394 51.32261 5.000752 3.076696 57.40421 3.38165 2.811825 57.63854 2.915396 6.22711 57.491 5.07832 1.173849 50.16941 5.169378 1.841089 50.8008 4.891143 -2.318689 50.16941 4.910256 -2.991906 50.8008 4.891143 -2.318689 50.16941 3.266141 -3.70053 49.25382 3.266141 -3.70053 49.25382 3.947675 -2.520563 47.83377 1.881993 -5.855374 47.1156 2.340939 -6.475247 48.3176 -1.690936 -5.893082 46.68384 -4.607343 11.21875 59.25494 -4.605374 11.51903 61.38774 -4.540735 8.325855 61.39425 -5.202034 6.604645 57.88805 -4.978323 4.432787 60.31266 -4.936728 5.203952 61.39425 -6.010321 0.01641362 60.08268 0.2201713 -9.616005 44.90362 1.353627 -12.67353 45.13795 0.6805241 -13.5362 38.16135 0.05800873 -11.54322 38.12012 1.188092 -13.93903 35.55556 0.4944719 -11.87523 35.20082 2.638005 13.12298 35.54797 1.672614 12.52472 35.01531 1.727698 11.14564 35.19323 0.989955 11.67032 34.86561 -0.4304484 -15.222 35.57292 -0.8050814 -14.75848 38.15375 -0.8905202 -14.30185 45.05767 -3.740036 -13.52379 44.63024 -4.057899 -13.12188 46.38551 -6.004138 -11.40573 46.38985 -6.004138 -11.40573 46.38985 -5.305459 -11.69451 42.79361 -5.221989 -10.67319 42.66885 -5.857713 -9.610947 46.16962 -4.262219 -9.223755 45.68035 -3.181037 -9.59991 42.47357 0.2201713 -9.616005 44.90362 0.05800873 -11.54322 38.12012 -2.437674 -11.02038 37.83264 0.4944719 -11.87523 35.20082 -2.19766 -11.3717 34.87102 -3.326058 -12.13229 37.66341 -3.5256 -12.76596 34.93938 -2.714503 -14.18551 37.89881 -2.417157 -14.91207 35.31147 3.232977 -1.918623 57.98352 3.386991 0.953123 57.98352 1.766764 -0.4002065 60.19551 0.8404389 -2.820382 59.19853 0.5759746 -2.209705 60.96466 -1.58189 -3.110086 61.54504 0.8404389 -2.820382 59.19853 -1.752485 -3.390133 60.60449 -4.516564 -2.552292 60.79976 -4.050311 -2.164641 62.05491 -4.792271 -1.098254 62.10807 -5.46144 -0.01301616 60.33435 -5.046335 -0.03508776 62.10264 -0.101906 2.840335 0.04771631 0.2316951 9.069886 0.04771631 7.280873 2.907476 0.04771631 6.988585 7.648497 0.04771631 -0.6654031 8.33597 20.50343 1.48347 5.248558 23.81327 0.264015 5.124856 20.18015 0.264015 5.124856 20.18015 -0.9245262 3.382956 19.54986 -5.016264 -3.787902 19.08121 -1.677727 -2.482395 22.27823 -1.313212 -3.873893 19.54986 1.293764 -3.241143 24.20056 -1.313212 -3.873893 19.54986 0.8817524 -5.986431 23.81327 1.985417 -6.208997 25.5219 -0.5035199 -8.822771 23.36198 -2.802751 -9.069707 22.04716 -5.535634 -7.777075 23.82521 -6.422052 -5.316433 24.71803 -4.787211 -3.16297 24.66596 -3.730482 -4.254187 22.11008 -1.677727 -2.482395 22.27823 -1.677727 -2.482395 22.27823 -5.016264 -3.787902 19.08121 -6.477417 -5.86825 20.00332 -1.584982 -8.826449 20.50343 -0.3174678 -5.733056 20.18015 -0.3174678 -5.733056 20.18015 -1.313212 -3.873893 19.54986 -7.393064 -5.877906 19.56288 -5.956641 -2.689326 18.85882 -3.984547 -2.396863 18.78179 -5.227328 6.270798 40.55015 -2.916294 4.971729 45.43411 -6.956318 3.477225 41.11211 -5.180394 2.832978 45.44604 -6.004138 -11.40573 46.38985 -4.057899 -13.12188 46.38551 -5.432209 -11.64439 46.28679 -5.432209 -11.64439 46.28679 -4.057899 -13.12188 46.38551 -3.384234 -12.87264 46.11538 -2.152132 -13.68795 46.49182 -2.152132 -13.68795 46.49182 -0.8905202 -14.30185 45.05767 -0.101906 2.840335 0.04771631 7.280873 2.907476 0.04771631 0.3297798 3.03715 2.533082 0.3297798 3.03715 2.533082 6.563364 3.120844 1.782373 6.563364 3.120844 1.782373 2.124816 6.017419 4.420701 6.27726 7.415815 1.782373 0.7817 8.869394 2.614445 0.2316951 9.069886 0.04771631 6.988585 7.648497 0.04771631 6.988585 7.648497 0.04771631 7.280873 2.907476 0.04771631 -5.46144 -0.01301616 60.33435 -6.010321 0.01641362 60.08268 -4.516564 -2.552292 60.79976 -4.516564 -2.552292 60.79976 -6.010321 0.01641362 60.08268 -3.928618 -4.51354 60.9831 -1.766255 -3.962643 60.32134 -3.928618 -4.51354 60.9831 0.7634319 -4.358111 60.47972 -0.09853315 -7.535656 59.87221 -0.2458013 -7.760521 59.34499 -4.293415 -7.865827 60.3235 -5.455818 -4.48457 60.31266 -6.739913 -2.507687 57.89456 -5.910269 -6.620561 57.88805 -4.318427 -8.064022 59.41875 -1.235363 13.77688 38.21234 -0.8548253 14.67221 38.78947 -0.5018339 14.7559 38.84914 0.7322371 14.14154 38.46293 -0.148841 14.84005 38.90988 0.7322371 14.14154 38.46293 -0.148841 14.84005 38.90988 0.609982 13.70837 45.0555 -0.2882391 14.51218 44.59661 -0.9349242 14.35951 44.47728 -1.581328 14.20684 44.35795 -1.235363 13.77688 38.21234 -2.293497 13.23151 44.62048 0.609982 13.70837 45.0555 6.89612 -4.278099 0.04771631 -0.4374743 -3.422324 0.04771631 -0.02911537 -3.664663 2.533082 -0.02911537 -3.664663 2.533082 6.159782 -4.413753 1.782373 6.159782 -4.413753 1.782373 1.437379 -6.819674 4.420701 5.416418 -8.653084 1.782373 -0.2028003 -9.511619 2.614445 -0.771074 -9.652334 0.04771631 6.098794 -8.960722 0.04771631 6.098794 -8.960722 0.04771631 6.89612 -4.278099 0.04771631 -6.520981 6.674083 6.051212 -4.658212 3.486421 6.068571 -4.452206 3.588046 6.971157 -4.469348 3.10107 13.00828 0.3843024 2.601214 18.48889 -0.04148107 6.391276 7.01455 1.482627 5.605398 17.38561 2.537109 10.38045 28.64839 2.461228 12.01107 29.94804 3.187168 12.79235 29.90681 -3.73835 2.199769 18.78179 -5.668008 2.701001 18.85882 -5.824269 3.392611 15.29621 -6.755372 6.024778 19.56288 -7.164855 6.222053 15.66397 -5.688806 4.003289 14.9317 -5.688806 4.003289 14.9317 -6.44313 6.28827 15.11938 -6.182321 5.253614 6.959223 -6.355164 6.669026 6.947288 -4.469348 3.10107 13.00828 1.851357 10.13213 29.50217 -0.5234741 11.33371 29.00097 -8.315175 0.1401141 59.46866 -6.010321 0.01641362 60.08268 -8.218213 5.394327 61.39425 -8.056893 8.325394 61.39425 -7.891357 11.20956 61.40184 -4.605374 11.51903 61.38774 1.727698 11.14564 35.19323 -1.001531 12.12787 34.76146 -1.002657 10.93227 34.86452 -2.173772 12.46034 34.93286 -8.315175 0.1401141 59.46866 -8.218213 5.394327 61.39425 -8.446421 1.92524 57.79909 3.649767 -5.259412 38.16894 3.922662 -5.859053 35.20624 1.758052 -1.765034 35.55339 3.426617 -6.309244 29.78531 1.550078 -2.322829 30.4232 1.985417 -6.208997 25.5219 1.293764 -3.241143 24.20056 -1.677727 -2.482395 22.27823 -1.625452 -0.8660317 33.24377 -1.677727 -2.482395 22.27823 -4.787211 -3.16297 24.66596 -5.021883 -2.333404 34.64213 -6.436667 -5.497154 38.00296 -6.422052 -5.316433 24.71803 4.493463 4.796986 35.20624 4.158178 4.229994 38.16894 1.903914 0.9581804 35.55339 4.048288 5.297759 29.78531 1.756645 1.53483 30.4232 2.604841 5.352021 25.5219 1.599823 2.475217 24.20056 -1.435466 2.037904 22.27823 -1.556314 0.4256785 33.24377 -4.454453 3.046806 24.66596 -4.77625 2.247594 34.64213 -5.845067 5.543777 38.00296 -5.849844 5.362598 24.71803 1.925554 -5.703165 45.03488 1.881993 -5.855374 47.1156 1.789528 -6.446737 45.91794 1.789528 -6.446737 45.91794 1.881993 -5.855374 47.1156 -1.690936 -5.893082 46.68384 -1.761759 -6.466513 45.80295 -7.393064 -5.877906 19.56288 -5.956641 -2.689326 18.85882 -7.821095 -6.030578 15.66397 -6.185974 -3.360703 15.29621 -7.110894 -6.173588 15.11938 -6.116556 -3.981956 14.9317 -7.06396 -6.56124 6.947288 -6.740757 -5.172502 6.959223 -4.807728 -3.215392 13.00828 -4.842859 -3.70145 6.971157 -5.03678 -3.578211 6.068571 -1.995027 -3.801696 7.026483 -4.807728 -3.215392 13.00828 0.07149875 -3.236543 18.48889 -3.984547 -2.396863 18.78179 -6.185974 -3.360703 15.29621 -4.807728 -3.215392 13.00828 -6.116556 -3.981956 14.9317 -7.229495 -6.548823 6.051212 -1.540015 -3.712026 5.914523 -5.686275 -3.166188 3.768713 -7.785401 -6.53135 3.768713 2.903873 5.461925 42.41066 -3.122861 6.142498 42.82941 -5.029754 4.052953 40.97758 -4.536519 3.163607 38.23078 -5.53957 2.247132 38.38264 -3.843461 0.23714 36.51022 -3.259731 1.091078 35.68791 -0.1609258 -0.0760138 35.93526 -0.1260757 0.5714506 34.87754 -0.1260757 0.5714506 34.87754 -1.556314 0.4256785 33.24377 -7.891357 11.20956 61.40184 -7.81716 11.0647 60.32134 -8.01839 7.178994 59.43178 -7.81716 11.0647 60.32134 -4.607343 11.21875 59.25494 -5.202034 6.604645 57.88805 -7.076605 6.094217 57.79584 -5.486172 -2.872805 45.44604 -3.463488 -5.241017 45.43411 -7.320553 -3.323456 41.11211 -5.900151 -6.285791 40.55015 1.708025 11.97658 52.02992 -0.2275332 12.22628 52.77304 -0.2705328 12.59875 54.4643 -0.2235986 9.916465 58.37948 -0.3062263 8.42886 58.25907 -3.005947 10.06178 58.44132 -3.088574 8.573712 58.32089 -4.875178 10.37677 57.20243 -4.861689 8.186521 56.9182 -4.861689 8.186521 56.9182 -4.627297 8.45323 53.29376 -4.875178 10.37677 57.20243 -4.400494 11.16679 53.6626 -4.549729 9.342577 48.65824 -4.347938 11.96049 48.88497 -2.620914 12.15638 52.76544 -1.1221 13.91392 47.36729 -1.1221 13.91392 47.36729 -2.667287 12.56289 54.53048 -3.005947 10.06178 58.44132 5.421196 -3.152852 51.32261 5.694371 1.946394 51.32261 4.599138 -3.202516 54.74419 4.882431 2.083428 54.74419 3.386991 0.953123 57.98352 3.232977 -1.918623 57.98352 3.02922 -3.766288 57.63854 0.8404389 -2.820382 59.19853 0.8932754 -3.69731 59.34933 -1.766255 -3.962643 60.32134 -1.766255 -3.962643 60.32134 -1.752485 -3.390133 60.60449 -4.516564 -2.552292 60.79976 -6.036177 3.379278 0.04771631 -7.618181 6.737082 0.04771631 -6.107563 9.36189 0.04771631 -6.560889 -1.575117 46.00582 -6.387483 1.658067 46.00582 -5.180394 2.832978 45.44604 -5.486172 -2.872805 45.44604 -5.486172 -2.872805 45.44604 -1.625452 -0.8660317 33.24377 -0.2191022 -1.164013 34.87754 -0.2191022 -1.164013 34.87754 -3.390416 -1.345652 35.68791 -0.1848139 -0.5252853 35.93526 -3.879998 -0.4434332 36.51022 -5.778177 -2.211085 38.38264 -5.466778 -4.101977 40.97758 -4.881362 -3.270114 38.23078 -3.793716 -6.382819 42.82941 1.851357 10.13213 29.50217 2.461228 12.01107 29.94804 -0.6654031 8.33597 20.50343 1.812856 7.440187 23.04195 -0.345853 8.242621 20.12591 -1.084161 5.430655 46.68384 -1.093434 6.008223 45.80295 -1.216812 5.289482 45.05875 -1.257002 -8.768047 20.12591 0.9750598 -8.200595 23.04195 -1.584982 -8.826449 20.50343 -1.761759 -6.466513 45.80295 -1.690936 -5.893082 46.68384 -1.807569 -5.738574 45.05875 -3.879998 -0.4434332 36.51022 -3.843461 0.23714 36.51022 -0.1609258 -0.0760138 35.93526 -0.1848139 -0.5252853 35.93526 3.363945 0.3953278 36.41041 3.269513 -1.366347 36.41041 4.612629 1.075901 39.27764 4.438661 -2.171998 39.27764 4.517073 1.312724 43.23731 4.318373 -2.396863 43.23731 2.270959 -6.350169 42.41066 2.114136 -5.342645 44.16484 -6.395353 -7.348958 41.28894 -5.900151 -6.285791 40.55015 -3.463488 -5.241017 45.43411 -6.395353 -7.348958 41.28894 -6.715463 -7.752243 42.59291 4.612629 1.075901 39.27764 -5.845067 5.543777 38.00296 -2.613889 5.484917 41.08281 1.903914 0.9581804 35.55339 4.158178 4.229994 38.16894 -1.556314 0.4256785 33.24377 1.35447 11.43672 34.66383 -5.197818 -10.0547 46.17505 -4.983101 -9.400797 47.12427 -1.715667 -9.557145 46.36923 -4.983101 -9.400797 47.12427 -5.553904 -9.412294 48.66584 -3.463488 -5.241017 45.43411 -1.807569 -5.738574 45.05875 -3.017188 -5.630049 48.12776 -3.017188 -5.630049 48.12776 -4.126474 9.943139 46.16854 -3.982579 9.27038 47.11669 -3.982579 9.27038 47.11669 -4.549729 9.342577 48.65824 0.8426868 -6.340973 17.38561 -0.7567413 -6.959928 7.01455 -0.7567413 -6.959928 7.01455 -0.2384953 -6.666086 6.033855 1.437379 -6.819674 4.420701 -0.02911537 -3.664663 2.533082 -0.4374743 -3.422324 0.04771631 -6.395353 -3.324374 0.04771631 -8.326977 -6.493642 0.04771631 -3.922436 11.76965 63.20159 -8.497854 11.09735 62.71992 -3.964592 11.4266 63.81777 -1.435466 2.037904 22.27823 -4.615492 3.692893 19.08121 -0.9245262 3.382956 19.54986 1.599823 2.475217 24.20056 -0.9245262 3.382956 19.54986 2.604841 5.352021 25.5219 0.4093155 8.21641 23.36198 -1.850289 8.707529 22.04716 -4.705709 7.714716 23.82521 -5.849844 5.362598 24.71803 -4.454453 3.046806 24.66596 -3.287274 4.018924 22.11008 -1.435466 2.037904 22.27823 -1.435466 2.037904 22.27823 0.09201538 -12.12493 34.67034 0.7254921 -10.88104 29.50976 -1.764288 -11.82189 29.00856 -2.010485 -8.945089 46.94962 -5.553904 -9.412294 48.66584 4.599138 -3.202516 54.74419 3.02922 -3.766288 57.63854 4.610662 -4.202684 57.40421 4.05338 1.67872 56.93472 -6.658086 -1.008137 46.05084 3.851036 -2.647844 56.88054 -6.551793 1.09783 48.1597 -6.496445 1.09441 46.05168 5.586441 1.657753 52.8835 -6.713434 -1.004719 48.15887 5.384096 -2.668814 52.82932 -3.279744 12.21959 55.1356 0.3586224 12.22491 55.02575 0.4540479 10.2643 58.09115 -3.184318 10.25898 58.20102 -4.098476 -12.87356 54.98308 -0.4612231 -12.8011 54.86084 -4.037594 -10.83896 58.00078 -0.4003394 -10.7665 57.87854</float_array>
          <technique_common>
            <accessor source="#chest_mp_recon-mesh-positions-array" count="1405" stride="3">
              <param name="X" type="float"/>
              <param name="Y" type="float"/>
              <param name="Z" type="float"/>
            </accessor>
          </technique_common>
        </source>
        <source id="chest_mp_recon-mesh-normals">
          <float_array id="chest_mp_recon-mesh-normals-array" count="4896">0.5979213 -0.6381403 -0.4850434 -0.314624 -0.785683 0.5326482 -0.5822273 -0.3232767 -0.7459917 -0.3146581 -0.7857283 0.5325611 0.5979347 -0.6381112 -0.4850651 0.8846248 -0.4624335 0.05995333 -0.3146756 -0.785715 0.5325706 0.8846163 -0.4624362 0.06005781 -0.1581947 -0.3764348 -0.912837 -0.1581259 -0.3763598 -0.9128798 -0.5822495 -0.3232672 -0.7459785 -0.3146898 -0.7856977 0.5325875 0.9479553 -0.3170754 -0.02905517 0.4272163 -0.5789146 -0.6945101 -0.3988695 -0.7293079 -0.5558896 -0.1615665 -0.9852826 -0.05580806 -0.398844 -0.7293118 -0.5559027 0.4271088 -0.5789473 -0.6945488 -0.398823 -0.7293324 -0.5558907 -0.161571 -0.9852809 -0.05582439 -0.02646571 -0.7303565 0.6825533 -0.7273853 -0.6862252 0.002408266 -0.3989032 -0.7292822 -0.5558992 -0.02652895 -0.7303065 0.6826044 -0.02971518 -0.9742223 -0.2236249 -0.7273848 -0.6862255 0.002443134 -0.02969634 -0.9742307 -0.2235906 -0.4228333 -0.1983596 -0.8842316 -0.7273649 -0.6862465 0.002461433 -0.04264646 -0.9954323 0.08541637 -0.3988444 -0.7293365 -0.5558701 0.9479321 -0.3171485 -0.02901476 0.8846498 -0.4623941 0.05988913 -0.04265505 -0.9954325 0.08540898 -0.7274049 -0.6862044 0.002402305 -0.9437523 -0.3306407 0.002904534 -0.04264372 -0.9954332 0.08540707 -0.1582455 -0.3763883 -0.9128473 0.8846147 -0.4624407 0.06004595 -0.1582853 -0.3764089 -0.912832 -0.04265099 -0.9954298 0.08544254 0.4859335 -0.763068 -0.4261406 -0.1985985 -0.8352479 0.5127569 -0.9437622 -0.3306125 0.002915799 -0.5163187 -0.3890831 -0.7629085 0.4858351 -0.7630861 -0.4262203 -0.4228432 -0.1983932 -0.8842194 -0.029742 -0.9742364 -0.2235596 0.5531376 -0.6618143 -0.5060047 -0.2774189 -0.7034905 -0.6543241 -0.8304845 0.01568025 -0.5568211 0.9084455 -0.2826382 -0.3079653 -0.02974981 -0.974223 -0.2236167 -0.02650493 -0.7303541 0.6825544 -0.1616088 -0.985274 -0.05583924 0.5330276 -0.4716075 0.7024728 -0.02655935 -0.7303161 0.6825929 0.6459901 0.5646454 0.5136852 -0.161549 -0.9852897 -0.05573242 0.4271944 -0.5789148 -0.6945234 0.5330204 -0.4716667 0.7024385 0.9479386 -0.3171259 -0.02904516 0.6459934 0.5646467 0.5136796 0.9084017 -0.2827286 -0.3080115 -0.02650666 -0.7303193 0.6825916 0.646007 0.5646249 0.5136864 0.5429015 0.7963907 -0.2664955 0.553135 -0.6617964 -0.5060309 -0.02977836 -0.9742122 -0.2236602 0.9084209 -0.2827493 -0.307936 0.9384932 0.1788996 -0.2953395 0.9384927 0.1788771 -0.2953547 0.9084088 -0.282818 -0.3079082 0.5429184 0.7963868 -0.2664726 0.3464044 0.90184 -0.2582418 -0.4153502 0.7571677 -0.504164 0.5429213 0.7963889 -0.266461 0.6459638 0.5645846 0.5137851 0.5429621 0.7963623 -0.2664571 -0.4153911 0.757219 -0.5040531 0.3464047 0.9018421 -0.2582336 -0.4214809 0.8549521 -0.3023422 -0.4214839 0.8549339 -0.3023894 -0.4153869 0.7571905 -0.5040996 -0.8304556 0.01561456 -0.5568661 -0.7273629 -0.6862487 0.002444624 -0.4228328 -0.1984947 -0.8842015 -0.415356 0.757235 -0.5040581 -0.4154098 0.7572345 -0.5040146 -0.6011828 0.7918694 0.1073414 -0.7273229 -0.6862913 0.002417623 -0.9437597 -0.3306186 0.002973854 -0.8304795 0.01567912 -0.5568286 -0.4153645 0.7572287 -0.5040606 -0.4228246 -0.1984062 -0.8842253 -0.6012507 0.7918226 0.1073068 -0.4153657 0.7572185 -0.5040749 0.646038 0.5645806 0.5136962 -0.5319369 0.8047304 -0.263538 -0.601194 0.7918665 0.1073003 -0.5318979 0.8047871 -0.2634433 -0.9437571 -0.3306266 0.002964913 0.947955 -0.3170722 -0.02909809 0.8536962 0.5179006 0.05460727 0.6459707 0.564637 0.5137187 -0.5319486 0.8047625 -0.2634163 0.645969 0.5645834 0.5137798 0.853703 0.5178813 0.05468255 0.5018212 0.6049312 -0.6182506 -0.4979529 0.4264754 -0.7550905 -0.9437637 -0.330608 0.002924442 -0.5318828 0.8048158 -0.2633863 -0.4978685 0.4265629 -0.7550968 -0.5162193 -0.3891439 -0.7629446 -0.4979456 0.4264886 -0.7550879 0.4857861 -0.7631126 -0.4262288 -0.5162295 -0.3890584 -0.7629817 0.4858816 -0.7630783 -0.4261813 -0.4979448 0.4265106 -0.7550761 -0.1581194 -0.3764386 -0.9128484 0.5019049 0.6048972 -0.6182159 0.5017784 0.6049124 -0.6183038 0.3644374 0.4573134 -0.8112027 -0.1581879 -0.3764506 -0.9128317 -0.5822377 -0.3232753 -0.7459842 0.5978477 -0.6381779 -0.4850847 -0.5822567 -0.3232005 -0.7460018 0.3644261 0.4572657 -0.8112348 0.8846146 -0.4624534 0.05995041 0.59789 -0.6381493 -0.4850702 0.3644363 0.4572948 -0.8112138 0.8846113 -0.4624542 0.05999195 0.3643973 0.4573253 -0.811214 0.5017873 0.6049654 -0.6182447 0.884631 -0.4624191 0.05997145 0.5018039 0.6049745 -0.6182224 0.8536776 0.5179201 0.05471152 0.9479613 -0.3170579 -0.02904748 -0.6232403 0.695904 -0.3567763 -0.1636316 0.9864786 0.009213507 -0.9866281 0.139936 0.08356475 -0.9958063 0.0251339 0.08796733 -0.8650978 0.1093971 -0.4895284 -0.8335618 0.4482864 -0.322822 -0.6909009 0.6763679 -0.2553087 -0.9379321 0.06039792 -0.3415194 -0.6306585 0.5155636 0.5800554 -0.8308694 -0.02891147 0.5557158 -0.1609086 0.986455 -0.03186166 -0.163687 0.9864696 0.009193718 -0.2182239 0.8723916 0.4373915 -0.1607883 0.9864743 -0.0318709 0.5436145 0.8391255 -0.01875996 0.4398331 0.8911086 0.1116805 0.9793989 0.1234422 -0.1598123 0.9788829 0.1177871 0.1670762 0.4621628 0.8309666 0.3096774 0.8171535 0.02061355 0.5760515 0.2708135 0.9174827 0.2913511 0.5424956 0.04866009 0.8386483 -0.163661 0.9864731 0.009272694 -0.4854474 0.8402456 0.2415118 0.09120237 0.7442822 -0.6616088 -0.4090475 0.7316598 -0.545302 -0.828549 0.03913486 -0.5585474 -0.97292 0.07732832 0.2178233 -0.3548014 0.8982795 0.259249 -0.9866267 0.1399184 0.08361059 -0.9866324 0.1399098 0.08355736 -0.8335849 0.4482173 -0.3228585 -0.6909114 0.6763522 -0.2553222 -0.1608531 0.9864624 -0.03191113 0.5484595 0.7793778 -0.302923 0.9555932 0.2507311 -0.1548406 0.6269111 0.7692875 0.1232048 -0.09211552 0.9499016 -0.2986666 -0.2987786 0.8417822 0.4495933 0.2523592 0.9668866 -0.03801476 -0.3564084 0.6653786 0.6559303 -0.9256162 -0.3600069 0.1167467 -0.7224234 0.5047774 0.4725508 -0.7223958 0.5047965 0.4725726 -0.9256364 -0.3600014 0.1166032 -0.3563759 0.6653913 0.6559349 -0.9256001 -0.360067 0.1166898 -0.7223897 0.5047845 0.4725947 -0.7691721 -0.4292469 0.4734147 -0.8818149 0.4569591 0.1165808 0.461636 0.8833208 -0.08146494 0.6442469 0.7532435 -0.1325531 0.5484988 0.7793471 -0.3029313 0.6441907 0.7532693 -0.1326795 0.4617036 0.8832857 -0.08146274 -0.1577804 0.9803907 0.1180663 -0.5086323 0.8586805 -0.06293779 0.6625012 0.5706178 -0.4852706 -0.5444375 0.3839622 -0.7457621 -0.2289384 0.8147814 0.5326523 -0.2288627 0.8148421 0.5325922 -0.1171324 0.3914268 -0.912724 0.9289691 0.3652648 0.05998295 -0.228896 0.8147705 0.5326873 0.9289824 0.3652352 0.05995815 0.6624859 0.5706179 -0.4852913 -0.1170184 0.391411 -0.9127454 -0.2289516 0.8148528 0.5325375 -0.5444189 0.383898 -0.7458086 0.9764637 0.2137537 -0.02877688 -0.3185496 0.7677701 -0.5559274 0.4863237 0.5301477 -0.6945737 -0.05550843 0.9969027 -0.05571132 0.4862502 0.5301995 -0.6945857 -0.3185321 0.7677966 -0.5559009 -0.05547714 0.9969052 -0.05569958 -0.3184911 0.7678146 -0.5558993 0.05187654 0.7291226 0.6824141 0.05187088 0.7291334 0.6824031 -0.3185104 0.7677602 -0.5559636 -0.6499472 0.7599762 0.002234578 0.07446855 0.9718332 -0.223595 -0.6499774 0.7599503 0.002283096 -0.3987833 0.2421836 -0.8844881 0.07449543 0.9718442 -0.2235381 -0.6499755 0.7599517 0.002305984 0.06400406 0.994291 0.08537495 -0.9029583 0.4297172 0.003082513 -0.6499478 0.7599755 0.002285301 -0.3185266 0.7678031 -0.5558951 0.06406325 0.99428 0.08545815 -0.3185197 0.7678016 -0.555901 0.9764589 0.2137767 -0.02876806 0.06399893 0.9942913 0.08537596 0.9289937 0.3652107 0.05993282 0.9289788 0.365242 0.05997407 -0.1170818 0.3913434 -0.9127663 0.0640105 0.9942885 0.0853995 0.06405305 0.9942879 0.08537513 -0.1170622 0.3912738 -0.9127987 0.5646859 0.7069069 -0.4259255 -0.108525 0.8516585 0.5127379 -0.9029796 0.4296726 0.003094136 -0.4717793 0.4419201 -0.7629752 0.56467 0.7069116 -0.4259387 0.9233463 -0.3513641 -0.1548389 0.4681493 -0.8209316 -0.3269672 0.5421579 -0.8311104 0.1237757 -0.1942868 -0.9366142 -0.2915589 -0.3411192 -0.839395 0.4231474 0.1351817 -0.9874663 -0.08146291 -0.4177357 -0.6358828 0.6489607 -0.8818204 0.4569417 0.1166061 -0.7691939 -0.4292598 0.4733675 -0.88177 0.45704 0.1166024 0.9292518 -0.3439146 -0.134959 0.5599199 -0.7511753 0.3496076 0.875525 -0.464982 0.1313314 0.5650993 -0.8169358 -0.1152336 0.4682176 -0.8208914 -0.3269703 0.8938764 -0.3761672 -0.2438921 0.9233492 -0.3513569 -0.1548372 0.9555963 0.2507076 -0.1548591 0.9289479 0.2784801 -0.2439363 0.9202075 0.3687364 0.1313461 0.9292398 -0.3439309 -0.1350008 0.960654 0.2426642 -0.1351231 0.6837958 0.4824787 0.5473917 0.4114243 -0.3329592 0.8484506 0.6225251 -0.1114349 0.7746257 0.3627048 -0.5761598 0.7324514 0.1733492 -0.2567163 0.9508138 0.4308288 0.575041 0.6954959 0.3524122 0.8709427 0.3424391 -0.2696955 0.690979 0.6706806 -0.240014 0.9656447 0.099617 -0.3477666 0.9066495 -0.2388417 0.5180027 -0.002905011 0.8553742 -0.08095318 0.02855592 0.9963088 -0.4065275 -0.1822603 0.8952746 -0.08090764 0.02857118 0.996312 0.173372 -0.2567805 0.9507923 -0.08088541 0.02852123 0.9963153 -0.4958471 0.4140334 0.7633559 -0.4065534 -0.1823063 0.8952534 -0.4958566 0.4140507 0.7633402 -0.4065274 -0.1822792 0.8952708 -0.7033205 0.03767424 0.7098739 0.1733932 -0.2567787 0.950789 0.4113808 -0.3329236 0.8484856 -0.08090323 0.02861052 0.9963113 0.6283373 -0.5528368 0.5473241 0.6309174 0.0443328 0.7745825 0.4445816 0.2871741 0.8484565 0.4221799 0.5339406 0.7325788 0.1997737 0.2369425 0.9507623 0.3668831 -0.6177481 0.6955459 -0.08350932 -0.01974666 0.9963114 -0.3419817 -0.6581491 0.6707372 0.2574277 -0.9035552 0.3425189 -0.34182 -0.9344711 0.09961503 -0.7246263 -0.5978683 0.3427397 -0.7116295 -0.1385421 0.6887594 -0.5220702 -0.2394526 0.8185996 -0.4064973 -0.1823281 0.8952745 -0.08354288 -0.01973509 0.9963088 -0.08351206 -0.01971924 0.9963117 -0.5406756 -0.357932 0.7612848 -0.4065348 -0.1822722 0.8952689 -0.5406426 -0.3580275 0.7612634 -0.08351719 -0.01968187 0.996312 0.199781 0.236997 0.9507471 -0.5406435 -0.3579803 0.761285 -0.703279 0.03769099 0.7099142 -0.4065198 -0.182263 0.8952776 0.1997762 0.2369904 0.9507497 -0.08357971 -0.01973509 0.9963057 0.4445776 0.2871439 0.8484687 0.9336078 0.1841109 -0.3073754 0.05187731 0.7291425 0.6823929 0.07451683 0.9718284 -0.2235999 -0.05539733 0.9969052 -0.05577802 0.05188465 0.7291656 0.6823676 0.5802926 0.4119479 0.702538 0.5819783 -0.6304506 0.5136471 -0.05539894 0.9969078 -0.05573028 0.5802861 0.4120048 0.7025098 0.4863321 0.5301087 -0.6945977 0.976468 0.2137375 -0.02875167 0.5819494 -0.6304597 0.5136688 0.05189162 0.729124 0.6824116 0.9335865 0.1841379 -0.3074239 0.5819437 -0.6305005 0.5136252 0.4546976 -0.8497814 -0.2666868 0.07451742 0.9718344 -0.2235735 0.6232656 0.5974948 -0.5045198 0.9336118 0.1841693 -0.3073284 0.916244 -0.2801014 -0.2864264 0.9336096 0.1841894 -0.3073229 0.916244 -0.2800697 -0.2864575 0.4547138 -0.8497847 -0.2666485 0.2492395 -0.9357288 -0.2495824 0.5820269 -0.6304033 0.5136501 0.4547289 -0.8497686 -0.2666741 -0.4939058 -0.7086462 -0.5038627 -0.4938916 -0.7086824 -0.5038257 0.4546951 -0.8498086 -0.2666045 0.249269 -0.935731 -0.2495447 -0.5111708 -0.8071249 -0.2953881 -0.8297002 0.07041043 -0.5537509 -0.4938992 -0.7086635 -0.5038449 -0.5110965 -0.8071729 -0.295385 -0.6499582 0.7599664 0.002355754 -0.4938644 -0.7087442 -0.5037655 -0.3987408 0.2421928 -0.8845047 -0.6823784 -0.7230419 0.1075653 -0.4939048 -0.7086907 -0.5038013 -0.6499038 0.760013 0.002298295 -0.9029708 0.4296907 0.003115534 -0.6824194 -0.723007 0.10754 -0.9029742 0.4296836 0.003139078 -0.6148217 -0.7433574 -0.2634654 0.5819649 -0.630398 0.5137268 -0.4938599 -0.7086858 -0.5038521 -0.398744 0.2421951 -0.8845027 -0.4939205 -0.7086995 -0.5037735 -0.829732 0.07033503 -0.5537129 0.793382 -0.6062726 0.05457723 0.976456 0.2137886 -0.0287792 0.5819504 -0.6304571 0.5136707 0.7934473 -0.6061867 0.05458337 0.5819904 -0.6304141 0.5136783 -0.6148603 -0.7433477 -0.2634031 0.4342291 -0.6552073 -0.6181817 -0.5406736 -0.3709276 -0.7550396 -0.6147963 -0.7434124 -0.2633699 -0.9029702 0.4296918 0.003125965 -0.5405756 -0.3709143 -0.7551164 -0.4717286 0.4419031 -0.7630164 0.5647801 0.706858 -0.4258819 -0.5406527 -0.3709211 -0.7550578 -0.4717348 0.4419049 -0.7630115 -0.5406767 -0.3709634 -0.7550199 0.5646651 0.7068985 -0.425967 -0.1170604 0.3913307 -0.9127745 0.434237 -0.6551877 -0.6181969 0.3134256 -0.4936597 -0.8112117 0.4341793 -0.6552568 -0.6181642 -0.1171109 0.3913838 -0.9127452 -0.5444337 0.3839958 -0.7457475 0.3134359 -0.4936035 -0.8112421 -0.5443595 0.3839483 -0.7458261 0.6625007 0.5706077 -0.4852831 0.3133838 -0.4936576 -0.8112293 0.6624596 0.5706366 -0.4853052 0.9289782 0.3652412 0.05998712 0.4341608 -0.6552168 -0.6182196 0.3133906 -0.4936515 -0.8112304 0.92898 0.365239 0.05997341 0.7934207 -0.6062176 0.05462533 0.9764696 0.2137323 -0.02873307 -0.925622 0.1622398 0.3419098 -0.3238317 0.9102934 0.2578744 -0.5973136 0.2495626 0.762191 0.342792 0.712329 0.6124387 -0.5974189 0.2494913 0.7621318 -0.3238272 0.9103256 0.2577661 0.4537833 0.8901512 -0.04137444 0.5554849 0.8268397 0.08816379 0.9528461 0.2629013 -0.1515496 0.6463937 0.7274115 0.2303212 -0.9893949 0.09613966 -0.1088799 -0.4722655 0.7809383 -0.4087795 -0.2143845 0.974189 0.07067632 -0.5687924 0.5467383 -0.614453 -0.4722969 0.7809231 -0.4087723 -0.9894027 0.09619498 -0.1087613 -0.5696569 -0.04663294 -0.8205587 -0.5203878 -0.6810231 -0.5151739 7.60406e-4 -0.4486737 -0.8936953 0.03506958 -0.9648066 -0.2606114 -0.3237622 0.910326 0.2578464 -0.9256256 0.1622159 0.3419115 -0.9893901 0.09618097 -0.1088876 -0.7812522 -0.6241894 0.005712151 -0.5203841 -0.6810612 -0.5151274 0.03507691 -0.9648171 -0.260572 -0.181277 -0.9828038 0.0351473 0.5555118 0.826815 0.08822649 0.9710274 0.1435393 -0.1910559 0.9528394 0.2629223 -0.1515551 0.5075764 0.3296167 -0.7960647 0.3768231 0.4418511 -0.8141081 0.9412469 0.2133113 0.2618255 0.6463533 0.7274542 0.2302997 0.9528514 0.2628811 -0.1515516 0.630095 -0.6791505 -0.3764773 0.6300224 -0.6791763 -0.3765519 0.9528425 0.2628951 -0.1515827 0.3768025 0.4418374 -0.8141251 -0.1812158 -0.982816 0.03512424 0.6300837 -0.6791419 -0.3765116 0.03511667 -0.9648169 -0.2605675 0.3769131 0.4418498 -0.8140673 6.99028e-4 -0.4486729 -0.8936958 7.70837e-4 -0.4486619 -0.8937013 0.3768191 0.4418891 -0.8140893 0.5075982 0.329579 -0.7960664 0.264692 -0.7449334 0.6123826 0.2212759 -0.9737368 -0.05360782 0.5648805 -0.792374 0.2303335 0.4927182 -0.8695967 0.0320993 -0.1269896 -0.9847689 0.1187599 -0.08843034 -0.9954319 0.03599387 -0.7557288 -0.65487 0.004402697 -0.1288951 -0.9802837 -0.1497658 -0.1513334 -0.9559643 0.2514569 0.4630434 -0.8852545 -0.04376697 0.9625008 -0.2157509 -0.1644496 0.9634456 -0.2642847 0.04389011 0.9130615 -0.3126459 0.2618612 -0.4852359 -0.8735547 -0.03805708 0.92532 -0.2191048 -0.309477 0.5678522 -0.798639 -0.1992978 -0.2332603 -0.9638335 -0.1288979 -0.1424259 -0.9576469 -0.2502545 -0.7760282 -0.5728338 -0.2638974 -0.7738441 -0.6316998 0.04605233 -0.9542529 0.1873481 -0.2330282 -0.9376285 -0.06244498 0.3419845 -0.6206225 -0.1841499 0.7621788 -0.09772062 -0.9842131 -0.1475643 0.9785549 0.1897553 0.08014595 0.9384847 0.1788914 -0.2953718 0.3464351 0.9018352 -0.2582175 0.4626003 0.8864952 -0.01128274 -0.4215235 0.8549292 -0.3023474 -0.7340013 0.6690372 -0.1167542 -0.8304568 0.0156008 -0.5568647 -0.9821044 -0.08216124 -0.1694716 -0.2774227 -0.7034108 -0.6544082 -0.3775667 -0.8863569 -0.2679829 0.5531818 -0.6617599 -0.5060274 0.5957863 -0.795408 -0.1111975 0.4974178 -0.8672866 -0.01974111 -0.3797183 -0.8847685 -0.2701829 -0.0442233 -0.8196448 0.5711627 -0.880911 -0.3449845 -0.3240089 -0.6799809 -0.5653994 0.4668507 -0.854574 0.4597197 -0.2415806 -0.6953174 0.315206 0.6458939 -0.5647782 0.8177971 0.1106057 -0.1633476 0.5365215 0.8279265 0.4205325 0.8098976 0.4089235 0.4205118 0.8099115 0.4089174 0.952121 0.1829229 0.2449588 0.497373 -0.8673124 -0.01973193 0.5958072 -0.7954017 -0.1111305 0.5530953 -0.6617894 -0.5060834 -0.07522892 0.9965478 0.0351184 -0.7101079 0.7040697 0.005713522 0.1375201 0.956304 -0.2580134 -0.4436135 0.7342553 -0.5138835 -0.9940252 0.009873688 -0.108703 -0.937669 -0.06249564 0.3418643 -0.419113 -0.8705379 0.2578914 0.04851514 0.4493119 -0.8920567 0.1374972 0.9563001 -0.2580397 -0.4436412 0.734195 -0.5139458 -0.561519 0.1077131 -0.8204234 -0.9940311 0.009948849 -0.1086429 -0.8148015 -0.2334434 -0.5306624 -0.5540639 -0.7256272 -0.4080176 -0.9940268 0.009935498 -0.1086837 -0.419152 -0.8705405 0.2578194 -0.5540176 -0.7256662 -0.4080111 -0.3250962 -0.9424791 0.07775318 0.4645851 -0.8811938 0.08751207 0.3560839 -0.9335386 -0.04135453 0.9192846 -0.3632952 -0.1514349 0.564916 -0.7923465 0.2303413 0.9130579 -0.3126575 0.26186 0.6991075 0.6077315 -0.376711 0.2646619 -0.7449131 0.6124203 -0.6206585 -0.1841376 0.7621524 0.950174 -0.246396 -0.1909405 0.4683345 -0.3834407 -0.7960125 0.3257468 -0.4864644 -0.8107042 0.6990844 0.6077938 -0.3766534 -0.4191051 -0.8705275 0.2579395 -0.9376472 -0.0624935 0.3419245 -0.6206494 -0.1842308 0.7621374 0.04859358 0.449279 -0.8920689 0.4684114 -0.3834254 -0.7959747 0.3257135 -0.4864295 -0.8107386 0.04851073 0.4493193 -0.8920533 0.3256784 -0.4864246 -0.8107557 0.1375563 0.9562929 -0.2580353 0.6990622 0.6077716 -0.3767303 -0.07517224 0.9965531 0.035088 -0.3846355 0.07467961 0.9200427 -0.900231 -0.3253274 0.2893894 0.03014302 0.901885 0.4309234 0.3712723 0.7564841 0.5384132 -0.2399671 0.9656652 0.09953171 0.0301544 0.9018401 0.4310166 -0.8824411 0.3587591 0.3042858 -0.347714 0.9066919 -0.238757 -0.9304023 0.2061428 -0.303079 -0.3927912 0.8707878 -0.2957088 -0.1691226 0.6836189 -0.7099738 -0.2681195 0.8128568 -0.5170841 0.1960385 0.890061 -0.4115342 0.173054 0.9309915 -0.3214145 0.6333584 0.7563073 -0.1638796 0.5288493 0.8459986 -0.06785887 0.7124183 0.5827404 0.3909907 0.6838247 0.4825062 0.5473314 0.3713102 0.7564825 0.5383892 0.4739643 -0.4182543 -0.7748686 0.9543282 0.1523415 -0.2570013 0.8478417 0.239214 0.4732244 0.8478618 0.239277 0.4731565 0.2953823 0.2845294 0.9120265 0.3712925 0.7564862 0.5383963 0.2953342 0.2845748 0.912028 -0.3846649 0.07463121 0.9200344 0.3712103 0.7565246 0.5383992 0.6838117 0.4825427 0.5473154 0.3712514 0.7565113 0.5383893 0.3524014 0.8709449 0.3424448 0.03020173 0.901867 0.4309566 -0.2399598 0.9656655 0.09954589 -0.8824413 0.3587796 0.304261 0.03008377 0.9018746 0.4309494 -0.9002036 -0.3253639 0.2894337 -0.9331709 -0.3313758 -0.1392203 -0.9303702 0.2062468 -0.3031068 -0.8824428 0.3587851 0.3042501 -0.9331666 -0.3314125 -0.1391617 -0.1691818 0.6835902 -0.7099873 -0.9303615 0.2062243 -0.3031487 -0.4790544 -0.7795875 -0.4034231 -0.9331757 -0.331383 -0.1391713 0.4739817 -0.4182871 -0.7748401 0.1960381 0.8900365 -0.4115872 -0.1690639 0.6836789 -0.70993 -0.4790306 -0.7795659 -0.4034932 0.4740002 -0.4182413 -0.7748536 -0.1691396 0.683633 -0.7099562 0.7808056 0.0426926 -0.6233138 0.9320433 -0.07011067 -0.3554994 0.7717252 -0.1258373 -0.6233821 0.9341845 -0.02984917 -0.3555398 -0.4849154 -0.6837758 -0.5452594 -0.8280007 0.04957544 -0.5585312 0.01120191 -0.7498633 -0.6614981 0.06817531 0.7335103 -0.6762506 0.7582972 0.4859325 -0.4345747 0.641688 -0.6230785 -0.4472245 -0.4285027 0.6870402 -0.5868229 0.6282978 -0.5528882 0.5473176 0.257405 -0.9035367 0.3425846 0.2889944 -0.790904 0.5394007 -0.0664733 -0.8988822 0.4331194 -0.3417339 -0.9345086 0.09955739 -0.9169376 -0.2583959 0.3040674 -0.7246239 -0.5979032 0.3426836 -0.9468892 -0.1057856 -0.3036616 -0.4836093 -0.8238372 -0.2956591 -0.2403602 -0.6643078 -0.7077586 -0.353427 -0.7795234 -0.517139 0.09867221 -0.9064372 -0.4106524 0.07263451 -0.9442254 -0.3211894 0.5486575 -0.8197997 -0.164023 0.435477 -0.897638 -0.0678662 0.646605 -0.6550311 0.3909428 0.6283302 -0.5528677 0.5473011 0.289026 -0.7908567 0.539453 0.2632644 -0.3120257 0.9128701 -0.3900728 -0.03027158 0.9202863 0.817404 -0.3271713 0.4741409 0.8174483 -0.3271226 0.4740981 0.9324031 -0.2544448 -0.2566757 0.5166396 0.3616658 -0.776068 0.09874463 -0.9064031 -0.4107104 0.5166689 0.3616979 -0.7760336 -0.2403808 -0.6643556 -0.7077067 -0.9468656 -0.1058664 -0.3037069 -0.2403757 -0.6642143 -0.7078411 -0.3939668 0.8254187 -0.4043197 -0.9468634 -0.10588 -0.303709 -0.3940063 0.8254049 -0.4043091 -0.8925943 0.4288128 -0.139266 -0.9169372 -0.2583865 0.3040768 -0.9468629 -0.1058676 -0.3037147 -0.8925957 0.428824 -0.1392231 0.2889504 -0.7908908 0.5394436 -0.3900675 -0.03031533 0.9202871 -0.8600596 0.4196986 0.2900872 -0.8925995 0.4288133 -0.1392317 -0.3939117 0.8254375 -0.404335 -0.2403545 -0.6643577 -0.7077137 0.5166049 0.3617373 -0.7760577 -0.5697049 -0.0466234 -0.8205259 -0.5615392 0.1076729 -0.8204147 -0.9216194 0.0493502 -0.3849447 -0.8148503 -0.2333508 -0.5306284 -0.8523826 0.4984023 -0.1582372 -0.9004713 -0.4053804 -0.1575382 -0.7223753 0.5048332 0.4725648 -0.7691771 -0.4292539 0.4734004 -0.3251 -0.9424738 0.07780247 -0.3410567 -0.8393923 0.4232032 0.4646017 -0.8811814 0.08754748 0.5421776 -0.8310914 0.1238169 -0.554019 -0.7256658 -0.4080101 0.7619197 -0.6378299 0.1124785 -0.09424978 -0.8284718 -0.552043 -0.06892186 -0.9245281 -0.3748302 0.4973974 -0.8672994 -0.01968985 0.04742807 -0.7901578 0.6110658 0.9521051 0.1829415 0.2450071 0.848454 0.4159002 0.327342 0.8669844 -0.4743544 -0.1527283 0.783471 0.6212691 -0.01407635 -0.00319463 0.986407 -0.1642895 0.4204962 0.8099058 0.4089446 -0.1176759 0.5500841 0.8267768 0.4204505 0.8099361 0.4089317 -0.163287 0.5366004 0.8278873 -0.1033523 -0.01335805 0.9945551 -0.9167573 0.3989407 -0.02006053 -0.003186404 0.9864075 -0.1642871 -0.1176406 0.5500381 0.8268125 -0.1032859 -0.01328366 0.9945631 -0.003184199 0.9864236 -0.1641902 0.4205029 0.8099491 0.4088519 -0.1176136 0.5501453 0.8267449 -0.6953299 0.3152309 0.6458684 -0.1033564 -0.01329344 0.9945557 -0.1632738 0.5365747 0.8279066 -0.04616856 0.9614387 -0.2711163 0.7834405 0.6213074 -0.01408112 -0.003228724 0.986412 -0.1642588 -0.003186583 0.9864293 -0.164156 -0.91679 0.398867 -0.02003329 -0.04610681 0.9614558 -0.2710661 -0.8248524 0.5519154 -0.1225082 -0.6528174 -0.7269412 -0.2130398 -0.8641782 -0.4319295 -0.2581333 -0.4109761 -0.4056633 0.8164167 -0.1033869 -0.01329487 0.9945524 -0.6953158 0.3151986 0.6458992 -0.6800751 -0.5653045 0.4668284 -0.09428125 -0.8284605 -0.5520548 -0.8642021 -0.4319102 -0.2580863 -0.06887859 -0.9245294 -0.3748349 -0.6528392 -0.7269155 -0.213061 -0.06892818 -0.9245303 -0.3748236 -0.8641731 -0.4319522 -0.2581126 -0.7833901 0.4132372 0.4642576 -0.9002441 -0.3252748 0.2894079 -0.3846039 0.07462596 0.9200602 -0.208503 0.4094685 0.8881791 0.2953917 0.284512 0.9120289 0.2679807 0.3681984 0.89029 0.8478455 0.2392551 0.4731966 0.7442513 0.2423751 0.62237 0.9264486 0.3757886 -0.02181637 0.9543185 0.1523758 -0.2570174 -0.9002242 -0.3253037 0.2894374 -0.7833356 0.4132628 0.4643266 -0.9332011 -0.3313281 -0.139131 -0.7833568 0.4132536 0.4642992 -0.208533 0.4094762 0.8881685 -0.267875 0.9534955 0.1381649 -0.8545958 0.5192092 -0.009373426 -0.2903345 0.9566451 0.02315366 -0.8248354 0.5519617 -0.1224128 -0.04615646 0.9614358 -0.271129 0.1544819 0.9870256 0.04377144 0.188084 0.9663853 0.1752824 -0.9331939 -0.3313463 -0.1391355 -0.8641805 -0.4319016 -0.2581726 0.7457295 0.6662395 0.003537416 0.7834699 0.6212712 -0.01404243 -0.0461651 0.9614339 -0.271134 0.8978089 -0.4307274 -0.09172397 0.8669438 -0.4744071 -0.1527957 0.7834591 0.621285 -0.01402854 0.7456507 0.6663276 0.003549516 0.4739423 -0.4182565 -0.7748808 -0.09423518 -0.8284911 -0.5520166 0.8669665 -0.4743732 -0.1527718 -0.4789968 -0.7796328 -0.4034041 -0.8641875 -0.431912 -0.258132 -0.933184 -0.3313727 -0.1391389 -0.07678729 0.704557 0.7054809 -0.1068421 0.9708977 -0.2143418 0.1401677 0.9731152 0.1827561 0.2523087 0.9669002 -0.03800541 0.07433474 0.9951024 -0.06515854 -0.8046911 0.59351 -0.01477026 0.2814846 0.8233034 -0.4928875 -0.9443743 0.3254008 0.04766172 -0.1067609 0.9709033 -0.2143574 -0.5520694 -0.01511567 0.8336612 -0.07681906 0.704594 0.7054404 -0.7058244 0.5560306 0.43891 -0.8388187 -0.3952382 0.3743929 -0.9154696 -0.3929131 0.08680337 -0.9443678 0.325421 0.04765367 -0.7214608 -0.5542999 -0.4150252 -0.5736074 0.364441 -0.7335921 -0.7215048 -0.5542411 -0.4150272 -0.5736407 0.3645091 -0.7335322 0.07638257 -0.7375384 -0.6709716 0.5442733 0.1103238 -0.831622 0.5442338 0.1103255 -0.8316476 -0.5736093 0.3644134 -0.7336043 0.2814497 0.8233503 -0.4928289 -0.8047397 0.5934446 -0.01475399 -0.5735858 0.3644209 -0.733619 -0.7214896 -0.5542793 -0.4150028 0.07635569 -0.7374773 -0.6710419 -0.9256338 -0.359997 0.1166368 -0.7214938 -0.5542039 -0.4150959 -0.915479 -0.3928982 0.08677136 -0.9443739 0.3254082 0.04761797 -0.552071 -0.01509582 0.8336606 -0.8387959 -0.3952664 0.3744144 -0.9443967 0.3253368 0.04765212 0.2522774 0.9669093 -0.03798162 0.5441614 0.1103837 -0.8316873 0.2813974 0.8233263 -0.492899 0.2523186 0.9668984 -0.03798669 0.2814186 0.8233346 -0.492873 0.07433086 0.9951017 -0.0651738 -0.8309013 -0.02893531 0.555667 -0.5338488 -0.6932333 0.484183 -0.6085819 -0.03688883 0.7926333 -0.4303242 0.4578655 0.7779335 -0.7517178 0.6590473 -0.02402764 -0.1289545 0.9832391 -0.1288862 -0.7104204 0.652397 -0.2639719 -0.9911292 -0.06677168 -0.1149108 -0.9688028 -0.08437603 -0.2330276 -0.6930161 -0.6743793 -0.254836 -0.7833898 -0.6199337 -0.04452937 -0.09970438 -0.9563607 -0.2746514 -0.2457232 -0.5343492 0.808759 -0.09967797 -0.9563534 -0.2746861 0.2434895 0.9689288 0.04347163 0.6500046 0.7333137 -0.1993615 0.8738963 0.07860732 -0.479715 0.943404 0.1189514 -0.3095799 0.7265686 -0.6073211 -0.3213396 -0.08707511 -0.917199 0.3887982 -0.09815984 -0.8614907 0.4981954 -0.2457054 -0.5343436 0.808768 -0.5339434 -0.693148 0.4842008 0.2435215 0.9689174 0.04354882 0.8739188 0.07862663 -0.4796706 0.1963161 -0.2942717 0.9353417 -0.08703452 -0.9172044 0.3887946 0.1962714 -0.2941473 0.9353903 0.8738974 0.07864177 -0.479707 0.7265576 -0.6073023 -0.3214003 -0.09966027 -0.9563445 -0.274724 -0.08712333 -0.9172015 0.3887816 -0.2455843 -0.5343357 0.8088101 0.4991722 0.8641215 -0.06419605 -0.2182133 0.8724036 0.4373729 0.2434686 0.96893 0.04356431 -0.4302682 0.4578249 0.7779881 -0.6307047 0.5155799 0.5799907 -0.8309196 -0.02890747 0.5556412 0.4022862 -0.9098605 0.1015866 -0.08709949 -0.9172301 0.3887193 -0.2456593 -0.5343359 0.8087872 0.4023854 -0.9098166 0.1015866 -0.2456789 -0.5343379 0.8087799 -0.09811836 -0.8614878 0.4982085 -0.09216529 0.9499044 -0.2986423 0.2523046 0.966901 -0.03801292 -0.1068137 0.9709208 -0.2142517 -0.1577863 0.980396 0.1180132 0.5946688 0.6489727 -0.4745561 0.6442213 0.7532543 -0.1326159 0.8591315 0.2590195 -0.4413639 0.6369539 0.6870915 0.349564 0.9606428 0.2426954 -0.1351457 0.7808031 0.04273456 -0.623314 -0.3641246 -0.9296278 -0.05661731 -0.8674474 -0.2245512 -0.4439727 -0.2818067 -0.9589831 0.03060418 -0.6879498 -0.6425833 -0.3373602 -0.8652374 -0.02845901 -0.5005542 -0.9909718 0.09013605 0.09924936 -0.9959291 -0.03381681 0.08355665 -0.2817559 -0.958997 0.03063297 -0.448762 -0.8552554 0.2591348 -0.2817698 -0.9589932 0.0306248 -0.99593 -0.03378164 0.08356094 -0.9756251 0.02709144 0.2177655 -0.5724688 -0.7835473 0.2415228 -0.8279855 0.04965239 -0.558547 -0.4848958 -0.6837613 -0.5452949 0.01115262 -0.7497878 -0.6615844 0.1712731 -0.9411531 0.29137 0.3706399 -0.8756082 0.3097359 0.8102176 -0.107735 0.5761431 0.9606816 -0.2217512 0.1670847 0.3421176 -0.9329812 0.1118109 0.9605978 -0.2273619 -0.1598703 0.4507969 -0.8924288 -0.01879531 -0.3640865 -0.9296424 -0.05662322 -0.3324304 -0.8447597 0.41937 -0.6806246 -0.4621993 0.5684381 -0.6836028 -0.6668459 -0.2966544 0.534116 -0.1064041 0.8386884 -0.3640871 -0.9296412 -0.05663961 -0.6835311 -0.6668817 -0.2967392 -0.8674423 -0.2244884 -0.4440146 -0.9317817 0.024073 -0.36222 -0.6835964 -0.6668485 -0.2966632 -0.6806426 -0.4622308 0.568391 -0.7980734 0.1388317 0.5863486 -0.6416927 0.6859819 -0.3430151 -0.3477016 0.9067042 -0.2387282 -0.3928213 0.870762 -0.2957451 -0.512609 0.7498152 -0.4183411 -0.9942919 0.1058487 0.01341098 -0.8616189 0.4252479 -0.277087 -0.4626762 0.6245552 -0.6291754 -0.6370716 0.4308385 -0.6391541 -0.6713988 0.4651291 -0.5769563 -0.3927867 0.8707845 -0.2957247 -0.092103 0.9498913 -0.2987032 -0.5086146 0.8586917 -0.06292682 0.5485216 0.7793355 -0.3029196 0.4616793 0.8833056 -0.08138507 0.5476382 -0.4115972 0.728478 0.622437 -0.1114414 0.7746955 0.8690311 -0.4468413 0.21241 0.7456712 -0.5613029 0.3590454 0.9320584 -0.07010746 -0.3554604 0.8203452 0.5717478 0.0117594 0.7676231 0.5082856 -0.390385 0.5288134 0.8460217 -0.0678513 0.5400345 0.503039 0.6747701 0.6838055 0.4824731 0.5473846 0.5475968 -0.4116353 0.7284876 0.6225092 -0.1114681 0.7746337 0.6838262 0.4824793 0.5473532 0.5945988 0.6490378 -0.474555 0.1730926 0.930961 -0.321482 -0.2680742 0.8128463 -0.5171239 -0.106778 0.9709193 -0.2142767 0.5945981 0.6490479 -0.4745419 0.7807924 0.04268956 -0.6233305 0.859103 0.2590185 -0.4414198 -0.9443737 0.3253889 0.04775279 -0.637064 0.4309407 -0.6390928 -0.1067742 0.9709167 -0.2142896 -0.2681711 0.8128265 -0.5171048 -0.3928271 0.8707641 -0.295731 -0.4627071 0.6245745 -0.6291335 0.4864717 -0.4945122 0.7202798 0.4909841 -0.8709084 -0.02128857 0.5340322 0.4168192 0.7355755 0.5767201 0.8168028 0.01507079 0.5768797 -0.4174475 -0.7021021 0.6116883 0.3774904 -0.6952254 -0.9443868 0.3253706 0.04761976 -0.9256127 -0.3600227 0.1167259 -0.8208467 0.3163304 -0.4755481 -0.8484793 0.3489552 0.397886 0.555507 0.8268284 0.08812975 0.6269253 0.7692648 0.1232739 0.9556044 0.2507229 -0.1547849 0.9710466 0.1435209 -0.1909719 0.5767148 0.8168049 0.01516073 0.6117444 0.377444 -0.6952013 -0.6136961 0.3844839 -0.6896008 -0.6387595 0.7674175 -0.05528837 -0.597628 0.5981449 0.5339134 0.5384197 0.6543233 0.531004 0.5048709 0.5953144 -0.6250649 -0.6500279 0.5990517 -0.4675475 -0.9443628 0.3254267 0.04771047 -0.9737513 -0.2225711 0.04765236 -0.6794388 -0.3603521 -0.6391474 -0.6370689 0.4308827 -0.6391271 -0.8499614 -0.2267858 -0.4755355 -0.8818381 0.456917 0.1165704 -0.9737532 -0.2225688 0.04762327 -0.8808596 -0.256411 0.3979193 -0.9443736 0.325395 0.04771375 -0.8484571 0.3489532 0.397935 -0.8208176 0.3163418 -0.4755905 -0.9255856 -0.3601262 0.1166206 -0.881801 0.4569985 0.1165307 -0.6386965 0.7674652 -0.05535382 -0.6136499 0.3845676 -0.6895953 -0.6509873 -0.3031703 -0.6959191 -0.7103176 -0.698248 -0.08887451 -0.6793103 0.3718298 0.632677 -0.7130409 -0.324656 0.6214267 0.07452452 0.9718474 -0.2235146 -0.3987393 0.2422045 -0.8845022 0.6233144 0.5974465 -0.5045166 -0.1997188 0.7265565 -0.6574406 -0.8297103 0.07049858 -0.5537246 -0.3495109 0.4877625 0.7999562 -0.5715287 0.7925209 -0.2127571 0.1029837 0.8285452 0.5503701 0.03007495 0.92661 -0.3748192 0.5877761 0.8088964 -0.01434922 0.8256877 0.552812 0.1124234 0.9261798 -0.2847254 0.2472297 0.7991617 -0.5045602 0.3267409 0.1930106 -0.9395308 0.2828937 -0.1084486 -0.9803505 -0.1647782 0.7126131 -0.7014132 -0.01421838 0.9126985 0.3789501 -0.1529003 -0.005183637 0.8338051 -0.5520347 0.587848 0.8088429 -0.01441842 0.003515064 0.8805255 0.473986 0.1029025 0.8285593 0.550364 -0.3495221 0.4878525 0.7998965 -0.6123149 0.6264644 0.4822995 0.7125796 -0.7014469 -0.01423376 -0.1487213 -0.9509575 -0.2712227 -0.1084205 -0.9803634 -0.1647199 -0.2175804 -0.5146231 0.8293504 0.1929531 -0.9395187 0.2829731 -0.1752337 -0.535045 0.8264502 -0.1016762 0.02421337 0.9945229 0.1930841 -0.9395223 0.282872 -0.1083995 -0.980367 -0.164713 -0.1753377 -0.5349979 0.8264588 -0.1083472 -0.9803711 -0.1647228 -0.9541726 -0.2985944 -0.01989948 -0.1752324 -0.5349884 0.8264872 -0.1016678 0.02423256 0.9945233 -0.7233403 -0.238165 0.6481176 -0.2174335 -0.5146989 0.8293417 -0.1016876 0.02422237 0.9945215 -0.9541676 -0.2986086 -0.01993232 -0.1083557 -0.9803725 -0.1647086 -0.1486709 -0.9509729 -0.2711967 -0.879102 -0.4606526 -0.1223886 -0.5715078 0.7925624 -0.2126589 -0.8130961 0.521822 -0.2580248 -0.3495084 0.4877832 0.7999447 -0.1017305 0.02421963 0.9945172 -0.723339 -0.238221 0.6480984 -0.6123837 0.6263914 0.4823071 -0.8926243 0.4287473 -0.139276 -0.3939424 0.8254486 -0.404282 -0.8131145 0.5218207 -0.2579695 -0.005204439 0.8338157 -0.5520186 -0.3939756 0.8254281 -0.4042919 0.5165895 0.3616319 -0.7761171 -0.005165398 0.833791 -0.552056 0.9387089 0.3322921 -0.09169226 0.9126939 0.3789591 -0.1529049 0.9324008 -0.2544159 -0.2567127 0.9323939 -0.2544542 -0.2566996 0.6702302 -0.7421446 0.003592312 0.9387075 0.3323028 -0.09166884 0.7125651 -0.7014629 -0.01417076 0.9126794 0.3789882 -0.1529189 0.04822254 -0.9978772 0.04376888 -0.1486989 -0.9509482 -0.2712675 0.8810645 -0.4724899 -0.02187687 0.9323956 -0.254473 -0.2566747 0.8173942 -0.3271462 0.4741752 0.7141152 -0.3204506 0.6223753 0.08380305 -0.9809567 0.1752174 -0.3908531 -0.9201648 0.02303588 -0.1486756 -0.9509499 -0.2712748 -0.8790922 -0.4606932 -0.1223063 -0.9051638 -0.42496 -0.009353399 -0.8130957 0.5218483 -0.2579724 -0.8926206 0.4287783 -0.1392043 -0.8229279 -0.3271343 0.4645136 -0.3682387 -0.919414 0.1381247 -0.2509714 -0.3848889 0.8881857 0.2271368 -0.3950391 0.8901421 0.2632699 -0.3119629 0.9128901 -0.2510486 -0.3848825 0.8881667 -0.3900219 -0.03029316 0.9203073 -0.8228988 -0.3271603 0.464547 -0.8926257 0.4287734 -0.1391859 -0.8229159 -0.327101 0.4645584 -0.8600704 0.4196476 0.2901288 -0.3900755 -0.03026568 0.9202854 -0.6581116 0.628213 -0.4150151 0.1547663 0.7251662 -0.6709555 -0.6092984 -0.3011143 -0.7335433 0.5293112 -0.1678664 -0.8316553 0.191844 -0.8486717 -0.4929018 -0.2099621 -0.9539294 -0.2143239 -0.1516367 -0.6923297 0.7054686 0.03537172 -0.9825161 0.1827868 0.1351194 -0.9874747 -0.08146399 -0.0324006 -0.9973435 -0.06523877 -0.8635272 -0.5040861 -0.01477348 0.191862 -0.8486598 -0.4929155 -0.6093208 -0.3010523 -0.7335501 -0.6580861 0.6281862 -0.4150962 -0.9737534 -0.222566 0.04763084 -0.5472891 0.07391762 0.8336732 -0.2098646 -0.9539467 -0.2143425 -0.1516243 -0.6923039 0.7054966 -0.7612124 -0.4774197 0.4388921 -0.7917821 0.482625 0.3743721 -0.8683058 0.4883769 0.08679413 -0.97374 -0.2226416 0.047553 -0.8818435 0.4569112 0.1165521 -0.6581099 0.6281496 -0.4151139 0.154731 0.7251073 -0.6710274 -0.6580834 0.6282042 -0.4150733 -0.7917662 0.4826269 0.3744029 -0.5473067 0.07388538 0.8336644 -0.9737538 -0.2225661 0.04762285 0.4933246 0.8649088 0.09254008 -0.005526304 0.8670736 0.4981494 -0.2491438 0.5366044 0.8062153 0.4932858 0.8649342 0.0925098 -0.2491204 0.5366224 0.8062106 0.012313 0.9206656 0.3901579 -0.522098 -0.2394759 0.818575 -0.4065127 -0.1823127 0.8952708 -0.7120244 -0.2880945 0.6403304 -0.8603416 -0.2303982 0.4546748 -0.9942967 0.1058028 0.01341307 -0.8616549 0.425194 -0.2770581 -0.9021521 -0.330698 -0.2770568 -0.589814 -0.6907371 -0.418332 -0.5267761 -0.5714927 -0.6292082 -0.4835936 -0.8238326 -0.2956976 -0.7245577 -0.5979319 0.3427736 -0.5940049 -0.4978894 0.6318736 -0.4836034 -0.8238305 -0.2956879 -0.7246203 -0.5978739 0.3427424 -0.6794188 -0.3603076 -0.6391937 -0.7172771 -0.3907642 -0.5769029 -0.6714314 0.4651186 -0.5769268 -0.6370812 0.4308594 -0.6391305 -0.6794239 -0.360369 -0.6391537 -0.4836388 -0.8238101 -0.2956866 -0.5267971 -0.5715081 -0.6291768 -0.6794379 -0.3603777 -0.6391339 -0.3534787 -0.7794771 -0.5171735 -0.2098832 -0.9539557 -0.2142841 -0.9737355 -0.2226348 0.04767596 -0.2099162 -0.953949 -0.2142816 0.5218961 -0.7088181 -0.474554 -0.3534346 -0.7794991 -0.5171705 0.07266956 -0.9442 -0.3212565 0.7089177 -0.5874111 -0.3903638 0.4353981 -0.8976771 -0.06785738 0.754593 -0.6560881 0.01174724 0.4835323 -0.5577632 0.6746087 0.5884736 0.3507137 0.7284907 0.6308854 0.04440999 0.7746041 0.6283655 -0.5528525 0.5472759 0.6283262 -0.5528446 0.5473291 0.9117834 0.3514719 0.2124111 0.9341964 -0.02982431 -0.3555105 0.8012878 0.4785232 0.359101 0.6308646 0.04438835 0.7746223 0.5884556 0.350683 0.72852 0.5219159 -0.708831 -0.4745129 0.8265697 -0.3493373 -0.4413005 0.771727 -0.1258659 -0.6233742 0.5219405 -0.7088206 -0.4745013 0.7717249 -0.1258512 -0.6233798 0.9341838 -0.02986645 -0.3555402 0.8053687 -0.04345798 0.5911792 0.7989069 0.09388798 0.5940815 0.6314861 0.2275034 0.7412608 0.6984447 0.6415113 0.3172357 0.6983964 0.6415801 0.3172026 0.6314561 0.2274273 0.7413096 0.2406332 0.7267053 0.6434245 0.1676514 0.9470983 0.273675 -0.4353814 0.7982184 0.4162817 -0.4958831 0.4140706 0.7633123 -0.8618859 0.4421572 0.2482941 -0.7033053 0.03767108 0.7098892 -0.9720669 0.05216938 0.2288321 0.1734407 -0.2567952 0.9507758 -0.4958686 0.4140746 0.7633195 0.240644 0.7266691 0.6434615 0.1733534 -0.2568544 0.9507758 0.2406544 0.7266758 0.6434499 0.6314249 0.2275087 0.7413113 0.3627089 -0.5760793 0.7325128 0.1734127 -0.2567726 0.9507871 0.6314283 0.2274582 0.741324 0.6225169 -0.1114037 0.7746368 0.7989057 0.09389793 0.5940816 0.7456139 -0.5613622 0.3590718 -0.4722542 0.7809373 -0.4087945 -0.5688023 0.5467871 -0.6144005 -0.8523637 0.4984313 -0.1582483 -0.2144188 0.974177 0.07073938 -0.7223848 0.5048016 0.4725839 -0.2987211 0.8417846 0.4496269 0.5554837 0.8268434 0.08813601 0.6269432 0.7692567 0.1232336 -0.6136932 0.3846011 -0.6895381 0.6117516 0.3774853 -0.6951726 -0.6510553 -0.3031936 -0.6958453 0.5769422 -0.4174404 -0.7020552 -0.7103683 -0.698206 -0.08879947 0.4910035 -0.8708995 -0.02120745 -0.7103891 -0.6981747 -0.08887845 0.4910152 -0.8708922 -0.02124029 -0.7130751 -0.3245944 0.6214197 0.4865047 -0.4945229 0.7202501 -0.6793602 0.3718613 0.6326048 0.5340904 0.4167941 0.7355476 -0.6387818 0.7673929 -0.05537027 0.01228618 0.920657 0.3901792 0.163102 0.6168613 0.7699869 0.4933787 0.8648861 0.09246456 0.1631586 0.6169177 0.7699299 0.01235699 0.9206491 0.3901958 0.5623891 0.07714796 0.8232659 0.2265106 0.2715822 0.9353802 0.1385916 -0.989395 0.04347306 0.1615832 -0.5904758 0.7907144 0.5624126 0.07714307 0.8232504 0.1387016 -0.9893811 0.04343789 0.9606461 0.2426714 -0.1351652 0.920208 0.3687417 0.1313276 0.6369308 0.6870895 0.3496101 0.644243 0.7532467 -0.1325533 0.5485527 0.7793217 -0.3028991 0.9289212 0.2785716 -0.2439336 0.9555978 0.2507275 -0.154818 0.6720308 0.7385227 -0.05439448 -0.005580186 0.8670518 0.4981869 0.4934003 0.8648679 0.09251976 0.9605872 -0.2273948 -0.1598876 0.9552881 -0.1428901 -0.2588573 0.1631352 0.6168937 0.769954 0.5624043 0.07726448 0.8232446 0.2237012 0.5698449 0.7907178 0.5531631 -0.1598 0.8176029 0.9667788 0.03313279 -0.2534583 0.4992583 0.8640689 -0.06423455 0.979385 0.1234303 -0.1599065 0.5436193 0.8391223 -0.01876032 -0.2182968 0.8723616 0.437415 -0.3565976 0.8259562 0.4366173 -0.5974251 0.2495088 0.7621212 0.3428413 0.7123403 0.6123979 0.4216448 0.7920624 0.4414215 0.3240323 0.9445257 -0.05361318 -0.389173 0.9203827 -0.03794914 -0.5973606 0.2494869 0.7621789 0.9412465 0.213329 0.2618127 0.9861761 0.1597952 0.04384386 0.6463679 0.7274383 0.2303088 0.5828565 0.8119406 0.03210473 0.3240799 0.9445097 -0.05360692 -0.02106523 0.9926531 0.1191469 -0.3892059 0.9203668 -0.03799748 -0.6814831 0.7318207 0.004401385 0.01845288 0.9991851 0.03590041 -0.02337437 0.9884509 -0.1497287 0.5549604 0.8307245 -0.04376912 0.9800353 0.1116745 -0.1644986 0.943401 0.1189881 -0.3095749 0.6499317 0.7333897 -0.1993197 -0.128916 0.9832512 -0.1288329 -0.03933095 0.9673992 -0.2501838 -0.710416 0.6524403 -0.2638767 -0.7019258 0.710761 0.04603272 -0.9688149 -0.08434432 -0.2329884 -0.9256333 0.1621722 0.341911 -0.5973235 0.2495061 0.7622017 0.342865 0.7123152 0.6124138 -0.04840469 0.9667123 0.251246 0.007993638 0.9890111 -0.1476249 0.2647159 -0.7449223 0.6123857 -0.6206867 -0.1841752 0.7621206 -0.4427646 -0.7831561 0.4366074 0.3346001 -0.8325859 0.4414109 -0.485161 -0.8735986 -0.03800386 0.2211906 -0.9737566 -0.05359816 -0.6205826 -0.1841418 0.7622132 0.52542 -0.847413 -0.0763213 -0.5983353 -0.7987256 -0.06350117 0.4682248 -0.8208872 -0.3269705 -0.1943292 -0.9365962 -0.2915887 0.4023939 -0.9098191 0.1015302 0.06616866 -0.6065808 0.7922635 -0.08712053 -0.9172165 0.3887469 0.5531454 -0.159858 0.8176036 -0.08705806 -0.9171988 0.3888024 0.06605106 -0.6066442 0.7922248 0.2434409 0.968941 0.04347276 0.1963029 -0.2941263 0.9353902 0.5531876 -0.1597678 0.8175927 -0.08701795 -0.9172096 0.3887857 0.2434616 0.9689388 0.04340749 0.5531863 -0.1598878 0.8175701 0.223661 0.5698608 0.7907178 0.9552897 -0.1428688 -0.258863 0.5624233 0.07714742 0.8232426 0.161602 -0.5905146 0.7906816 0.4039922 -0.912519 -0.06402695 0.9606015 -0.227335 -0.1598863 0.4508284 -0.8924131 -0.01877361 -0.3324288 -0.8447455 0.4193999 -0.09814667 -0.8614743 0.4982261 0.5893114 -0.8060728 -0.05439388 0.4023911 -0.9098159 0.1015696 0.9793844 0.1234939 -0.1598612 0.9667895 0.03316783 -0.2534129 0.06608444 -0.6066198 0.7922406 0.5531785 -0.1598163 0.8175893 -0.6799906 -0.5654304 0.4667991 -0.04422217 -0.8196734 0.5711217 -0.4109656 -0.4057185 0.8163945 0.0473935 -0.7901595 0.6110664 0.4973205 -0.8673434 -0.01969724 -0.6528288 -0.7269363 -0.2130219 -0.4109908 -0.4056323 0.8164246 -0.828533 0.03919774 -0.5585666 -0.499395 -0.6373224 -0.5868772 -0.9729366 0.0773344 0.2177473 -0.5284643 -0.8354955 0.1505746 -0.01064139 -0.7364658 -0.6763911 0.1692192 -0.9437721 0.2840054 0.3982912 -0.8709332 0.2878187 0.5424296 0.0487076 0.8386881 0.8171241 0.02058666 0.5760941 0.4136946 -0.907696 0.07031983 0.9788803 0.1177845 0.1670941 0.5892614 -0.8061063 -0.05444014 -0.3641957 -0.9245332 -0.1122497 -0.09810191 -0.8614611 0.4982579 -0.5338571 -0.6931853 0.4842424 -0.7716423 -0.5751079 -0.2716969 -0.8308772 -0.02890992 0.5557045 -0.937935 0.060382 -0.3415142 -0.8527479 -0.3014346 -0.4265657 -0.8650956 0.1093169 -0.4895502 -0.8840367 -0.4456267 -0.1410529 -0.9958063 0.02509093 0.08797895 -0.9866241 0.1399463 0.08359456 -0.46239 -0.8666905 0.1871982 -0.3930271 -0.9176482 0.05875015 -0.8527672 -0.3013418 -0.4265929 -0.364273 -0.9245066 -0.1122184 -0.3324342 -0.8447723 0.4193415 0.4039416 -0.9125432 -0.0640015 0.1385709 -0.9893968 0.04349994 -0.4767265 -0.4092239 0.7779895 -0.6807009 -0.4621756 0.5683661 -0.7981339 0.1388005 0.5862737 0.01229757 0.9206568 0.3901793 0.7872682 0.5262688 -0.3213257 0.8605159 -0.1715551 -0.479668 0.9252976 -0.2191233 -0.309531 0.5679136 -0.7985849 -0.1993401 0.1385868 -0.9893992 0.04339468 -0.2332874 -0.9638211 -0.1289415 -0.4767314 -0.4092482 0.7779738 -0.8178871 -0.5748788 -0.02398443 -0.6320244 0.1727601 0.7554463 -0.7980918 0.1387878 0.5863339 -0.2491431 0.5366392 0.8061923 0.8605291 -0.1716011 -0.4796277 0.1385908 -0.9893943 0.04349434 0.2264726 0.2714886 0.9354166 0.01232653 0.9206539 0.390185 0.8605046 -0.1715498 -0.4796903 0.2265242 0.2715533 0.9353853 0.78726 0.5262686 -0.3213461 0.01229143 0.9206367 0.3902268 0.002976238 0.9615399 -0.2746495 -0.2491782 0.5366014 0.8062067 -0.7760633 -0.572749 -0.2639781 -0.9783297 0.1722136 -0.1149498 -0.9542533 0.1873584 -0.233018 -0.61704 0.7445195 -0.2548574 -0.712616 0.7001699 -0.0440523 0.002954304 0.9615495 -0.2746161 -0.6320297 0.1727874 0.7554357 -0.2491005 0.5366507 0.8061979 0.002909541 0.9615178 -0.2747275 -0.005556523 0.8670678 0.4981592 -0.443619 0.7339231 0.5143532 -0.249109 0.5366367 0.8062046 -0.7981036 0.1387698 0.5863221 0.7808066 0.04268211 -0.6233132 0.5946505 0.6490449 -0.4744802 0.9320535 -0.07012385 -0.35547 0.9292455 -0.343909 -0.1350166 0.9606544 0.2426468 -0.1351507 0.7807994 0.04268687 -0.6233219 0.7717159 -0.1258838 -0.6233841 0.8266002 -0.3496999 -0.4409559 0.9292379 -0.343924 -0.1350309 0.7717484 -0.1258909 -0.6233426 0.9292232 -0.3439803 -0.1349886 0.8265626 -0.3493759 -0.4412831 0.5599383 -0.7511695 0.3495905 0.5650845 -0.8169364 -0.1153013 0.5219553 -0.7087785 -0.4745482 -0.2622095 -0.957708 0.1184974 -0.2098721 -0.9539601 -0.214275 -0.2622307 -0.9577028 0.1184927 -0.2099073 -0.9539451 -0.2143074 -0.1943383 -0.936612 -0.2915316 0.1351192 -0.9874737 -0.08147758 0.5384317 0.654276 0.53105 0.7559018 -0.04767256 0.6529472 0.504802 0.5953836 -0.6250547 -0.3478208 0.9066434 -0.2387856 0.5180677 -0.00288254 0.8553348 0.6367344 -0.2039373 0.7436256 -0.406544 -0.1823994 0.8952388 0.5383788 0.6543419 0.5310226 -0.5976471 0.5981524 0.5338838 -0.7264392 0.04323512 0.6858694 -0.6851977 -0.08580321 0.7232856 -0.712041 -0.2879964 0.640356 -0.406498 -0.1823133 0.8952773 -0.597665 0.5981513 0.5338649 -0.6499618 0.5991008 -0.4675769 -0.841369 0.2554358 -0.4762885 -0.9942959 0.1058174 0.01335614 -0.6416773 0.6859635 -0.3430808 -0.3477532 0.9066887 -0.2387118 0.5048278 0.5953232 -0.6250915 -0.6499998 0.5991287 -0.4674881 -0.7119624 -0.2880694 0.6404106 -0.6851906 -0.08582192 0.7232901 -0.9942954 0.1058182 0.01339071 0.9162339 -0.2800617 -0.2864977 0.6232316 0.59749 -0.5045674 0.6722911 0.7332383 -0.1019136 0.9524461 -0.2903397 0.09246259 0.5877329 0.8089272 -0.01438051 0.9262099 -0.2847165 0.247127 0.1827055 -0.9724832 0.1445518 0.1929911 -0.9395527 0.2828341 -0.5120528 -0.8587279 0.01971006 -0.2175154 -0.514633 0.8293612 -0.7233384 -0.2381553 0.6481232 0.2492722 -0.9357287 -0.2495496 -0.5110972 -0.8071706 -0.2953901 -0.7070263 -0.7038929 0.06818115 -0.829701 0.07038331 -0.5537531 -0.9678618 0.1844152 -0.1709814 -0.1997497 0.7264768 -0.6575192 -0.2708201 0.9249493 -0.2666933 0.623261 0.5974531 -0.5045747 0.6723089 0.7332283 -0.1018685 -0.1458046 0.9546431 -0.2596107 0.5877552 0.8089111 -0.01437771 0.003541588 0.8804976 0.4740375 -0.8131144 0.4807985 -0.3281433 -0.900466 -0.3660167 -0.2349315 -0.7233192 -0.2382507 0.6481095 -0.6123712 0.6263484 0.4823789 0.7843133 -0.1787381 0.5940583 0.7989333 0.09385573 0.5940511 0.8053702 -0.04351937 0.5911725 0.6099542 -0.2943089 0.7357569 0.6491913 -0.6835786 0.3335733 0.04778248 -0.9474439 0.3163341 0.1392878 -0.7646264 0.629242 0.6100131 -0.2942774 0.7357208 0.04769128 -0.9474374 0.3163669 -0.5406681 -0.3579778 0.7612686 -0.5223997 -0.7405183 0.4227661 -0.9041964 -0.3475298 0.2482981 -0.7033145 0.03769195 0.7098789 -0.9720637 0.05209153 0.2288638 0.7046732 0.550841 -0.4472246 0.701998 -0.5642196 -0.4345747 0.09127444 0.7443398 -0.6615341 -0.01067203 -0.7365295 -0.6763213 -0.8285565 0.03920596 -0.5585313 -0.4994602 -0.6373212 -0.5868229 -0.4090214 0.731706 -0.5452594 0.07630616 -0.7375088 -0.6710128 0.5441846 0.1103869 -0.8316719 0.2523074 0.9669016 -0.03797829 -0.9256171 -0.3600136 0.1167187 0.1691779 -0.9437841 0.2839904 -0.01059603 -0.7364791 -0.6763773 0.7020305 -0.5642249 -0.4345154 0.1691937 -0.9437851 0.2839776 0.7020024 -0.5642413 -0.4345394 0.5671729 -0.5814627 0.5832805 0.6178448 0.5429281 0.5687679 0.5670869 -0.5815067 0.5833202 0.702035 -0.5641613 -0.4345907 0.7046911 0.5508374 -0.447201 0.6178414 0.5429685 0.5687332 0.7046824 0.5508471 -0.4472028 0.09117043 0.7442927 -0.6616013 0.2708191 0.9174793 0.2913566 0.5424211 0.048689 0.8386947 0.5671396 -0.5814869 0.5832888 0.1692197 -0.9437761 0.2839921 -0.4630103 0.7776445 -0.4253122 -0.1323499 0.8785831 -0.458885 -0.7339823 0.6690481 -0.1168108 0.4625876 0.8865017 -0.01129645 0.1850329 0.923977 -0.3347079 -0.2673129 0.777971 0.5685991 -0.5310404 0.7469267 0.4001207 -0.7340151 0.6690155 -0.116791 -0.5648065 0.8177701 0.1106603 0.4205307 0.8099054 0.4089098 0.09828424 0.8352731 0.5409799 0.1850127 0.9239841 -0.3346995 0.4205181 0.8099134 0.4089068 0.4626448 0.8864721 -0.01128083 0.2690826 0.9202769 0.2840512 0.7582674 0.4860281 -0.4345194 0.06814378 0.7334662 -0.6763017 0.7582792 0.486019 -0.4345091 0.2691022 0.9202601 0.2840871 0.626037 0.5174823 0.5833438 0.758312 0.4859589 -0.4345192 0.6260172 0.5175773 0.5832805 0.5563225 -0.6057559 0.5688279 0.6417846 -0.6230127 -0.4471776 0.01128 -0.7497763 -0.6615953 0.6417221 -0.6230369 -0.4472336 0.5563247 -0.605803 0.5687755 0.1712673 -0.941159 0.2913545 0.5340859 -0.1064177 0.838706 0.6260169 0.5175347 0.5833187 0.2690833 0.9202659 0.2840859 0.9793819 0.1234632 -0.1599001 0.5892847 -0.8060916 -0.05440539 0.978877 0.1177583 0.1671313 0.9130557 -0.3127076 0.2618076 0.9634192 -0.2643827 0.04387748 0.6990912 0.6077675 -0.3766834 0.9624742 -0.2158479 -0.1644783 0.6644846 0.7330451 -0.1452763 0.9253065 -0.2190871 -0.3095301 0.7872629 0.5262712 -0.3213343 0.003002643 0.9615456 -0.274629 -0.07519155 0.9965507 0.03511214 -0.07523292 0.9965477 0.03511124 0.002920746 0.9615403 -0.2746488 -0.6170085 0.7445771 -0.2547654 -0.7101475 0.7040301 0.005687415 -0.9376474 -0.06248342 0.3419257 -0.9542744 0.1873363 -0.2329499 0.9412294 0.213336 0.2618685 0.630124 -0.6791498 -0.3764297 0.9861604 0.1598834 0.04387497 0.9800376 0.1117525 -0.1644315 0.5823704 -0.7998421 -0.1452498 0.9434179 0.1189813 -0.3095259 0.7265491 -0.6073457 -0.3213374 -0.09969866 -0.956359 -0.2746593 -0.1812321 -0.9828152 0.03506147 -0.6930097 -0.674419 -0.2547482 -0.7812983 -0.624132 0.005678772 -0.9256126 0.1622318 0.3419389 -0.968815 -0.08437108 -0.2329789 0.4682027 -0.820873 -0.3270379 0.5650497 -0.816971 -0.115228 0.5253629 -0.8474391 -0.07642549 0.5254348 -0.8473987 -0.07637888 0.5651 -0.8169223 -0.115326 -0.2622431 -0.9576966 0.1185158 -0.5983031 -0.7987462 -0.06354558 -0.9317757 0.0241487 -0.3622305 -0.7980971 0.1387668 0.5863317 -0.4436606 0.7338579 0.5144103 -0.6961209 0.6553127 -0.2932251 -0.2633485 0.9581479 -0.1122509 -0.005537867 0.8670384 0.4982107 0.6720108 0.7385377 -0.0544402 0.5082905 0.8582998 0.07044476 0.96068 -0.221776 0.1670607 0.9605994 -0.2273623 -0.1598603 -0.8652365 -0.02838122 -0.50056 -0.8375645 0.3720152 -0.4001129 -0.9909658 0.09018337 0.09926635 -0.8382501 0.5306611 -0.1254415 -0.9959247 -0.03383892 0.08360105 -0.3671531 0.9111149 0.1872658 -0.4361681 0.8871763 0.1505844 -0.9756255 0.02707481 0.2177658 -0.4285117 0.6869875 -0.5868781 -0.8280082 0.04957461 -0.5585203 -0.2927525 0.9543758 0.05884671 -0.2634138 0.9581326 -0.1122284 0.06812566 0.7334639 -0.6763059 0.269135 0.9202589 0.2840598 0.489039 0.8233771 0.2879082 0.5341525 -0.1064618 0.8386579 0.81024 -0.1077417 0.5761101 0.9606871 -0.2217524 0.167052 -0.8375719 0.3719604 -0.4001488 -0.6961311 0.6553048 -0.2932186 -0.2634092 0.9581313 -0.1122499 -0.8818278 0.4569175 0.1166456 0.1350605 -0.9874877 -0.0814048 0.1547213 0.7251759 -0.6709555 0.5292442 -0.1679257 -0.831686 0.9341805 -0.02985525 -0.3555498 0.9320503 -0.0701363 -0.3554761 0.801317 0.4785271 0.3590308 0.7456586 -0.5613141 0.3590543 0.798945 0.09385645 0.5940353 0.7843424 -0.1786985 0.594032 0.6309063 0.04429191 0.7745938 0.6099468 -0.294268 0.7357795 0.4221842 0.5338705 0.7326275 0.1998264 0.2369843 0.9507408 0.1997463 0.2370541 0.9507402 0.609908 -0.2943249 0.7357888 0.1392728 -0.7646183 0.6292551 -0.5406791 -0.3579651 0.7612668 0.1997671 0.2370585 0.9507347 0.1392536 -0.7646083 0.6292716 0.2435063 0.9689232 0.04350465 0.2236754 0.5698256 0.7907389 0.4991886 0.8641105 -0.06421673 -0.09210038 0.9498944 -0.298694 -0.1578372 0.9803954 0.1179504 -0.508569 0.8587152 -0.06297534 0.4039274 -0.9125502 -0.0639922 0.1615393 -0.5904192 0.7907657 0.1386153 -0.9893929 0.04344516 -0.1943113 -0.9366317 -0.2914864 -0.5983023 -0.7987565 -0.06342399 -0.2622298 -0.9576923 0.1185799 -0.5696302 -0.04662466 -0.8205777 7.25146e-4 -0.4486512 -0.8937066 -0.5614892 0.1076729 -0.8204489 0.04848974 0.4493135 -0.8920572 0.5075983 0.3296009 -0.7960572 0.4684144 -0.3833834 -0.795993 0.9710535 0.1434269 -0.1910078 0.9501935 -0.2463529 -0.1908991 0.9556121 0.2506574 -0.1548429 0.9233759 -0.351315 -0.154774 0.4645658 -0.8811995 0.087556 0.5421454 -0.8311098 0.1238346 0.1917818 -0.8486716 -0.4929262 0.5292453 -0.1678828 -0.8316941 0.1351109 -0.9874795 -0.08142066 -0.03238683 -0.9973471 -0.06519162 0.1918405 -0.8486535 -0.4929346 0.1351161 -0.9874763 -0.08145123 0.03003972 0.9266147 -0.3748105 -0.5715401 0.7925097 -0.2127683 -0.8130926 0.5218525 -0.257974 -0.8131353 0.5218071 -0.2579311 -0.005206346 0.8337996 -0.5520428 0.03012943 0.9266079 -0.3748201 0.576726 0.8167978 0.01511907 -0.6387593 0.767412 -0.0553677 0.5340713 0.4167949 0.735561 0.9341078 -0.04811573 0.3537336 0.9341078 -0.04811584 0.3537337 0.9341079 -0.04811573 0.3537337 -0.9967123 0.07663661 -0.02629369 -0.9967124 0.07663595 -0.02629363 -0.9967124 0.07663595 -0.02629363 -0.9967125 0.07663524 -0.02629363 0.9341078 -0.04811561 0.3537335 0.01502519 0.8425455 0.5384156 0.0150246 0.8425456 0.5384154 0.0150246 0.8425458 0.5384154 0.01502406 0.8425459 0.5384151 0.03527468 -0.8289613 0.5581926 0.03527402 -0.8289616 0.5581922 0.03527468 -0.8289613 0.5581925 0.03527539 -0.828961 0.5581929</float_array>
          <technique_common>
            <accessor source="#chest_mp_recon-mesh-normals-array" count="1632" stride="3">
              <param name="X" type="float"/>
              <param name="Y" type="float"/>
              <param name="Z" type="float"/>
            </accessor>
          </technique_common>
        </source>
        <source id="chest_mp_recon-mesh-map-0">
          <float_array id="chest_mp_recon-mesh-map-0-array" count="7092">0.2990382 0.2726001 0.2927264 0.268439 0.2934796 0.2752775 0.2927264 0.268439 0.2990382 0.2726001 0.2960405 0.2535688 0.2927264 0.268439 0.2960405 0.2535688 0.2815941 0.2562767 0.2815941 0.2562767 0.2934796 0.2752775 0.2927264 0.268439 0.3029699 0.2320132 0.3163769 0.2141138 0.2862188 0.2181527 0.3153977 0.2069234 0.2862188 0.2181527 0.3163769 0.2141138 0.2862188 0.2181527 0.3153977 0.2069234 0.2807656 0.1824765 0.252144 0.1855667 0.2862188 0.2181527 0.2807656 0.1824765 0.252144 0.1855667 0.2807656 0.1824765 0.2763066 0.1772291 0.252144 0.1855667 0.2763066 0.1772291 0.2489956 0.1756992 0.252144 0.1855667 0.2742881 0.2380254 0.2862188 0.2181527 0.2862188 0.2181527 0.2742881 0.2380254 0.3029699 0.2320132 0.3029699 0.2320132 0.2742881 0.2380254 0.2960405 0.2535688 0.2742881 0.2380254 0.252144 0.1855667 0.2279362 0.2283262 0.2742881 0.2380254 0.2815941 0.2562767 0.2960405 0.2535688 0.2815941 0.2562767 0.2742881 0.2380254 0.262508 0.2714834 0.262508 0.2714834 0.2742881 0.2380254 0.2565879 0.2584338 0.2565879 0.2584338 0.2742881 0.2380254 0.2279362 0.2283262 0.2565879 0.2584338 0.2279362 0.2283262 0.2270926 0.2598719 0.2565879 0.2584338 0.2270926 0.2598719 0.262508 0.2714834 0.2489956 0.1756992 0.2763066 0.1772291 0.288162 0.1714767 0.2489956 0.1756992 0.288162 0.1714767 0.2528671 0.1600182 0.2489956 0.1756992 0.2528671 0.1600182 0.2324402 0.1759746 0.3576824 0.1120879 0.3383854 0.104775 0.332646 0.1167691 0.2906325 0.1581364 0.3194499 0.144123 0.332646 0.1167691 0.332646 0.1167691 0.3194499 0.144123 0.3484783 0.1317312 0.2906325 0.1581364 0.2929373 0.1743376 0.3194499 0.144123 0.3194499 0.144123 0.2929373 0.1743376 0.3236227 0.1739552 0.3194499 0.144123 0.3236227 0.1739552 0.3484783 0.1317312 0.3576824 0.1120879 0.332646 0.1167691 0.3484783 0.1317312 0.3576824 0.1120879 0.3484783 0.1317312 0.3813931 0.1147345 0.3475593 0.08627933 0.3383854 0.104775 0.3576824 0.1120879 0.3475593 0.08627933 0.3576824 0.1120879 0.3819655 0.09761554 0.3819655 0.09761554 0.3576824 0.1120879 0.3813931 0.1147345 0.3819655 0.09761554 0.3813931 0.1147345 0.4036878 0.1057236 0.4189627 0.1236075 0.3813931 0.1147345 0.3484783 0.1317312 0.3813931 0.1147345 0.4189627 0.1236075 0.4036878 0.1057236 0.4036878 0.1057236 0.4189627 0.1236075 0.4270973 0.1160501 0.4270973 0.1160501 0.4189627 0.1236075 0.4505519 0.1604619 0.43597 0.1649596 0.4364821 0.1658775 0.4189627 0.1236075 0.4189627 0.1236075 0.4130125 0.1317312 0.43597 0.1649596 0.43597 0.1649596 0.4130125 0.1317312 0.4298992 0.1981269 0.4505519 0.1604619 0.4189627 0.1236075 0.4364821 0.1658775 0.4130125 0.1317312 0.4189627 0.1236075 0.3484783 0.1317312 0.4130125 0.1317312 0.3484783 0.1317312 0.4229697 0.1924816 0.4130125 0.1317312 0.4229697 0.1924816 0.4298992 0.1981269 0.3236227 0.1739552 0.3334143 0.1924816 0.3484783 0.1317312 0.4229697 0.1924816 0.3484783 0.1317312 0.3334143 0.1924816 0.4229697 0.1924816 0.3334143 0.1924816 0.3402383 0.2260008 0.4229697 0.1924816 0.3402383 0.2260008 0.4160855 0.2260008 0.4298992 0.1981269 0.4229697 0.1924816 0.4160855 0.2260008 0.4298992 0.1981269 0.4160855 0.2260008 0.4379734 0.2370923 0.4160855 0.2260008 0.3705018 0.2654711 0.4379734 0.2370923 0.3705018 0.2654711 0.4160855 0.2260008 0.3574263 0.2330535 0.3574263 0.2330535 0.4160855 0.2260008 0.3402383 0.2260008 0.3402383 0.2260008 0.3412927 0.2400143 0.3574263 0.2330535 0.3574263 0.2330535 0.3412927 0.2400143 0.3475593 0.2638189 0.3321639 0.2591682 0.3475593 0.2638189 0.3412927 0.2400143 0.3290607 0.2201874 0.3321639 0.2591682 0.3412927 0.2400143 0.3290607 0.2201874 0.3412927 0.2400143 0.3402383 0.2260008 0.3290607 0.2201874 0.3402383 0.2260008 0.3334143 0.1924816 0.3290607 0.2201874 0.3334143 0.1924816 0.3236227 0.1739552 0.03254097 0.09094536 0.05351006 0.09183263 0.01155692 0.08037406 0.03254097 0.09094536 0.01155692 0.08037406 0.01155692 0.09004276 0.03254097 0.09094536 0.01155692 0.09004276 0.01155692 0.1620069 0.03254097 0.09094536 0.01155692 0.1620069 0.02561157 0.1608902 0.02561157 0.1608902 0.01155692 0.1620069 0.02827793 0.1775655 0.02827793 0.1775655 0.01155692 0.1620069 0.01155692 0.1792485 0.02827793 0.1775655 0.01155692 0.1792485 0.027359 0.2246698 0.027359 0.2246698 0.01155692 0.1792485 0.01337963 0.2236753 0.02561157 0.1608902 0.04251343 0.1457294 0.03254097 0.09094536 0.03254097 0.09094536 0.04251343 0.1457294 0.05351006 0.09183263 0.027359 0.2246698 0.04103714 0.2250064 0.02827793 0.1775655 0.02827793 0.1775655 0.04103714 0.2250064 0.03934991 0.1570808 0.03934991 0.1570808 0.04103714 0.2250064 0.0901156 0.2310953 0.03934991 0.1570808 0.0901156 0.2310953 0.1038239 0.0977838 0.1038239 0.0977838 0.0901156 0.2310953 0.1353378 0.2226198 0.1038239 0.0977838 0.1353378 0.2226198 0.1360307 0.1042243 0.1038239 0.0977838 0.1360307 0.1042243 0.1088553 0.08396917 0.1088553 0.08396917 0.1360307 0.1042243 0.141273 0.09372967 0.1088553 0.08396917 0.141273 0.09372967 0.1257119 0.03769111 0.1257119 0.03769111 0.141273 0.09372967 0.1588526 0.05858892 0.1038239 0.0977838 0.05351006 0.09183263 0.03934991 0.1570808 0.05030143 0.04567694 0.1088553 0.08396917 0.1257119 0.03769111 0.05030143 0.04567694 0.1257119 0.03769111 0.1216295 0.009541809 0.05030143 0.04567694 0.1216295 0.009541809 0.04561656 0.009541809 0.05030143 0.04567694 0.04561656 0.009541809 0.01155692 0.009541809 0.05030143 0.04567694 0.01155692 0.009541809 0.01155692 0.04795646 0.05030143 0.04567694 0.01155692 0.04795646 0.0531184 0.08124601 0.0531184 0.08124601 0.01155692 0.04795646 0.01155692 0.08037406 0.05030143 0.04567694 0.0531184 0.08124601 0.1088553 0.08396917 0.1088553 0.08396917 0.0531184 0.08124601 0.1038239 0.0977838 0.1038239 0.0977838 0.0531184 0.08124601 0.05351006 0.09183263 0.05351006 0.09183263 0.0531184 0.08124601 0.01155692 0.08037406 0.02561157 0.1608902 0.02827793 0.1775655 0.03934991 0.1570808 0.561905 0.2220232 0.537652 0.189422 0.5496128 0.2190859 0.561905 0.2220232 0.5496128 0.2190859 0.5599467 0.2750939 0.5599467 0.2750939 0.5496128 0.2190859 0.546359 0.3003059 0.5599467 0.2750939 0.546359 0.3003059 0.5642549 0.2992503 0.5642549 0.2992503 0.546359 0.3003059 0.5488746 0.3227183 0.5642549 0.2992503 0.5488746 0.3227183 0.5631252 0.3298321 0.546359 0.3003059 0.5444609 0.3387817 0.5488746 0.3227183 0.5444609 0.3387817 0.5631252 0.3298321 0.5488746 0.3227183 0.5631252 0.3298321 0.5444609 0.3387817 0.5444609 0.3387817 0.5631252 0.3298321 0.5444609 0.3387817 0.5631252 0.3298321 0.8770137 0.6985728 0.8770137 0.6709743 0.8518116 0.6985728 0.8770137 0.6709743 0.8770137 0.6985728 0.9782889 0.6709743 0.9782889 0.6709743 0.8770137 0.6985728 0.9782889 0.6985728 0.2990382 0.2726001 0.2934796 0.2752775 0.2927264 0.268439 0.2927264 0.268439 0.2815941 0.2562767 0.2960405 0.2535688 0.2927264 0.268439 0.2960405 0.2535688 0.2990382 0.2726001 0.2815941 0.2562767 0.2927264 0.268439 0.2934796 0.2752775 0.3029699 0.2320132 0.2862188 0.2181527 0.3163769 0.2141138 0.3153977 0.2069234 0.3163769 0.2141138 0.2862188 0.2181527 0.3153977 0.2069234 0.2862188 0.2181527 0.2807656 0.1824765 0.2807656 0.1824765 0.2862188 0.2181527 0.252144 0.1855667 0.2807656 0.1824765 0.252144 0.1855667 0.2763066 0.1772291 0.252144 0.1855667 0.2489956 0.1756992 0.2763066 0.1772291 0.252144 0.1855667 0.2742881 0.2380254 0.2279362 0.2283262 0.252144 0.1855667 0.2862188 0.2181527 0.2742881 0.2380254 0.2862188 0.2181527 0.3029699 0.2320132 0.2742881 0.2380254 0.2742881 0.2380254 0.3029699 0.2320132 0.2960405 0.2535688 0.2960405 0.2535688 0.2815941 0.2562767 0.2742881 0.2380254 0.2742881 0.2380254 0.2815941 0.2562767 0.262508 0.2714834 0.2742881 0.2380254 0.262508 0.2714834 0.2565879 0.2584338 0.2742881 0.2380254 0.2565879 0.2584338 0.2279362 0.2283262 0.2279362 0.2283262 0.2565879 0.2584338 0.2270926 0.2598719 0.2270926 0.2598719 0.2565879 0.2584338 0.262508 0.2714834 0.537652 0.189422 0.561905 0.2220232 0.5496128 0.2190859 0.5496128 0.2190859 0.561905 0.2220232 0.5599467 0.2750939 0.5496128 0.2190859 0.5599467 0.2750939 0.546359 0.3003059 0.546359 0.3003059 0.5599467 0.2750939 0.5642549 0.2992503 0.546359 0.3003059 0.5642549 0.2992503 0.5488746 0.3227183 0.5488746 0.3227183 0.5642549 0.2992503 0.5631252 0.3298321 0.546359 0.3003059 0.5488746 0.3227183 0.5444609 0.3387817 0.5444609 0.3387817 0.5488746 0.3227183 0.5631252 0.3298321 0.7611414 0.4896101 0.7357586 0.4554331 0.759635 0.4335409 0.759635 0.4335409 0.7357586 0.4554331 0.6680459 0.4335409 0.759635 0.4335409 0.6680459 0.4335409 0.6720981 0.3937953 0.759635 0.4335409 0.6720981 0.3937953 0.7668206 0.3937953 0.7668206 0.3937953 0.6720981 0.3937953 0.7520577 0.3530706 0.7668206 0.3937953 0.7520577 0.3530706 0.8368982 0.3530706 0.7668206 0.3937953 0.8368982 0.3530706 0.8232503 0.3937953 0.7668206 0.3937953 0.8232503 0.3937953 0.8317314 0.4335409 0.7668206 0.3937953 0.8317314 0.4335409 0.759635 0.4335409 0.759635 0.4335409 0.8317314 0.4335409 0.7611414 0.4896101 0.7611414 0.4896101 0.8317314 0.4335409 0.8267753 0.4896101 0.8648871 0.35714 0.9410055 0.4552648 0.9410055 0.35714 0.9410055 0.35714 0.9410055 0.4552648 0.9539756 0.4512872 0.9539756 0.4512872 0.9410055 0.4552648 0.9539756 0.5181112 0.9410055 0.4552648 0.8648871 0.35714 0.8648871 0.445795 0.8648871 0.445795 0.8648871 0.35714 0.8531221 0.4410524 0.8648871 0.445795 0.8531221 0.4410524 0.8648871 0.5256993 0.8648871 0.5256993 0.8531221 0.4410524 0.8531221 0.5200542 0.8648871 0.5256993 0.8531221 0.5200542 0.8531221 0.5802692 0.8648871 0.5256993 0.8531221 0.5802692 0.8952712 0.5684741 0.8648871 0.5256993 0.8952712 0.5684741 0.9410055 0.541824 0.9410055 0.541824 0.8952712 0.5684741 0.9677893 0.6289798 0.9410055 0.4552648 0.8648871 0.445795 0.9410055 0.541824 0.9410055 0.541824 0.8648871 0.445795 0.8648871 0.5256993 0.9539756 0.5181112 0.9410055 0.541824 0.9605134 0.5576427 0.9605134 0.5576427 0.9410055 0.541824 0.9677893 0.6289798 0.9605134 0.5576427 0.9677893 0.6289798 0.9752309 0.6169857 0.9539756 0.5181112 0.9410055 0.4552648 0.9410055 0.541824 0.8648871 0.35714 0.9410055 0.35714 0.9410055 0.4552648 0.9410055 0.4552648 0.9410055 0.35714 0.9539756 0.4512872 0.9410055 0.4552648 0.9539756 0.4512872 0.9539756 0.5181112 0.8648871 0.445795 0.8648871 0.35714 0.9410055 0.4552648 0.8648871 0.445795 0.9410055 0.4552648 0.9410055 0.541824 0.8648871 0.445795 0.9410055 0.541824 0.8648871 0.5256993 0.8648871 0.445795 0.8648871 0.5256993 0.8531221 0.4410524 0.8531221 0.4410524 0.8648871 0.5256993 0.8531221 0.5200542 0.8531221 0.5200542 0.8648871 0.5256993 0.8531221 0.5802692 0.8531221 0.5802692 0.8648871 0.5256993 0.8953616 0.5686118 0.8531221 0.5802692 0.8953616 0.5686118 0.8992782 0.6386331 0.8992782 0.6386331 0.8953616 0.5686118 0.9677893 0.6289798 0.9677893 0.6289798 0.8953616 0.5686118 0.9410055 0.541824 0.9410055 0.541824 0.8953616 0.5686118 0.8648871 0.5256993 0.8648871 0.35714 0.8648871 0.445795 0.8531221 0.4410524 0.9410055 0.541824 0.9605134 0.5576427 0.9677893 0.6289798 0.9605134 0.5576427 0.9410055 0.541824 0.9539756 0.5181112 0.9605134 0.5576427 0.9796447 0.6169857 0.9677893 0.6289798 0.9539756 0.5181112 0.9410055 0.541824 0.9410055 0.4552648 0.3576824 0.1120879 0.332646 0.1167691 0.3383854 0.104775 0.2906325 0.1581364 0.332646 0.1167691 0.3194499 0.144123 0.3194499 0.144123 0.332646 0.1167691 0.3484783 0.1317312 0.2906325 0.1581364 0.3194499 0.144123 0.2929373 0.1743376 0.2929373 0.1743376 0.3194499 0.144123 0.3236227 0.1739552 0.3236227 0.1739552 0.3194499 0.144123 0.3484783 0.1317312 0.332646 0.1167691 0.3576824 0.1120879 0.3484783 0.1317312 0.3484783 0.1317312 0.3576824 0.1120879 0.3813931 0.1147345 0.3383854 0.104775 0.3475593 0.08627933 0.3576824 0.1120879 0.3576824 0.1120879 0.3475593 0.08627933 0.3819655 0.09761554 0.3576824 0.1120879 0.3819655 0.09761554 0.3813931 0.1147345 0.3813931 0.1147345 0.3819655 0.09761554 0.4036878 0.1057236 0.3484783 0.1317312 0.3813931 0.1147345 0.4189627 0.1236075 0.4189627 0.1236075 0.3813931 0.1147345 0.4036878 0.1057236 0.4189627 0.1236075 0.4036878 0.1057236 0.4270973 0.1160501 0.4505519 0.1604619 0.4189627 0.1236075 0.4270973 0.1160501 0.43597 0.1649596 0.4189627 0.1236075 0.4364821 0.1658775 0.4130125 0.1317312 0.4189627 0.1236075 0.43597 0.1649596 0.4130125 0.1317312 0.43597 0.1649596 0.4298992 0.1981269 0.4130125 0.1317312 0.4298992 0.1981269 0.4229697 0.1924816 0.4130125 0.1317312 0.4229697 0.1924816 0.3484783 0.1317312 0.4130125 0.1317312 0.3484783 0.1317312 0.4189627 0.1236075 0.4364821 0.1658775 0.4189627 0.1236075 0.4505519 0.1604619 0.3334143 0.1924816 0.3236227 0.1739552 0.3484783 0.1317312 0.3334143 0.1924816 0.3484783 0.1317312 0.4229697 0.1924816 0.3334143 0.1924816 0.4229697 0.1924816 0.3402383 0.2260008 0.3402383 0.2260008 0.4229697 0.1924816 0.4160855 0.2260008 0.4229697 0.1924816 0.4298992 0.1981269 0.4160855 0.2260008 0.4160855 0.2260008 0.4298992 0.1981269 0.4379734 0.2370923 0.3705018 0.2654711 0.4160855 0.2260008 0.4379734 0.2370923 0.4160855 0.2260008 0.3705018 0.2654711 0.3574263 0.2330535 0.4160855 0.2260008 0.3574263 0.2330535 0.3402383 0.2260008 0.3412927 0.2400143 0.3402383 0.2260008 0.3574263 0.2330535 0.3412927 0.2400143 0.3574263 0.2330535 0.3475593 0.2638189 0.3412927 0.2400143 0.3475593 0.2638189 0.3321639 0.2591682 0.3412927 0.2400143 0.3321639 0.2591682 0.3290607 0.2201874 0.3402383 0.2260008 0.3412927 0.2400143 0.3290607 0.2201874 0.3402383 0.2260008 0.3290607 0.2201874 0.3334143 0.1924816 0.3334143 0.1924816 0.3290607 0.2201874 0.3236227 0.1739552 0.5220758 0.1045916 0.5504564 0.06044006 0.5279658 0.08458113 0.5132483 0.05936914 0.5279658 0.08458113 0.5504564 0.06044006 0.5132483 0.05936914 0.5504564 0.06044006 0.5180537 0.02571237 0.5180537 0.02571237 0.5504564 0.06044006 0.529201 0.006696224 0.5180537 0.02571237 0.529201 0.006696224 0.4743982 0.02682918 0.5180537 0.02571237 0.4743982 0.02682918 0.5038936 0.05326503 0.5180537 0.02571237 0.5038936 0.05326503 0.5132483 0.05936914 0.5504564 0.06044006 0.5512849 0.1028934 0.5765171 0.0780946 0.5504564 0.06044006 0.5765171 0.0780946 0.5706722 0.04742097 0.5504564 0.06044006 0.5706722 0.04742097 0.529201 0.006696224 0.5702505 0.109793 0.5765171 0.0780946 0.5512849 0.1028934 0.5702505 0.109793 0.5512849 0.1028934 0.5600069 0.1390898 0.5600069 0.1390898 0.5512849 0.1028934 0.5416892 0.1417517 0.5600069 0.1390898 0.5416892 0.1417517 0.5595701 0.1746742 0.5595701 0.1746742 0.5416892 0.1417517 0.5395802 0.1759592 0.5504564 0.06044006 0.5220758 0.1045916 0.5512849 0.1028934 0.5512849 0.1028934 0.5220758 0.1045916 0.5130675 0.1496917 0.5512849 0.1028934 0.5130675 0.1496917 0.5416892 0.1417517 0.5416892 0.1417517 0.5130675 0.1496917 0.5395802 0.1759592 0.5395802 0.1759592 0.5130675 0.1496917 0.4998413 0.1951283 0.529201 0.006696224 0.4766729 -0.002589941 0.4743982 0.02682918 0.4743982 0.02682918 0.4766729 -0.002589941 0.4361055 0.001877248 0.4743982 0.02682918 0.4361055 0.001877248 0.4320383 0.0267986 0.469879 0.05634003 0.5038936 0.05326503 0.4743982 0.02682918 0.469879 0.05634003 0.4743982 0.02682918 0.4293418 0.05369335 0.4293418 0.05369335 0.4743982 0.02682918 0.4320383 0.0267986 0.3910793 0.0624901 0.4293418 0.05369335 0.39245 0.03320866 0.39245 0.03320866 0.4293418 0.05369335 0.4320383 0.0267986 0.39245 0.03320866 0.4320383 0.0267986 0.3914558 0.008333206 0.3914558 0.008333206 0.4320383 0.0267986 0.4361055 0.001877248 0.7914351 0.3432183 0.7282718 0.2294276 0.8042094 0.3322187 0.8042094 0.3322187 0.7282718 0.2294276 0.7583546 0.1950212 0.7583546 0.1950212 0.7282718 0.2294276 0.7041242 0.209662 0.7583546 0.1950212 0.7041242 0.209662 0.701955 0.1911507 0.701955 0.1911507 0.7041242 0.209662 0.6435217 0.1996108 0.701955 0.1911507 0.6435217 0.1996108 0.6988216 0.1749649 0.6988216 0.1749649 0.6435217 0.1996108 0.6938053 0.142899 0.6988216 0.1749649 0.6938053 0.142899 0.7458214 0.1383402 0.6988216 0.1749649 0.7458214 0.1383402 0.7583546 0.1950212 0.7583546 0.1950212 0.7458214 0.1383402 0.8117414 0.1543883 0.7583546 0.1950212 0.8117414 0.1543883 0.8344278 0.2465009 0.7583546 0.1950212 0.8344278 0.2465009 0.8042094 0.3322187 0.8042094 0.3322187 0.8344278 0.2465009 0.8451081 0.2971391 0.7282718 0.2294276 0.6721885 0.2309576 0.7041242 0.209662 0.7041242 0.209662 0.6721885 0.2309576 0.6435217 0.1996108 0.701955 0.1911507 0.6988216 0.1749649 0.7583546 0.1950212 0.7908174 0.08002215 0.8117414 0.1543883 0.7458214 0.1383402 0.7908174 0.08002215 0.7458214 0.1383402 0.7228488 0.05262249 0.7228488 0.05262249 0.7458214 0.1383402 0.6803081 0.03437131 0.6803081 0.03437131 0.7458214 0.1383402 0.6887137 0.1136789 0.6803081 0.03437131 0.6887137 0.1136789 0.6317417 0.06937438 0.6317417 0.06937438 0.6887137 0.1136789 0.6385958 0.1413233 0.6317417 0.06937438 0.6385958 0.1413233 0.5881917 0.08664643 0.5881917 0.08664643 0.6385958 0.1413233 0.6435217 0.1996108 0.5881917 0.08664643 0.6435217 0.1996108 0.5994595 0.3173026 0.5994595 0.3173026 0.6435217 0.1996108 0.6721885 0.2309576 0.5994595 0.3173026 0.6721885 0.2309576 0.6318923 0.3618978 0.6938053 0.142899 0.6435217 0.1996108 0.6385958 0.1413233 0.6938053 0.142899 0.6385958 0.1413233 0.6916964 0.1279984 0.6916964 0.1279984 0.6385958 0.1413233 0.6887137 0.1136789 0.6916964 0.1279984 0.6887137 0.1136789 0.7458214 0.1383402 0.6916964 0.1279984 0.7458214 0.1383402 0.6938053 0.142899 0.7927156 0.7478647 0.7927156 0.6786236 0.7618645 0.6786236 0.7927156 0.7478647 0.7618645 0.6786236 0.7618645 0.7478647 0.7618645 0.7478647 0.7618645 0.6786236 0.7195045 0.6786236 0.7618645 0.7478647 0.7195045 0.6786236 0.7195045 0.7478647 0.7195045 0.7478647 0.7195045 0.6786236 0.6815282 0.6786236 0.7195045 0.7478647 0.6815282 0.6786236 0.6815282 0.7478647 0.6815282 0.7478647 0.6815282 0.6786236 0.6325551 0.6786236 0.6815282 0.7478647 0.6325551 0.6786236 0.6325551 0.7478647 0.6325551 0.7478647 0.6325551 0.6786236 0.595558 0.6786236 0.6325551 0.7478647 0.595558 0.6786236 0.595558 0.7478647 0.6325551 0.7478647 0.595558 0.7478647 0.595558 0.8497684 0.6325551 0.7478647 0.595558 0.8497684 0.6325551 0.821313 0.6325551 0.821313 0.595558 0.8497684 0.6325551 0.876908 0.6325551 0.821313 0.6325551 0.876908 0.6691155 0.8242504 0.6691155 0.8242504 0.6325551 0.876908 0.6597155 0.8820788 0.6691155 0.8242504 0.6597155 0.8820788 0.6822211 0.8225063 0.6822211 0.8225063 0.6597155 0.8820788 0.6827333 0.8790344 0.6822211 0.8225063 0.6827333 0.8790344 0.7186007 0.8346228 0.7186007 0.8346228 0.6827333 0.8790344 0.719821 0.8656788 0.7186007 0.8346228 0.719821 0.8656788 0.7673929 0.8346228 0.7186007 0.8346228 0.7195045 0.7478647 0.6815282 0.7478647 0.7186007 0.8346228 0.6815282 0.7478647 0.6822211 0.8225063 0.6822211 0.8225063 0.6815282 0.7478647 0.6691155 0.8242504 0.6691155 0.8242504 0.6815282 0.7478647 0.6325551 0.821313 0.6325551 0.821313 0.6815282 0.7478647 0.6325551 0.7478647 0.7673929 0.8346228 0.7927156 0.8346228 0.7618645 0.7478647 0.7618645 0.7478647 0.7927156 0.8346228 0.7927156 0.7478647 0.7927156 0.7478647 0.7927156 0.8346228 0.8329665 0.8346228 0.7927156 0.7478647 0.8329665 0.8346228 0.8329665 0.7478647 0.7927156 0.7478647 0.8329665 0.7478647 0.7927156 0.6786236 0.7927156 0.6786236 0.8329665 0.7478647 0.8329665 0.6786236 0.4998413 0.1951283 0.5130675 0.1496917 0.5395802 0.1759592 0.5395802 0.1759592 0.5130675 0.1496917 0.5416892 0.1417517 0.5416892 0.1417517 0.5130675 0.1496917 0.5512849 0.1028934 0.5512849 0.1028934 0.5130675 0.1496917 0.5220758 0.1045916 0.5512849 0.1028934 0.5220758 0.1045916 0.5504564 0.06044006 0.5595701 0.1746742 0.5395802 0.1759592 0.5416892 0.1417517 0.5595701 0.1746742 0.5416892 0.1417517 0.5600069 0.1390898 0.5600069 0.1390898 0.5416892 0.1417517 0.5512849 0.1028934 0.5600069 0.1390898 0.5512849 0.1028934 0.5702505 0.109793 0.5702505 0.109793 0.5512849 0.1028934 0.5765171 0.0780946 0.5512849 0.1028934 0.5504564 0.06044006 0.5765171 0.0780946 0.5765171 0.0780946 0.5504564 0.06044006 0.5706722 0.04742097 0.5706722 0.04742097 0.5504564 0.06044006 0.529201 0.006696224 0.529201 0.006696224 0.5504564 0.06044006 0.5180537 0.02571237 0.529201 0.006696224 0.5180537 0.02571237 0.4743982 0.02682918 0.4743982 0.02682918 0.5180537 0.02571237 0.5038936 0.05326503 0.4743982 0.02682918 0.5038936 0.05326503 0.469879 0.05634003 0.4743982 0.02682918 0.469879 0.05634003 0.4293418 0.05369335 0.5132483 0.05936914 0.5038936 0.05326503 0.5180537 0.02571237 0.5132483 0.05936914 0.5180537 0.02571237 0.5504564 0.06044006 0.5132483 0.05936914 0.5504564 0.06044006 0.5279658 0.08458113 0.4766729 -0.002589941 0.529201 0.006696224 0.4743982 0.02682918 0.4766729 -0.002589941 0.4743982 0.02682918 0.4361055 0.001877248 0.4361055 0.001877248 0.4743982 0.02682918 0.4320383 0.0267986 0.4320383 0.0267986 0.4743982 0.02682918 0.4293418 0.05369335 0.5504564 0.06044006 0.5220758 0.1045916 0.5279658 0.08458113 0.3914558 0.008333206 0.4361055 0.001877248 0.4320383 0.0267986 0.3914558 0.008333206 0.4320383 0.0267986 0.39245 0.03320866 0.39245 0.03320866 0.4320383 0.0267986 0.4293418 0.05369335 0.39245 0.03320866 0.4293418 0.05369335 0.3910793 0.0624901 0.347936 0.6895467 0.3320435 0.672397 0.3398616 0.7090829 0.347936 0.6895467 0.3398616 0.7090829 0.3901754 0.7090829 0.3230653 0.7186139 0.3398616 0.7090829 0.3164371 0.6825094 0.3230653 0.7186139 0.3164371 0.6825094 0.2939918 0.6926829 0.2939918 0.6926829 0.3164371 0.6825094 0.314524 0.6273428 0.2939918 0.6926829 0.314524 0.6273428 0.2939918 0.6274346 0.2939918 0.6274346 0.314524 0.6273428 0.3487645 0.5866181 0.2939918 0.6274346 0.3487645 0.5866181 0.3435222 0.5414415 0.3435222 0.5414415 0.3487645 0.5866181 0.3992891 0.5803458 0.3435222 0.5414415 0.3992891 0.5803458 0.4154076 0.5414415 0.4154076 0.5414415 0.3992891 0.5803458 0.4326107 0.6245279 0.4154076 0.5414415 0.4326107 0.6245279 0.4766427 0.62566 0.4766427 0.62566 0.4326107 0.6245279 0.4254402 0.680031 0.4766427 0.62566 0.4254402 0.680031 0.4479458 0.6800616 0.4479458 0.6800616 0.4254402 0.680031 0.3901754 0.7090829 0.3894071 0.6106674 0.4010667 0.6374705 0.3992891 0.5803458 0.3992891 0.5803458 0.4010667 0.6374705 0.4326107 0.6245279 0.4326107 0.6245279 0.4010667 0.6374705 0.4010667 0.6755027 0.4326107 0.6245279 0.4010667 0.6755027 0.4254402 0.680031 0.4254402 0.680031 0.4010667 0.6755027 0.3787871 0.6895467 0.4254402 0.680031 0.3787871 0.6895467 0.3901754 0.7090829 0.3787871 0.6895467 0.347936 0.6895467 0.3901754 0.7090829 0.4479458 0.6800616 0.3901754 0.7090829 0.3916969 0.7186139 0.3916969 0.7186139 0.3901754 0.7090829 0.3398616 0.7090829 0.3916969 0.7186139 0.3398616 0.7090829 0.3230653 0.7186139 0.3164371 0.6825094 0.3398616 0.7090829 0.3320435 0.672397 0.3164371 0.6825094 0.3320435 0.672397 0.3320435 0.6323913 0.314524 0.6273428 0.3164371 0.6825094 0.3320435 0.6323913 0.3487645 0.5866181 0.314524 0.6273428 0.3559952 0.6106674 0.3559952 0.6106674 0.314524 0.6273428 0.3320435 0.6323913 0.3894071 0.6106674 0.3992891 0.5803458 0.3487645 0.5866181 0.3559952 0.6106674 0.3894071 0.6106674 0.3487645 0.5866181 0.8332829 0.3789709 0.8351809 0.3956923 0.7641692 0.3789709 0.7641692 0.3789709 0.8351809 0.3956923 0.7622712 0.3956923 0.1787221 0.9839059 0.1557193 0.9918153 0.183889 0.9232472 0.183889 0.9232472 0.1557193 0.9918153 0.1271279 0.9232472 0.183889 0.9232472 0.1271279 0.9232472 0.135639 0.8677135 0.183889 0.9232472 0.135639 0.8677135 0.1768993 0.8677135 0.1354281 0.9826208 0.1271279 0.9232472 0.1557193 0.9918153 0.4479458 0.6800616 0.3916969 0.7186139 0.3901754 0.7090829 0.3901754 0.7090829 0.3916969 0.7186139 0.3398616 0.7090829 0.3398616 0.7090829 0.3916969 0.7186139 0.3230653 0.7186139 0.3398616 0.7090829 0.3230653 0.7186139 0.314524 0.6836721 0.314524 0.6836721 0.3230653 0.7186139 0.2939918 0.6926829 0.314524 0.6836721 0.2939918 0.6926829 0.314524 0.6273428 0.314524 0.6273428 0.2939918 0.6926829 0.2939918 0.6274346 0.314524 0.6273428 0.2939918 0.6274346 0.3490055 0.5882703 0.3490055 0.5882703 0.2939918 0.6274346 0.3435222 0.5414415 0.3490055 0.5882703 0.3435222 0.5414415 0.3992891 0.5803458 0.3992891 0.5803458 0.3435222 0.5414415 0.4154076 0.5414415 0.3992891 0.5803458 0.4154076 0.5414415 0.4284831 0.6240536 0.4284831 0.6240536 0.4154076 0.5414415 0.4766427 0.62566 0.4284831 0.6240536 0.4766427 0.62566 0.4254402 0.680031 0.4254402 0.680031 0.4766427 0.62566 0.4479458 0.6800616 0.4254402 0.680031 0.4479458 0.6800616 0.3901754 0.7090829 0.4254402 0.680031 0.3901754 0.7090829 0.3787871 0.6895467 0.3787871 0.6895467 0.3901754 0.7090829 0.347936 0.6895467 0.3787871 0.6895467 0.4010667 0.6755027 0.4254402 0.680031 0.4254402 0.680031 0.4010667 0.6755027 0.4284831 0.6240536 0.4010667 0.6755027 0.4010667 0.6374705 0.4284831 0.6240536 0.4284831 0.6240536 0.4010667 0.6374705 0.3992891 0.5803458 0.3992891 0.5803458 0.4010667 0.6374705 0.3894071 0.6106674 0.3992891 0.5803458 0.3894071 0.6106674 0.3490055 0.5882703 0.314524 0.6273428 0.3490055 0.5882703 0.3559952 0.6106674 0.314524 0.6273428 0.3559952 0.6106674 0.3320435 0.6323913 0.314524 0.6836721 0.314524 0.6273428 0.3320435 0.6323913 0.3901754 0.7090829 0.3398616 0.7090829 0.347936 0.6895467 0.347936 0.6895467 0.3398616 0.7090829 0.3320435 0.672397 0.3320435 0.672397 0.3398616 0.7090829 0.314524 0.6836721 0.3320435 0.672397 0.314524 0.6836721 0.3320435 0.6323913 0.3559952 0.6106674 0.3490055 0.5882703 0.3894071 0.6106674 0.1430053 0.5512632 0.149046 0.551355 0.1266609 0.5731401 0.1266609 0.5731401 0.149046 0.551355 0.1646372 0.5729718 0.1266609 0.5731401 0.1646372 0.5729718 0.1168844 0.6012129 0.1168844 0.6012129 0.1646372 0.5729718 0.1764926 0.6005245 0.1168844 0.6012129 0.1764926 0.6005245 0.1147754 0.6215447 0.1147754 0.6215447 0.1764926 0.6005245 0.1793246 0.6196476 0.1793246 0.6196476 0.1764926 0.6005245 0.2090308 0.6068122 0.1793246 0.6196476 0.2090308 0.6068122 0.2054004 0.6205655 0.2054004 0.6205655 0.2090308 0.6068122 0.2553225 0.6263484 0.2054004 0.6205655 0.2553225 0.6263484 0.2502911 0.6351757 0.1764926 0.6005245 0.1646372 0.5729718 0.1838137 0.59312 0.1764926 0.6005245 0.1838137 0.59312 0.2090308 0.6068122 0.2528671 0.09691172 0.281805 0.1020215 0.2822268 0.09619271 0.2528671 0.09691172 0.2822268 0.09619271 0.2657016 0.07552438 0.2657016 0.07552438 0.2822268 0.09619271 0.3042805 0.09299534 0.2657016 0.07552438 0.224833 0.07344377 0.2528671 0.09691172 0.2528671 0.09691172 0.224833 0.07344377 0.2240948 0.09816628 0.2528671 0.09691172 0.2240948 0.09816628 0.2524001 0.1195995 0.2524001 0.1195995 0.2240948 0.09816628 0.2232211 0.124189 0.2232211 0.124189 0.2240948 0.09816628 0.1935601 0.1021592 0.1935601 0.1021592 0.2240948 0.09816628 0.1949912 0.08012926 0.1949912 0.08012926 0.2240948 0.09816628 0.224833 0.07344377 0.281805 0.1020215 0.2528671 0.09691172 0.2524001 0.1195995 0.184597 0.1144133 0.1949912 0.08012926 0.1768692 0.1184368 0.184597 0.1144133 0.1768692 0.1184368 0.1841602 0.1434652 0.1934245 0.1475346 0.1935601 0.1021592 0.184597 0.1144133 0.1934245 0.1475346 0.184597 0.1144133 0.1841602 0.1434652 0.1935601 0.1021592 0.1949912 0.08012926 0.184597 0.1144133 0.179641 0.1467084 0.1841602 0.1434652 0.1768692 0.1184368 0.1956691 0.1052036 0.2232211 0.124189 0.1935601 0.1021592 0.1935601 0.1021592 0.1934245 0.1475346 0.1956691 0.1052036 0.1956691 0.1052036 0.1934245 0.1475346 0.2087296 0.1461271 0.2087296 0.1461271 0.1934245 0.1475346 0.1919783 0.1712931 0.2087296 0.1461271 0.1919783 0.1712931 0.2046322 0.176097 0.1807557 0.1627106 0.1919783 0.1712931 0.1934245 0.1475346 0.1807557 0.1627106 0.1934245 0.1475346 0.1841602 0.1434652 0.1807557 0.1627106 0.1841602 0.1434652 0.179641 0.1467084 0.1807557 0.1627106 0.179641 0.1467084 0.1720035 0.1646842 0.281805 0.1020215 0.3162865 0.1286103 0.2822268 0.09619271 0.3234871 0.1181461 0.2822268 0.09619271 0.3162865 0.1286103 0.3310492 0.4888604 0.3188022 0.507341 0.3493821 0.5192127 0.3310492 0.4888604 0.3493821 0.5192127 0.3495026 0.5035317 0.3495026 0.5035317 0.3493821 0.5192127 0.3871927 0.5155717 0.3495026 0.5035317 0.3871927 0.5155717 0.3787418 0.5030575 0.3787418 0.5030575 0.3871927 0.5155717 0.411973 0.4969534 0.3787418 0.5030575 0.411973 0.4969534 0.399726 0.4892276 0.399726 0.4892276 0.411973 0.4969534 0.4026032 0.4478909 0.4026032 0.4478909 0.411973 0.4969534 0.4407753 0.4623175 0.3188022 0.507341 0.3310492 0.4888604 0.2986918 0.4623022 0.3310492 0.4888604 0.3495026 0.5035317 0.3520936 0.4459481 0.3310492 0.4888604 0.3520936 0.4459481 0.3209564 0.4444181 0.3209564 0.4444181 0.3520936 0.4459481 0.3491562 0.4268096 0.3209564 0.4444181 0.3491562 0.4268096 0.3209564 0.3853505 0.3209564 0.3853505 0.3491562 0.4268096 0.3670974 0.3570176 0.3670974 0.3570176 0.3491562 0.4268096 0.3793143 0.4279111 0.3793143 0.4279111 0.3491562 0.4268096 0.3748704 0.4451984 0.3748704 0.4451984 0.3491562 0.4268096 0.3520936 0.4459481 0.3748704 0.4451984 0.3520936 0.4459481 0.3787418 0.5030575 0.3787418 0.5030575 0.3520936 0.4459481 0.3495026 0.5035317 0.3310492 0.4888604 0.3209564 0.4444181 0.2986918 0.4623022 0.2986918 0.4623022 0.3209564 0.4444181 0.2986918 0.3998688 0.2986918 0.3998688 0.3209564 0.4444181 0.3209564 0.3853505 0.3787418 0.5030575 0.399726 0.4892276 0.3748704 0.4451984 0.3748704 0.4451984 0.399726 0.4892276 0.4026032 0.4478909 0.3748704 0.4451984 0.4026032 0.4478909 0.3793143 0.4279111 0.3793143 0.4279111 0.4026032 0.4478909 0.4087041 0.4227554 0.3793143 0.4279111 0.4087041 0.4227554 0.4122141 0.3809751 0.3793143 0.4279111 0.4122141 0.3809751 0.3670974 0.3570176 0.4407753 0.434107 0.4407753 0.395524 0.4122141 0.3809751 0.4407753 0.434107 0.4122141 0.3809751 0.4087041 0.4227554 0.4407753 0.434107 0.4087041 0.4227554 0.4407753 0.4623175 0.4407753 0.4623175 0.4087041 0.4227554 0.4026032 0.4478909 0.4407753 0.4623175 0.4693066 0.4520673 0.4407753 0.434107 0.4407753 0.434107 0.4693066 0.4520673 0.497913 0.4138211 0.4407753 0.434107 0.497913 0.4138211 0.4407753 0.395524 0.497913 0.4138211 0.4693066 0.4520673 0.497913 0.473516 0.497913 0.4138211 0.497913 0.473516 0.5310389 0.4412055 0.5310389 0.4412055 0.497913 0.473516 0.5310389 0.4972746 0.933835 0.3304899 0.9648669 0.3318209 0.933835 0.3042529 0.933835 0.3042529 0.9648669 0.3318209 0.9648669 0.306716 0.933835 0.3042529 0.9648669 0.306716 0.933835 0.2525591 0.933835 0.3042529 0.933835 0.2525591 0.9102448 0.2525591 0.9102448 0.2525591 0.933835 0.2525591 0.933835 0.2432422 0.8823915 0.3515407 0.933835 0.3515407 0.8823915 0.3304899 0.8823915 0.3304899 0.933835 0.3515407 0.933835 0.3304899 0.8823915 0.3304899 0.933835 0.3304899 0.9054846 0.3042529 0.9054846 0.3042529 0.933835 0.3304899 0.933835 0.3042529 0.9054846 0.3042529 0.933835 0.3042529 0.9102448 0.2525591 0.9054846 0.3042529 0.9102448 0.2525591 0.8823915 0.3042529 0.8823915 0.3042529 0.9102448 0.2525591 0.8823915 0.2525591 0.8823915 0.3042529 0.8823915 0.2525591 0.8579878 0.3304899 0.8823915 0.3304899 0.9054846 0.3042529 0.8823915 0.3042529 0.9102448 0.2525591 0.8823915 0.238056 0.8823915 0.2525591 0.9095218 0.2250217 0.9102448 0.2525591 0.933835 0.2432422 0.8787912 0.2138844 0.9095218 0.2250217 0.8868504 0.1976678 0.8868504 0.1976678 0.9095218 0.2250217 0.927689 0.1976678 0.927689 0.1976678 0.9095218 0.2250217 0.9382789 0.2112531 0.9102448 0.2525591 0.9095218 0.2250217 0.8823915 0.238056 0.8579878 0.238056 0.8579878 0.2953644 0.8823915 0.238056 0.8823915 0.238056 0.8579878 0.2953644 0.8823915 0.2525591 0.8823915 0.2525591 0.8579878 0.2953644 0.8579878 0.3304899 0.8823915 0.3304899 0.8823915 0.3042529 0.8579878 0.3304899 0.9648669 0.306716 0.9648669 0.2432422 0.933835 0.2432422 0.9648669 0.306716 0.933835 0.2432422 0.933835 0.2525591 0.08076089 0.7775134 0.08198112 0.7525155 0.06602835 0.7754021 0.08076089 0.7775134 0.06602835 0.7754021 0.06453698 0.7968813 0.06453698 0.7968813 0.06602835 0.7754021 0.03930473 0.7921845 0.06453698 0.7968813 0.03930473 0.7921845 0.03573465 0.8161268 0.03573465 0.8161268 0.03930473 0.7921845 0.01420813 0.7873809 0.01420813 0.7873809 0.03930473 0.7921845 0.0386871 0.7706137 0.01420813 0.7873809 0.0386871 0.7706137 0.01036679 0.7578088 0.01036679 0.7578088 0.0386871 0.7706137 0.02335196 0.7272729 0.02335196 0.7272729 0.0386871 0.7706137 0.05075341 0.7386091 0.02335196 0.7272729 0.05075341 0.7386091 0.06188571 0.7171606 0.06602835 0.7754021 0.08198112 0.7525155 0.0705626 0.7490274 0.06602835 0.7754021 0.0705626 0.7490274 0.05075341 0.7386091 0.05075341 0.7386091 0.0705626 0.7490274 0.06188571 0.7171606 0.06453698 0.7968813 0.03573465 0.8161268 0.05584508 0.836275 0.05584508 0.836275 0.03573465 0.8161268 0.02515965 0.8434041 0.05584508 0.836275 0.02515965 0.8434041 0.04141378 0.8750568 0.04141378 0.8750568 0.02515965 0.8434041 0.02475297 0.8883054 0.04141378 0.8750568 0.02475297 0.8883054 0.06798666 0.9022271 0.04141378 0.8750568 0.06798666 0.9022271 0.08577722 0.8590852 0.0386871 0.7706137 0.03930473 0.7921845 0.06602835 0.7754021 0.0386871 0.7706137 0.06602835 0.7754021 0.05075341 0.7386091 0.07520228 0.7384713 0.0705626 0.7490274 0.08198112 0.7525155 0.05584508 0.836275 0.04141378 0.8750568 0.06794148 0.852935 0.08577722 0.8590852 0.06794148 0.852935 0.04141378 0.8750568 0.06798666 0.9022271 0.09904861 0.8888561 0.08577722 0.8590852 0.08577722 0.8590852 0.09904861 0.8888561 0.1230908 0.8621602 0.07381635 0.8426392 0.08943778 0.8068559 0.05584508 0.836275 0.05584508 0.836275 0.08943778 0.8068559 0.06453698 0.7968813 0.06453698 0.7968813 0.08943778 0.8068559 0.08017343 0.7943264 0.06453698 0.7968813 0.08017343 0.7943264 0.08076089 0.7775134 0.09144127 0.8449493 0.08577722 0.8590852 0.1230908 0.8621602 0.09144127 0.8449493 0.1230908 0.8621602 0.1236632 0.85165 0.4494221 0.4940925 0.4270973 0.4940925 0.4270973 0.527321 0.4494221 0.4940925 0.4270973 0.527321 0.4494221 0.5171321 0.4494221 0.5171321 0.4270973 0.527321 0.4862987 0.5557915 0.4494221 0.5171321 0.4862987 0.5557915 0.489899 0.5409367 0.489899 0.5409367 0.4862987 0.5557915 0.5132332 0.571702 0.489899 0.5409367 0.5132332 0.571702 0.5389324 0.5586983 0.5389324 0.5586983 0.5132332 0.571702 0.5427737 0.5901062 0.5427737 0.5901062 0.5132332 0.571702 0.5370042 0.6046857 0.04251343 0.1457294 0.02561157 0.1608902 0.05351006 0.09183263 0.05351006 0.09183263 0.02561157 0.1608902 0.03252595 0.09094536 0.03252595 0.09094536 0.02561157 0.1608902 0.01155692 0.1620069 0.03252595 0.09094536 0.01155692 0.1620069 0.01155692 0.09004276 0.03252595 0.09094536 0.01155692 0.09004276 0.01155692 0.08037406 0.03252595 0.09094536 0.01155692 0.08037406 0.05351006 0.09183263 0.05277198 0.08121544 0.05351006 0.09183263 0.01155692 0.08037406 0.05277198 0.08121544 0.01155692 0.08037406 0.01155692 0.04795646 0.05277198 0.08121544 0.01155692 0.04795646 0.05030143 0.04567694 0.05030143 0.04567694 0.01155692 0.04795646 0.01155692 0.009541809 0.05030143 0.04567694 0.01155692 0.009541809 0.04561656 0.009541809 0.05030143 0.04567694 0.04561656 0.009541809 0.1216295 0.009541809 0.05030143 0.04567694 0.1216295 0.009541809 0.1257119 0.03769111 0.05030143 0.04567694 0.1257119 0.03769111 0.108554 0.08528482 0.108554 0.08528482 0.1257119 0.03769111 0.141273 0.09372967 0.108554 0.08528482 0.141273 0.09372967 0.1360307 0.1042243 0.108554 0.08528482 0.1360307 0.1042243 0.1034322 0.09949719 0.1034322 0.09949719 0.1360307 0.1042243 0.1353378 0.2226198 0.1034322 0.09949719 0.1353378 0.2226198 0.0901156 0.2310953 0.1034322 0.09949719 0.0901156 0.2310953 0.03934991 0.1570808 0.03934991 0.1570808 0.0901156 0.2310953 0.04103714 0.2250064 0.03934991 0.1570808 0.04103714 0.2250064 0.027359 0.2246698 0.03934991 0.1570808 0.027359 0.2246698 0.02827793 0.1775655 0.05277198 0.08121544 0.05030143 0.04567694 0.108554 0.08528482 0.05277198 0.08121544 0.108554 0.08528482 0.1034322 0.09949719 0.05277198 0.08121544 0.1034322 0.09949719 0.05351006 0.09183263 0.05351006 0.09183263 0.1034322 0.09949719 0.03934991 0.1570808 0.1257119 0.03769111 0.1588526 0.05858892 0.141273 0.09372967 0.03934991 0.1570808 0.02827793 0.1775655 0.02561157 0.1608902 0.01155692 0.1620069 0.02561157 0.1608902 0.01155692 0.1792485 0.01155692 0.1792485 0.02561157 0.1608902 0.02827793 0.1775655 0.01155692 0.1792485 0.02827793 0.1775655 0.027359 0.2246698 0.01155692 0.1792485 0.027359 0.2246698 0.01337963 0.2236753 0.3311998 0.9165312 0.3607554 0.9231401 0.3716316 0.864914 0.3311998 0.9165312 0.3716316 0.864914 0.3408408 0.8604773 0.3311998 0.9165312 0.3408408 0.8604773 0.265084 0.915705 0.265084 0.915705 0.3408408 0.8604773 0.2910844 0.8421496 0.2910844 0.8421496 0.3408408 0.8604773 0.3183201 0.826025 0.2910844 0.8421496 0.3183201 0.826025 0.2999571 0.775142 0.2910844 0.8421496 0.2999571 0.775142 0.2788826 0.8014708 0.3183201 0.826025 0.3408408 0.8604773 0.3664496 0.8452858 0.8770137 0.6709743 0.8770137 0.6985728 0.9782889 0.6709743 0.9782889 0.6709743 0.8770137 0.6985728 0.9782889 0.6985728 0.688081 0.5672655 0.7090802 0.5672655 0.688081 0.5104008 0.688081 0.5104008 0.7090802 0.5672655 0.7090802 0.5071728 0.688081 0.5104008 0.7090802 0.5071728 0.6892711 0.4567641 0.688081 0.5104008 0.6892711 0.4567641 0.6416689 0.5104314 0.6416689 0.5104314 0.6892711 0.4567641 0.6399064 0.4567641 0.6416689 0.5104314 0.6399064 0.4567641 0.612038 0.5080295 0.6416689 0.5104314 0.612038 0.5080295 0.6416689 0.5672655 0.6416689 0.5672655 0.612038 0.5080295 0.612038 0.5672655 0.688081 0.5104008 0.6416689 0.5104314 0.688081 0.5672655 0.688081 0.5672655 0.6416689 0.5104314 0.6416689 0.5672655 0.688081 0.5672655 0.6416689 0.5672655 0.7030395 0.5846752 0.7030395 0.5846752 0.6416689 0.5672655 0.6204437 0.5846752 0.6892711 0.4567641 0.580012 0.397314 0.6399064 0.4567641 0.6399064 0.4567641 0.580012 0.397314 0.5447621 0.4176456 0.6399064 0.4567641 0.5447621 0.4176456 0.612038 0.5080295 0.4824123 0.3652023 0.5447621 0.4176456 0.580012 0.397314 0.4824123 0.3652023 0.580012 0.397314 0.5026884 0.3363034 0.580012 0.397314 0.6704712 0.4387424 0.626635 0.3988592 0.4892212 0.270489 0.4692764 0.2608509 0.5026884 0.3363034 0.5026884 0.3363034 0.4692764 0.2608509 0.4824123 0.3652023 0.4824123 0.3652023 0.4692764 0.2608509 0.3872831 0.3263899 0.3872831 0.3263899 0.4692764 0.2608509 0.3872831 0.2651345 0.2971552 0.05196464 0.2934345 0.04462134 0.3633766 0.05196464 0.3633766 0.05196464 0.2934345 0.04462134 0.367474 0.04462134 0.367474 0.04462134 0.2934345 0.04462134 0.3114961 0.01853734 0.367474 0.04462134 0.3114961 0.01853734 0.3506776 0.01853734 0.1778784 0.8314254 0.1712052 0.79041 0.1567437 0.8001704 0.1778784 0.8314254 0.1567437 0.8001704 0.1590937 0.8211142 0.8618894 0.9653335 0.8746035 0.9848546 0.934543 0.9565063 0.8618894 0.9653335 0.934543 0.9565063 0.9370588 0.9089278 0.2265653 0.4814866 0.2265653 0.4625164 0.2838989 0.4625164 0.2265653 0.4814866 0.2838989 0.4625164 0.2838989 0.4802473 0.1065806 0.490069 0.1690661 0.490069 0.1690661 0.5257452 0.1065806 0.490069 0.1690661 0.5257452 0.1065806 0.5257452 0.4756034 0.1217411 0.4756034 0.239234 0.454348 0.239234 0.4756034 0.1217411 0.454348 0.239234 0.454348 0.1217411 0.1567437 0.8001704 0.1712052 0.79041 0.1778784 0.8314254 0.1567437 0.8001704 0.1778784 0.8314254 0.1590937 0.8211142 0.1590937 0.8211142 0.1778784 0.8314254 0.1041703 0.8314254 0.1590937 0.8211142 0.1041703 0.8314254 0.1201683 0.8211142 0.1590937 0.8211142 0.1201683 0.8211142 0.1567437 0.8001704 0.1567437 0.8001704 0.1201683 0.8211142 0.1220211 0.8001704 0.1567437 0.8001704 0.1220211 0.8001704 0.1081774 0.79041 0.1567437 0.8001704 0.1081774 0.79041 0.1712052 0.79041 0.2137458 0.04332101 0.2285538 0.02074033 0.2638186 0.02074033 0.2137458 0.04332101 0.2638186 0.02074033 0.2791236 0.04332101 0.2137458 0.04332101 0.2791236 0.04332101 0.217783 0.05031245 0.217783 0.05031245 0.2791236 0.04332101 0.2752673 0.05031245 0.2763066 0.1772291 0.2489956 0.1756992 0.288162 0.1714767 0.288162 0.1714767 0.2489956 0.1756992 0.2528671 0.1600182 0.2528671 0.1600182 0.2489956 0.1756992 0.2324402 0.1759746 0.3245868 0.1043468 0.3234871 0.1181461 0.3042805 0.09299534 0.3042805 0.09299534 0.3234871 0.1181461 0.2822268 0.09619271 0.3042805 0.09299534 0.2822268 0.09619271 0.2657016 0.07552438 0.2657016 0.07552438 0.2822268 0.09619271 0.2528671 0.09691172 0.2657016 0.07552438 0.2528671 0.09691172 0.224833 0.07344377 0.224833 0.07344377 0.2528671 0.09691172 0.2240948 0.09816628 0.224833 0.07344377 0.2240948 0.09816628 0.1949912 0.08012926 0.1949912 0.08012926 0.2240948 0.09816628 0.1935601 0.1021592 0.1935601 0.1021592 0.2240948 0.09816628 0.2232211 0.124189 0.2232211 0.124189 0.2240948 0.09816628 0.2524001 0.1195995 0.2524001 0.1195995 0.2240948 0.09816628 0.2528671 0.09691172 0.2524001 0.1195995 0.2528671 0.09691172 0.281805 0.1020215 0.281805 0.1020215 0.2528671 0.09691172 0.2822268 0.09619271 0.2657016 0.07552438 0.3177176 0.08063411 0.3042805 0.09299534 0.3042805 0.09299534 0.3177176 0.08063411 0.3245868 0.1043468 0.3245868 0.1043468 0.3177176 0.08063411 0.3328117 0.1010575 0.2232211 0.124189 0.1956691 0.1052036 0.1935601 0.1021592 0.1768692 0.1184368 0.1949912 0.08012926 0.184597 0.1144133 0.1768692 0.1184368 0.184597 0.1144133 0.1841602 0.1434652 0.1949912 0.08012926 0.1935601 0.1021592 0.184597 0.1144133 0.1935601 0.1021592 0.1934245 0.1475346 0.184597 0.1144133 0.184597 0.1144133 0.1934245 0.1475346 0.1841602 0.1434652 0.179641 0.1467084 0.1768692 0.1184368 0.1841602 0.1434652 0.1934245 0.1475346 0.1935601 0.1021592 0.1956691 0.1052036 0.1934245 0.1475346 0.1956691 0.1052036 0.2087296 0.1461271 0.1934245 0.1475346 0.2087296 0.1461271 0.1919783 0.1712931 0.1919783 0.1712931 0.2087296 0.1461271 0.2046322 0.176097 0.1919783 0.1712931 0.1807557 0.1627106 0.1934245 0.1475346 0.1934245 0.1475346 0.1807557 0.1627106 0.1841602 0.1434652 0.1841602 0.1434652 0.1807557 0.1627106 0.179641 0.1467084 0.179641 0.1467084 0.1807557 0.1627106 0.1720035 0.1646842 0.5310389 0.4972746 0.497913 0.473516 0.5310389 0.4412055 0.5310389 0.4412055 0.497913 0.473516 0.497913 0.4138211 0.497913 0.473516 0.4693066 0.4520673 0.497913 0.4138211 0.497913 0.4138211 0.4693066 0.4520673 0.4407753 0.434107 0.497913 0.4138211 0.4407753 0.434107 0.4407753 0.395524 0.4407753 0.4623175 0.4407753 0.434107 0.4693066 0.4520673 0.4407753 0.4623175 0.4087041 0.4227554 0.4407753 0.434107 0.4407753 0.434107 0.4087041 0.4227554 0.4122141 0.3809751 0.4407753 0.434107 0.4122141 0.3809751 0.4407753 0.395524 0.3793143 0.4279111 0.3670974 0.3570176 0.4122141 0.3809751 0.3793143 0.4279111 0.4122141 0.3809751 0.4087041 0.4227554 0.3793143 0.4279111 0.4087041 0.4227554 0.4026032 0.4478909 0.4026032 0.4478909 0.4087041 0.4227554 0.4407753 0.4623175 0.4026032 0.4478909 0.4407753 0.4623175 0.411973 0.4969534 0.4026032 0.4478909 0.411973 0.4969534 0.399726 0.4892276 0.4026032 0.4478909 0.399726 0.4892276 0.3748704 0.4451984 0.4026032 0.4478909 0.3748704 0.4451984 0.3793143 0.4279111 0.3793143 0.4279111 0.3748704 0.4451984 0.3491562 0.4268096 0.3793143 0.4279111 0.3491562 0.4268096 0.3670974 0.3570176 0.3670974 0.3570176 0.3491562 0.4268096 0.3209564 0.3853505 0.3209564 0.3853505 0.3491562 0.4268096 0.3209564 0.4444181 0.3209564 0.3853505 0.3209564 0.4444181 0.2986918 0.3998688 0.2986918 0.3998688 0.3209564 0.4444181 0.2986918 0.4623022 0.2986918 0.4623022 0.3209564 0.4444181 0.3310492 0.4888604 0.3310492 0.4888604 0.3209564 0.4444181 0.3520936 0.4459481 0.3310492 0.4888604 0.3520936 0.4459481 0.3495026 0.5035317 0.3520936 0.4459481 0.3209564 0.4444181 0.3491562 0.4268096 0.3520936 0.4459481 0.3491562 0.4268096 0.3748704 0.4451984 0.3520936 0.4459481 0.3748704 0.4451984 0.3787418 0.5030575 0.3787418 0.5030575 0.3748704 0.4451984 0.399726 0.4892276 0.3787418 0.5030575 0.399726 0.4892276 0.411973 0.4969534 0.3787418 0.5030575 0.411973 0.4969534 0.3871927 0.5155717 0.3787418 0.5030575 0.3871927 0.5155717 0.3495026 0.5035317 0.3495026 0.5035317 0.3871927 0.5155717 0.3493821 0.5192127 0.3495026 0.5035317 0.3493821 0.5192127 0.3310492 0.4888604 0.3787418 0.5030575 0.3495026 0.5035317 0.3520936 0.4459481 0.2986918 0.4623022 0.3310492 0.4888604 0.3188022 0.507341 0.3188022 0.507341 0.3310492 0.4888604 0.3493821 0.5192127 0.8787912 0.2138844 0.8868504 0.1976678 0.9095218 0.2250217 0.9095218 0.2250217 0.8868504 0.1976678 0.927689 0.1976678 0.9095218 0.2250217 0.927689 0.1976678 0.9382789 0.2112531 0.9648669 0.3318209 0.933835 0.3304899 0.933835 0.3042529 0.9648669 0.3318209 0.933835 0.3042529 0.9648669 0.306716 0.9648669 0.306716 0.933835 0.3042529 0.933835 0.2525591 0.933835 0.2525591 0.933835 0.3042529 0.9102448 0.2525591 0.933835 0.2525591 0.9102448 0.2525591 0.933835 0.2432422 0.933835 0.2432422 0.9102448 0.2525591 0.9095218 0.2250217 0.9095218 0.2250217 0.9102448 0.2525591 0.8823915 0.238056 0.8823915 0.3515407 0.8823915 0.3304899 0.933835 0.3515407 0.933835 0.3515407 0.8823915 0.3304899 0.933835 0.3304899 0.933835 0.3304899 0.8823915 0.3304899 0.9054846 0.3042529 0.933835 0.3304899 0.9054846 0.3042529 0.933835 0.3042529 0.933835 0.3042529 0.9054846 0.3042529 0.9102448 0.2525591 0.9102448 0.2525591 0.9054846 0.3042529 0.8823915 0.3042529 0.9102448 0.2525591 0.8823915 0.3042529 0.8823915 0.2525591 0.8823915 0.2525591 0.8823915 0.3042529 0.8579878 0.3304899 0.8823915 0.2525591 0.8579878 0.3304899 0.8579878 0.2953644 0.8823915 0.2525591 0.8579878 0.2953644 0.8823915 0.238056 0.8823915 0.238056 0.8579878 0.2953644 0.8579878 0.238056 0.8823915 0.3042529 0.9054846 0.3042529 0.8823915 0.3304899 0.8823915 0.2525591 0.8823915 0.238056 0.9102448 0.2525591 0.8823915 0.3042529 0.8823915 0.3304899 0.8579878 0.3304899 0.09144127 0.8449493 0.1236632 0.85165 0.1230908 0.8621602 0.09144127 0.8449493 0.1230908 0.8621602 0.08577722 0.8590852 0.2852848 0.9429976 0.2360104 0.9741302 0.2360104 0.9397237 0.2852848 0.9429976 0.2360104 0.9397237 0.265084 0.915705 0.265084 0.915705 0.2360104 0.9397237 0.2050539 0.9140681 0.265084 0.915705 0.2050539 0.9140681 0.1807407 0.8436182 0.265084 0.915705 0.1807407 0.8436182 0.2910091 0.8424403 0.265084 0.915705 0.2910091 0.8424403 0.3408408 0.8604773 0.3408408 0.8604773 0.2910091 0.8424403 0.3183201 0.826025 0.3408408 0.8604773 0.3183201 0.826025 0.3664496 0.8452858 0.3490055 0.9397544 0.2852848 0.9429976 0.265084 0.915705 0.3490055 0.9397544 0.265084 0.915705 0.3311998 0.9165312 0.3311998 0.9165312 0.265084 0.915705 0.3408408 0.8604773 0.3311998 0.9165312 0.3408408 0.8604773 0.3716316 0.864914 0.3311998 0.9165312 0.3716316 0.864914 0.3607554 0.9231401 0.2999571 0.775142 0.3183201 0.826025 0.2910091 0.8424403 0.2999571 0.775142 0.2910091 0.8424403 0.2792291 0.8011955 0.2792291 0.8011955 0.2910091 0.8424403 0.1807407 0.8436182 0.2792291 0.8011955 0.1807407 0.8436182 0.1888902 0.8024652 0.2792291 0.8011955 0.1888902 0.8024652 0.1831057 0.76812 0.2792291 0.8011955 0.1831057 0.76812 0.2856915 0.76812 0.3872831 0.3263899 0.3872831 0.2651345 0.4692764 0.2608509 0.3872831 0.3263899 0.4692764 0.2608509 0.4824123 0.3652023 0.4824123 0.3652023 0.4692764 0.2608509 0.5026884 0.3363034 0.5026884 0.3363034 0.4692764 0.2608509 0.4892212 0.270489 0.5026884 0.3363034 0.580012 0.397314 0.4824123 0.3652023 0.4824123 0.3652023 0.580012 0.397314 0.5447621 0.4176456 0.5447621 0.4176456 0.580012 0.397314 0.6399064 0.4567641 0.5447621 0.4176456 0.6399064 0.4567641 0.612038 0.5080295 0.612038 0.5080295 0.6399064 0.4567641 0.6416689 0.5104314 0.612038 0.5080295 0.6416689 0.5104314 0.6416689 0.5672655 0.6416689 0.5672655 0.6416689 0.5104314 0.688081 0.5672655 0.6416689 0.5672655 0.688081 0.5672655 0.7030395 0.5846752 0.6416689 0.5672655 0.7030395 0.5846752 0.6204437 0.5846752 0.612038 0.5672655 0.612038 0.5080295 0.6416689 0.5672655 0.688081 0.5672655 0.6416689 0.5104314 0.688081 0.5104008 0.688081 0.5104008 0.6416689 0.5104314 0.6892711 0.4567641 0.688081 0.5104008 0.6892711 0.4567641 0.7090802 0.5071728 0.688081 0.5104008 0.7090802 0.5071728 0.7090802 0.5672655 0.688081 0.5104008 0.7090802 0.5672655 0.688081 0.5672655 0.6892711 0.4567641 0.6416689 0.5104314 0.6399064 0.4567641 0.6892711 0.4567641 0.6399064 0.4567641 0.580012 0.397314 0.580012 0.397314 0.626635 0.3988592 0.6704712 0.4387424 0.580012 0.397314 0.6704712 0.4387424 0.6892711 0.4567641 0.4986211 0.6384343 0.5107778 0.702214 0.5282671 0.6662011 0.4986211 0.6384343 0.5282671 0.6662011 0.5358744 0.6384343 0.5358744 0.6384343 0.5282671 0.6662011 0.5678552 0.6662011 0.5358744 0.6384343 0.5678552 0.6662011 0.5684127 0.6512544 0.5684127 0.6512544 0.5678552 0.6662011 0.6097934 0.6384343 0.6097934 0.6384343 0.5678552 0.6662011 0.6097934 0.6662011 0.6097934 0.6384343 0.6097934 0.6662011 0.6298134 0.6384343 0.6298134 0.6384343 0.6097934 0.6662011 0.646881 0.6662011 0.6298134 0.6384343 0.646881 0.6662011 0.646881 0.6384343 0.01060783 0.4844697 0.01711553 0.5274128 0.01682931 0.4805226 0.01060783 0.4844697 0.01682931 0.4805226 0.02537053 0.4489618 0.00913161 0.4514249 0.01060783 0.4844697 0.02537053 0.4489618 0.00913161 0.4514249 0.02537053 0.4489618 0.01392191 0.4074875 0.01392191 0.4074875 0.02537053 0.4489618 0.03912401 0.4048103 0.01392191 0.4074875 0.03912401 0.4048103 0.01392191 0.344794 0.1838137 0.59312 0.1646372 0.5729718 0.1764926 0.6005245 0.1838137 0.59312 0.1764926 0.6005245 0.2090308 0.6068122 0.2090308 0.6068122 0.1764926 0.6005245 0.1793246 0.6196476 0.2090308 0.6068122 0.1793246 0.6196476 0.2054004 0.6205655 0.2090308 0.6068122 0.2054004 0.6205655 0.2553225 0.6263484 0.2553225 0.6263484 0.2054004 0.6205655 0.2502911 0.6351757 0.2838989 0.604089 0.2265653 0.6101014 0.2838989 0.5761693 0.2838989 0.5761693 0.2265653 0.6101014 0.2265653 0.5725893 0.2838989 0.5761693 0.2265653 0.5725893 0.2838989 0.5533285 0.2838989 0.5533285 0.2265653 0.5725893 0.2265653 0.5533285 0.2838989 0.5533285 0.2265653 0.5533285 0.2838989 0.5421146 0.2838989 0.5421146 0.2265653 0.5533285 0.2265653 0.5496415 0.2838989 0.5421146 0.2265653 0.5496415 0.2838989 0.4912928 0.2838989 0.4912928 0.2265653 0.5496415 0.2265653 0.4814866 0.2838989 0.4912928 0.2265653 0.4814866 0.2838989 0.4802473 0.1517575 0.6607548 0.1497239 0.6981902 0.1373112 0.6509332 0.1497239 0.6981902 0.1517575 0.6607548 0.1797012 0.7115154 0.1797012 0.7115154 0.1517575 0.6607548 0.1772457 0.6655586 0.1797012 0.7115154 0.1772457 0.6655586 0.2054758 0.6613973 0.212601 0.6976243 0.1797012 0.7115154 0.2054758 0.6613973 0.7611414 0.4896101 0.759635 0.4335409 0.7357586 0.4554331 0.7357586 0.4554331 0.759635 0.4335409 0.6680459 0.4335409 0.6680459 0.4335409 0.759635 0.4335409 0.6720981 0.3937953 0.6720981 0.3937953 0.759635 0.4335409 0.7668206 0.3937953 0.6720981 0.3937953 0.7668206 0.3937953 0.7520577 0.3530706 0.8401973 0.5546289 0.8316259 0.5050922 0.8106567 0.5560669 0.8401973 0.5546289 0.8106567 0.5560669 0.8401973 0.6476287 0.8401973 0.6476287 0.8106567 0.5560669 0.7936193 0.6476287 0.7936193 0.6476287 0.8106567 0.5560669 0.7397204 0.581998 0.7936193 0.6476287 0.7397204 0.581998 0.7140815 0.6476287 0.731164 0.5847976 0.7140815 0.6476287 0.7936193 0.6476287 0.731164 0.5847976 0.7936193 0.6476287 0.8106567 0.5560669 0.8106567 0.5560669 0.7936193 0.6476287 0.8401973 0.6476287 0.8106567 0.5560669 0.8401973 0.6476287 0.8401973 0.5546289 0.8106567 0.5560669 0.8401973 0.5546289 0.8401973 0.4842556 0.1604194 0.2837223 0.1472082 0.3052933 0.2253602 0.3052933 0.1604194 0.2837223 0.2253602 0.3052933 0.213068 0.2837223 0.213068 0.2837223 0.2253602 0.3052933 0.213068 0.1816809 0.213068 0.2837223 0.213068 0.1816809 0.1604194 0.1816809 0.213068 0.2837223 0.1604194 0.1816809 0.1604194 0.2837223 0.1604194 0.2837223 0.1604194 0.1816809 0.1472082 0.3052933 0.8451081 0.2971391 0.8344278 0.2465009 0.8042094 0.3322187 0.8042094 0.3322187 0.8344278 0.2465009 0.7583546 0.1950212 0.8042094 0.3322187 0.7583546 0.1950212 0.7282718 0.2294276 0.7282718 0.2294276 0.7583546 0.1950212 0.7041242 0.209662 0.7282718 0.2294276 0.7041242 0.209662 0.6721885 0.2309576 0.6721885 0.2309576 0.7041242 0.209662 0.6435217 0.1996108 0.6435217 0.1996108 0.7041242 0.209662 0.701955 0.1911507 0.6435217 0.1996108 0.701955 0.1911507 0.6988216 0.1749649 0.6988216 0.1749649 0.701955 0.1911507 0.7583546 0.1950212 0.6988216 0.1749649 0.7583546 0.1950212 0.7458214 0.1383402 0.7458214 0.1383402 0.7583546 0.1950212 0.8117414 0.1543883 0.7458214 0.1383402 0.8117414 0.1543883 0.7908174 0.08002215 0.7458214 0.1383402 0.7908174 0.08002215 0.7228488 0.05262249 0.7458214 0.1383402 0.7228488 0.05262249 0.6803081 0.03437131 0.7458214 0.1383402 0.6803081 0.03437131 0.6887137 0.1136789 0.6887137 0.1136789 0.6803081 0.03437131 0.6317417 0.06937438 0.6887137 0.1136789 0.6317417 0.06937438 0.6385958 0.1413233 0.6385958 0.1413233 0.6317417 0.06937438 0.5881917 0.08664643 0.6385958 0.1413233 0.5881917 0.08664643 0.6435217 0.1996108 0.6435217 0.1996108 0.5881917 0.08664643 0.5994595 0.3173026 0.6435217 0.1996108 0.5994595 0.3173026 0.6721885 0.2309576 0.6721885 0.2309576 0.5994595 0.3173026 0.6318923 0.3618978 0.7583546 0.1950212 0.8344278 0.2465009 0.8117414 0.1543883 0.7282718 0.2294276 0.7914351 0.3432183 0.8042094 0.3322187 0.7041242 0.209662 0.7583546 0.1950212 0.701955 0.1911507 0.6938053 0.142899 0.6385958 0.1413233 0.6435217 0.1996108 0.6938053 0.142899 0.6435217 0.1996108 0.6988216 0.1749649 0.6938053 0.142899 0.6988216 0.1749649 0.7458214 0.1383402 0.6938053 0.142899 0.7458214 0.1383402 0.6916964 0.1279984 0.6916964 0.1279984 0.7458214 0.1383402 0.6887137 0.1136789 0.6916964 0.1279984 0.6887137 0.1136789 0.6385958 0.1413233 0.6916964 0.1279984 0.6385958 0.1413233 0.6938053 0.142899 0.2253602 0.3052933 0.1472082 0.3052933 0.1604194 0.2837223 0.2253602 0.3052933 0.1604194 0.2837223 0.213068 0.2837223 0.213068 0.2837223 0.1604194 0.2837223 0.1604194 0.1816809 0.213068 0.2837223 0.1604194 0.1816809 0.213068 0.1816809 0.213068 0.2837223 0.213068 0.1816809 0.2253602 0.3052933 0.1604194 0.1816809 0.1604194 0.2837223 0.1472082 0.3052933 0.9782889 0.6985728 0.8770137 0.6985728 0.9782889 0.6709743 0.9782889 0.6709743 0.8770137 0.6985728 0.8770137 0.6709743 0.1373112 0.6509332 0.1504018 0.6978079 0.1517575 0.6607548 0.1797012 0.7115154 0.1517575 0.6607548 0.1504018 0.6978079 0.2054758 0.6613973 0.1772457 0.6655586 0.1797012 0.7115154 0.1797012 0.7115154 0.1772457 0.6655586 0.1517575 0.6607548 0.2054758 0.6613973 0.1797012 0.7115154 0.212601 0.6976243 0.7936193 0.6476287 0.7140815 0.6476287 0.731164 0.5847976 0.7936193 0.6476287 0.731164 0.5847976 0.8106567 0.5560669 0.7936193 0.6476287 0.8106567 0.5560669 0.8401973 0.6476287 0.8401973 0.6476287 0.8106567 0.5560669 0.8401973 0.5546289 0.8401973 0.5546289 0.8106567 0.5560669 0.8401973 0.4842556 0.8316259 0.5050922 0.8401973 0.5546289 0.8106567 0.5560669 0.8106567 0.5560669 0.8401973 0.5546289 0.8401973 0.6476287 0.8106567 0.5560669 0.8401973 0.6476287 0.7936193 0.6476287 0.8106567 0.5560669 0.7936193 0.6476287 0.7400066 0.5823039 0.7400066 0.5823039 0.7936193 0.6476287 0.7140815 0.6476287 0.3328117 0.1010575 0.3177176 0.08063411 0.3245868 0.1043468 0.3245868 0.1043468 0.3177176 0.08063411 0.3042805 0.09299534 0.3042805 0.09299534 0.3177176 0.08063411 0.2657016 0.07552438 0.2822268 0.09619271 0.3234871 0.1181461 0.3042805 0.09299534 0.3042805 0.09299534 0.3234871 0.1181461 0.3245868 0.1043468 0.01155692 0.009541809 0.04561656 0.009541809 0.01155692 0.04795646 0.01155692 0.04795646 0.04561656 0.009541809 0.05030143 0.04567694 0.05030143 0.04567694 0.04561656 0.009541809 0.1216295 0.009541809 0.05030143 0.04567694 0.1216295 0.009541809 0.1257119 0.03769111 0.05030143 0.04567694 0.1257119 0.03769111 0.1088553 0.08396917 0.1088553 0.08396917 0.1257119 0.03769111 0.1588526 0.05858892 0.1088553 0.08396917 0.1588526 0.05858892 0.141273 0.09372967 0.1088553 0.08396917 0.141273 0.09372967 0.1038239 0.0977838 0.1038239 0.0977838 0.141273 0.09372967 0.1360307 0.1042243 0.1038239 0.0977838 0.1360307 0.1042243 0.0901156 0.2310953 0.1038239 0.0977838 0.0901156 0.2310953 0.03934991 0.1570808 0.03934991 0.1570808 0.0901156 0.2310953 0.0530883 0.2299937 0.03934991 0.1570808 0.0530883 0.2299937 0.03781342 0.2257713 0.03934991 0.1570808 0.03781342 0.2257713 0.02827793 0.1775655 0.02827793 0.1775655 0.03781342 0.2257713 0.01337963 0.2236753 0.02827793 0.1775655 0.01337963 0.2236753 0.01155692 0.1792485 0.02827793 0.1775655 0.01155692 0.1792485 0.02561157 0.1608902 0.02561157 0.1608902 0.01155692 0.1792485 0.01155692 0.1620069 0.02561157 0.1608902 0.01155692 0.1620069 0.03252595 0.09094536 0.03252595 0.09094536 0.01155692 0.1620069 0.01155692 0.09004276 0.03252595 0.09094536 0.01155692 0.09004276 0.01155692 0.08037406 0.03252595 0.09094536 0.01155692 0.08037406 0.05277198 0.08121544 0.05277198 0.08121544 0.01155692 0.08037406 0.05030143 0.04567694 0.05277198 0.08121544 0.05030143 0.04567694 0.1088553 0.08396917 0.05277198 0.08121544 0.1088553 0.08396917 0.1038239 0.0977838 0.05277198 0.08121544 0.1038239 0.0977838 0.05351006 0.09183263 0.05351006 0.09183263 0.1038239 0.0977838 0.03934991 0.1570808 0.02827793 0.1775655 0.02561157 0.1608902 0.03934991 0.1570808 0.04251343 0.1457294 0.02561157 0.1608902 0.03252595 0.09094536 0.04251343 0.1457294 0.03252595 0.09094536 0.05351006 0.09183263 0.05351006 0.09183263 0.03252595 0.09094536 0.05277198 0.08121544 0.01155692 0.08037406 0.01155692 0.04795646 0.05030143 0.04567694 0.08943778 0.8068559 0.07381635 0.8426392 0.05584508 0.836275 0.08943778 0.8068559 0.05584508 0.836275 0.06453698 0.7968813 0.08943778 0.8068559 0.06453698 0.7968813 0.08017343 0.7943264 0.08017343 0.7943264 0.06453698 0.7968813 0.08076089 0.7775134 0.08577722 0.8590852 0.06798666 0.9022271 0.04141378 0.8750568 0.04141378 0.8750568 0.06798666 0.9022271 0.02475297 0.8883054 0.04141378 0.8750568 0.02475297 0.8883054 0.02515965 0.8434041 0.04141378 0.8750568 0.02515965 0.8434041 0.05584508 0.836275 0.05584508 0.836275 0.02515965 0.8434041 0.03573465 0.8161268 0.05584508 0.836275 0.03573465 0.8161268 0.06453698 0.7968813 0.06453698 0.7968813 0.03573465 0.8161268 0.03930473 0.7921845 0.06453698 0.7968813 0.03930473 0.7921845 0.06602835 0.7754021 0.06453698 0.7968813 0.06602835 0.7754021 0.08076089 0.7775134 0.08076089 0.7775134 0.06602835 0.7754021 0.0705626 0.7490274 0.04141378 0.8750568 0.05584508 0.836275 0.06794148 0.852935 0.08577722 0.8590852 0.04141378 0.8750568 0.06794148 0.852935 0.06798666 0.9022271 0.08577722 0.8590852 0.09904861 0.8888561 0.09904861 0.8888561 0.08577722 0.8590852 0.1230908 0.8621602 0.03573465 0.8161268 0.01420813 0.7873809 0.03930473 0.7921845 0.03930473 0.7921845 0.01420813 0.7873809 0.0386871 0.7706137 0.03930473 0.7921845 0.0386871 0.7706137 0.06602835 0.7754021 0.0386871 0.7706137 0.01420813 0.7873809 0.01036679 0.7578088 0.0386871 0.7706137 0.01036679 0.7578088 0.02335196 0.7272729 0.0386871 0.7706137 0.02335196 0.7272729 0.05075341 0.7386091 0.05075341 0.7386091 0.02335196 0.7272729 0.06188571 0.7171606 0.0386871 0.7706137 0.05075341 0.7386091 0.06602835 0.7754021 0.06602835 0.7754021 0.05075341 0.7386091 0.0705626 0.7490274 0.0705626 0.7490274 0.05075341 0.7386091 0.06188571 0.7171606 0.07520228 0.7384713 0.08198112 0.7525155 0.0705626 0.7490274 0.0705626 0.7490274 0.08198112 0.7525155 0.08076089 0.7775134 0.6704712 0.4387424 0.580012 0.397314 0.6892711 0.4567641 0.5427737 0.5901062 0.5903157 0.5901062 0.5962057 0.6046857 0.5427737 0.5901062 0.5962057 0.6046857 0.5370042 0.6046857 0.5132332 0.571702 0.5427737 0.5901062 0.5370042 0.6046857 0.5427737 0.5901062 0.5132332 0.571702 0.5389324 0.5586983 0.5389324 0.5586983 0.5132332 0.571702 0.489899 0.5409367 0.489899 0.5409367 0.5132332 0.571702 0.4862987 0.5557915 0.489899 0.5409367 0.4862987 0.5557915 0.4494221 0.5171321 0.4494221 0.5171321 0.4862987 0.5557915 0.4270973 0.527321 0.4494221 0.5171321 0.4270973 0.527321 0.4494221 0.4940925 0.4494221 0.4940925 0.4270973 0.527321 0.4270973 0.4940925 0.994317 0.0581147 0.957124 0.0581147 0.994317 0.02473324 0.994317 0.02473324 0.957124 0.0581147 0.9435966 0.004998147 0.9435966 0.004998147 0.957124 0.0581147 0.9117513 0.03753811 0.9117513 0.03753811 0.957124 0.0581147 0.920398 0.0581147 0.9117513 0.03753811 0.920398 0.0581147 0.798244 0.0581147 0.957124 0.0581147 0.994317 0.0581147 0.994317 0.1107568 0.957124 0.0581147 0.994317 0.1107568 0.9546234 0.1107568 0.957124 0.0581147 0.9546234 0.1107568 0.920398 0.0581147 0.920398 0.0581147 0.9546234 0.1107568 0.920398 0.1107568 0.920398 0.0581147 0.920398 0.1107568 0.805294 0.1107568 0.920398 0.0581147 0.805294 0.1107568 0.798244 0.0581147 0.9546234 0.1107568 0.994317 0.1107568 0.994317 0.1292834 0.9546234 0.1107568 0.994317 0.1292834 0.9427981 0.1441383 0.9546234 0.1107568 0.9427981 0.1441383 0.920398 0.1107568 0.920398 0.1107568 0.9427981 0.1441383 0.8841239 0.1441383 0.8841239 0.1441383 0.9427981 0.1441383 0.9319972 0.1905694 0.9319972 0.1905694 0.9427981 0.1441383 0.9393184 0.1905694 0.9393184 0.1905694 0.9427981 0.1441383 0.994317 0.1905694 0.994317 0.1905694 0.9427981 0.1441383 0.994317 0.1292834 0.805294 0.1107568 0.920398 0.1107568 0.8841239 0.1441383 0.7927156 0.6786236 0.8329665 0.6786236 0.8329665 0.7478647 0.7927156 0.6786236 0.8329665 0.7478647 0.7927156 0.7478647 0.7927156 0.7478647 0.8329665 0.7478647 0.8329665 0.8346228 0.7927156 0.7478647 0.8329665 0.8346228 0.7927156 0.8346228 0.7927156 0.7478647 0.7927156 0.8346228 0.7618645 0.7478647 0.7618645 0.7478647 0.7927156 0.8346228 0.7673929 0.8346228 0.7618645 0.7478647 0.7673929 0.8346228 0.7186007 0.8346228 0.7186007 0.8346228 0.7673929 0.8346228 0.719821 0.8656788 0.7186007 0.8346228 0.719821 0.8656788 0.6827333 0.8790344 0.7618645 0.6786236 0.7927156 0.6786236 0.7927156 0.7478647 0.7618645 0.6786236 0.7927156 0.7478647 0.7618645 0.7478647 0.7618645 0.6786236 0.7618645 0.7478647 0.7195045 0.6786236 0.7195045 0.6786236 0.7618645 0.7478647 0.7195045 0.7478647 0.7195045 0.6786236 0.7195045 0.7478647 0.6815282 0.6786236 0.6815282 0.6786236 0.7195045 0.7478647 0.6815282 0.7478647 0.6815282 0.6786236 0.6815282 0.7478647 0.6325551 0.6786236 0.6325551 0.6786236 0.6815282 0.7478647 0.6325551 0.7478647 0.6325551 0.6786236 0.6325551 0.7478647 0.595558 0.6786236 0.595558 0.6786236 0.6325551 0.7478647 0.595558 0.7478647 0.595558 0.7478647 0.6325551 0.7478647 0.6325551 0.821313 0.595558 0.7478647 0.6325551 0.821313 0.595558 0.8497684 0.595558 0.8497684 0.6325551 0.821313 0.6325551 0.876908 0.6325551 0.876908 0.6325551 0.821313 0.6691155 0.8242504 0.6691155 0.8242504 0.6325551 0.821313 0.6325551 0.7478647 0.6691155 0.8242504 0.6325551 0.7478647 0.6815282 0.7478647 0.6691155 0.8242504 0.6815282 0.7478647 0.6822211 0.8225063 0.6822211 0.8225063 0.6815282 0.7478647 0.7186007 0.8346228 0.6822211 0.8225063 0.7186007 0.8346228 0.6827333 0.8790344 0.6822211 0.8225063 0.6827333 0.8790344 0.6691155 0.8242504 0.6691155 0.8242504 0.6827333 0.8790344 0.6597155 0.8820788 0.6691155 0.8242504 0.6597155 0.8820788 0.6325551 0.876908 0.7195045 0.7478647 0.7618645 0.7478647 0.7186007 0.8346228 0.7195045 0.7478647 0.7186007 0.8346228 0.6815282 0.7478647 0.5106724 0.702275 0.4693669 0.7023057 0.4986211 0.6384343 0.5106724 0.702275 0.4986211 0.6384343 0.5282671 0.6662011 0.5282671 0.6662011 0.4986211 0.6384343 0.5358744 0.6384343 0.5282671 0.6662011 0.5358744 0.6384343 0.5684127 0.6512544 0.5678552 0.6662011 0.5282671 0.6662011 0.5684127 0.6512544 0.5678552 0.6662011 0.5684127 0.6512544 0.6097934 0.6662011 0.6097934 0.6662011 0.5684127 0.6512544 0.6097934 0.6384343 0.6097934 0.6662011 0.6097934 0.6384343 0.6298134 0.6384343 0.6097934 0.6662011 0.6298134 0.6384343 0.646881 0.6662011 0.646881 0.6662011 0.6298134 0.6384343 0.646881 0.6384343 0.1768993 0.8677135 0.135639 0.8677135 0.183889 0.9232472 0.183889 0.9232472 0.135639 0.8677135 0.1271279 0.9232472 0.183889 0.9232472 0.1271279 0.9232472 0.1557193 0.9918153 0.1557193 0.9918153 0.1271279 0.9232472 0.1354281 0.9826208 0.183889 0.9232472 0.1557193 0.9918153 0.1787221 0.9839059 0.2109438 0.7108269 0.2053402 0.7585584 0.2883276 0.7585584 0.2109438 0.7108269 0.2883276 0.7585584 0.2815188 0.7108269 0.1780894 0.06946617 0.1971604 0.07439231 0.1971604 0.03128105 0.1780894 0.06946617 0.1971604 0.03128105 0.1841301 0.04056721 0.1681321 0.02080154 0.1841301 0.04056721 0.1971604 0.03128105 0.1681321 0.02080154 0.1971604 0.03128105 0.1789631 0.007813096 0.1681321 0.02080154 0.1789631 0.007813096 0.1317073 0.007813096 0.1681321 0.02080154 0.1317073 0.007813096 0.1352022 0.02910864 0.1681321 0.02080154 0.1352022 0.02910864 0.1613684 0.04264789 0.1681321 0.02080154 0.1613684 0.04264789 0.1841301 0.04056721 0.1841301 0.04056721 0.1613684 0.04264789 0.1780894 0.06946617 0.8711085 0.7746065 0.8844704 0.7746065 0.8584699 0.7679211 0.8584699 0.7679211 0.8844704 0.7746065 0.9085878 0.7679211 0.9085878 0.7679211 0.8844704 0.7746065 0.8978321 0.7746065 0.8978321 0.7746065 0.8844704 0.7746065 0.8844704 0.8656635 0.8844704 0.8656635 0.8844704 0.7746065 0.8711085 0.7746065 0.8844704 0.8656635 0.8711085 0.7746065 0.8711085 0.8656635 0.8711085 0.8656635 0.8711085 0.7746065 0.8584699 0.7679211 0.8711085 0.8656635 0.8584699 0.7679211 0.8584699 0.8723949 0.8711085 0.8656635 0.8584699 0.8723949 0.8844704 0.8656635 0.8844704 0.8656635 0.8584699 0.8723949 0.9085878 0.8723949 0.8844704 0.8656635 0.9085878 0.8723949 0.8978321 0.8656635 0.8844704 0.8656635 0.8978321 0.8656635 0.8978321 0.7746065 0.8978321 0.7746065 0.8978321 0.8656635 0.9085878 0.8723949 0.8978321 0.7746065 0.9085878 0.8723949 0.9085878 0.7679211 0.1780894 0.06946617 0.1971604 0.03128105 0.1971604 0.07439231 0.1971604 0.03128105 0.1780894 0.06946617 0.1841301 0.04056721 0.1971604 0.03128105 0.1841301 0.04056721 0.1681321 0.02080154 0.1971604 0.03128105 0.1681321 0.02080154 0.1789631 0.007813096 0.1317073 0.007813096 0.1789631 0.007813096 0.1681321 0.02080154 0.1317073 0.007813096 0.1681321 0.02080154 0.1352022 0.02910864 0.1352022 0.02910864 0.1681321 0.02080154 0.1613684 0.04264789 0.1613684 0.04264789 0.1681321 0.02080154 0.1841301 0.04056721 0.1613684 0.04264789 0.1841301 0.04056721 0.1780894 0.06946617 0.1353378 0.2226198 0.0901156 0.2310953 0.1360307 0.1042243 0.3864245 0.7244121 0.4254252 0.7244121 0.4159047 0.7789973 0.4159047 0.7789973 0.4254252 0.7244121 0.4971297 0.7244121 0.4159047 0.7789973 0.4971297 0.7244121 0.4827286 0.7789973 0.4827286 0.7789973 0.4971297 0.7244121 0.5535295 0.7244121 0.4827286 0.7789973 0.5535295 0.7244121 0.5635771 0.7789973 0.4827286 0.7789973 0.5635771 0.7789973 0.5892311 0.8186358 0.4827286 0.7789973 0.5892311 0.8186358 0.4632358 0.8186358 0.4827286 0.7789973 0.4632358 0.8186358 0.4159047 0.7789973 0.4632358 0.8186358 0.5892311 0.8186358 0.5650684 0.8487892 0.4632358 0.8186358 0.5650684 0.8487892 0.4344334 0.8487892 0.4344334 0.8487892 0.5650684 0.8487892 0.4018802 0.8963371 0.4018802 0.8963371 0.5650684 0.8487892 0.5559246 0.8963371 0.3864245 0.7244121 0.4159047 0.7789973 0.4254252 0.7244121 0.4254252 0.7244121 0.4159047 0.7789973 0.4971297 0.7244121 0.4971297 0.7244121 0.4159047 0.7789973 0.4827286 0.7789973 0.4971297 0.7244121 0.4827286 0.7789973 0.5535295 0.7244121 0.5535295 0.7244121 0.4827286 0.7789973 0.5635771 0.7789973 0.5635771 0.7789973 0.4827286 0.7789973 0.5892311 0.8186358 0.5892311 0.8186358 0.4827286 0.7789973 0.4632358 0.8186358 0.5892311 0.8186358 0.4632358 0.8186358 0.5650684 0.8487892 0.5650684 0.8487892 0.4632358 0.8186358 0.4344334 0.8487892 0.5650684 0.8487892 0.4344334 0.8487892 0.4018802 0.8963371 0.5650684 0.8487892 0.4018802 0.8963371 0.5559246 0.8963371 0.4159047 0.7789973 0.4632358 0.8186358 0.4827286 0.7789973 0.8518116 0.6985728 0.8770137 0.6709743 0.8770137 0.6985728 0.8770137 0.6985728 0.8770137 0.6709743 0.9782889 0.6709743 0.8770137 0.6985728 0.9782889 0.6709743 0.9782889 0.6985728 0.01155692 0.1792485 0.01337963 0.2236753 0.03781342 0.2257713 0.01155692 0.1792485 0.03781342 0.2257713 0.02827793 0.1775655 0.02827793 0.1775655 0.03781342 0.2257713 0.03934991 0.1570808 0.03934991 0.1570808 0.03781342 0.2257713 0.0530883 0.2299937 0.03934991 0.1570808 0.0530883 0.2299937 0.0901156 0.2310953 0.03934991 0.1570808 0.0901156 0.2310953 0.1038239 0.0977838 0.1038239 0.0977838 0.0901156 0.2310953 0.1360307 0.1042243 0.1360307 0.1042243 0.0901156 0.2310953 0.1353378 0.2226198 0.01155692 0.1792485 0.02827793 0.1775655 0.01155692 0.1620069 0.01155692 0.1620069 0.02827793 0.1775655 0.02561157 0.1608902 0.01155692 0.1620069 0.02561157 0.1608902 0.01155692 0.09004276 0.01155692 0.09004276 0.02561157 0.1608902 0.03252595 0.09094536 0.01155692 0.09004276 0.03252595 0.09094536 0.01155692 0.08037406 0.01155692 0.08037406 0.03252595 0.09094536 0.05277198 0.08121544 0.01155692 0.08037406 0.05277198 0.08121544 0.05030143 0.04567694 0.01155692 0.08037406 0.05030143 0.04567694 0.01155692 0.04795646 0.01155692 0.04795646 0.05030143 0.04567694 0.04561656 0.009541809 0.01155692 0.04795646 0.04561656 0.009541809 0.01155692 0.009541809 0.05351006 0.09183263 0.03934991 0.1570808 0.1038239 0.0977838 0.05351006 0.09183263 0.1038239 0.0977838 0.05277198 0.08121544 0.05351006 0.09183263 0.05277198 0.08121544 0.03252595 0.09094536 0.05351006 0.09183263 0.03252595 0.09094536 0.04251343 0.1457294 0.04251343 0.1457294 0.03252595 0.09094536 0.02561157 0.1608902 0.04561656 0.009541809 0.05030143 0.04567694 0.1216295 0.009541809 0.1216295 0.009541809 0.05030143 0.04567694 0.1257119 0.03769111 0.1257119 0.03769111 0.05030143 0.04567694 0.1088553 0.08396917 0.1257119 0.03769111 0.1088553 0.08396917 0.1588526 0.05858892 0.1588526 0.05858892 0.1088553 0.08396917 0.141273 0.09372967 0.141273 0.09372967 0.1088553 0.08396917 0.1038239 0.0977838 0.141273 0.09372967 0.1038239 0.0977838 0.1360307 0.1042243 0.1088553 0.08396917 0.05030143 0.04567694 0.05277198 0.08121544 0.1088553 0.08396917 0.05277198 0.08121544 0.1038239 0.0977838 0.02561157 0.1608902 0.02827793 0.1775655 0.03934991 0.1570808 0.2815188 0.7108269 0.2883276 0.7585584 0.2109438 0.7108269 0.2109438 0.7108269 0.2883276 0.7585584 0.2053402 0.7585584 0.01392191 0.2865985 0.1327618 0.2865985 0.01392191 0.344794 0.01392191 0.344794 0.1327618 0.2865985 0.1327618 0.344794 0.01392191 0.344794 0.1327618 0.344794 0.1074694 0.4020718 0.01392191 0.344794 0.1074694 0.4020718 0.03998261 0.4036476 0.01392191 0.344794 0.03998261 0.4036476 0.01392191 0.4074875 0.01392191 0.4074875 0.03998261 0.4036476 0.02537053 0.4489618 0.01392191 0.4074875 0.02537053 0.4489618 0.00913161 0.4514249 0.00913161 0.4514249 0.02537053 0.4489618 0.01060783 0.4844697 0.01060783 0.4844697 0.02537053 0.4489618 0.01682931 0.4805226 0.01711553 0.5274128 0.01060783 0.4844697 0.01682931 0.4805226 0.2054758 0.6613973 0.212601 0.6976243 0.231913 0.6489596 0.8770137 0.6709743 0.8518116 0.6985728 0.8770137 0.6985728 0.231913 0.6489596 0.212601 0.6976243 0.2054758 0.6613973 0.8770137 0.6709743 0.8770137 0.6985728 0.8518116 0.6985728 0.9696874 0.7279461 0.9660871 0.7840917 0.9595493 0.7277472 0.9595493 0.7277472 0.9660871 0.7840917 0.9589617 0.7842141 0.9589617 0.7842141 0.9660871 0.7840917 0.9743422 0.8523232 0.9589617 0.7842141 0.9743422 0.8523232 0.9473324 0.8531798 0.9473324 0.8531798 0.9743422 0.8523232 0.9853237 0.905348 0.9473324 0.8531798 0.9853237 0.905348 0.9370588 0.9089278 0.9370588 0.9089278 0.9853237 0.905348 0.9916055 0.9493159 0.9370588 0.9089278 0.9916055 0.9493159 0.934543 0.9565063 0.9370588 0.9089278 0.934543 0.9565063 0.8618894 0.9653335 0.8618894 0.9653335 0.934543 0.9565063 0.8746035 0.9848546 0.933835 0.2432422 0.9648669 0.2432422 0.9648669 0.306716 0.933835 0.2525591 0.933835 0.2432422 0.9648669 0.306716 0.2822268 0.09619271 0.3234871 0.1181461 0.3162865 0.1286103 0.3162865 0.1286103 0.281805 0.1020215 0.2822268 0.09619271 0.2265653 0.4814866 0.2838989 0.4802473 0.2265653 0.4814866 0.007503986 4.9901e-4 0.992496 4.9901e-4 0.992496 0.999501 5.39e-4 0.999501 5.39e-4 4.9901e-4 0.995046 0.999501 5.39e-4 4.9901e-4 0.995046 4.9901e-4 0.995046 0.999501 0.007503986 0.999501 0.007503986 4.9901e-4 0.992496 0.999501 0.007503986 0.999501 0.007503986 4.9901e-4 0.992496 0.999501 0.007503986 4.9901e-4 0.992496 4.9901e-4 0.992496 0.999501 0.00276798 4.9901e-4 0.00276798 0.999501 0.997232 0.999501 0.997232 4.9901e-4 0.00276798 4.9901e-4 0.997232 0.999501</float_array>
          <technique_common>
            <accessor source="#chest_mp_recon-mesh-map-0-array" count="3546" stride="2">
              <param name="S" type="float"/>
              <param name="T" type="float"/>
            </accessor>
          </technique_common>
        </source>
        <vertices id="chest_mp_recon-mesh-vertices">
          <input semantic="POSITION" source="#chest_mp_recon-mesh-positions"/>
        </vertices>
        <triangles material="cyborg_99_armor-material" count="1174">
          <input semantic="VERTEX" source="#chest_mp_recon-mesh-vertices" offset="0"/>
          <input semantic="NORMAL" source="#chest_mp_recon-mesh-normals" offset="1"/>
          <input semantic="TEXCOORD" source="#chest_mp_recon-mesh-map-0" offset="2" set="0"/>
          <p>0 0 0 1 1 1 2 2 2 1 3 3 5 4 4 6 5 5 1 6 6 7 7 7 8 8 8 4 9 9 3 10 10 1 11 11 9 12 12 10 13 13 11 14 14 13 15 15 11 16 16 12 17 17 338 18 18 13 19 19 1341 20 20 336 21 21 338 22 22 337 23 23 336 21 24 337 23 25 333 24 26 335 25 27 333 26 28 334 27 29 335 28 30 339 29 31 11 30 32 11 30 33 339 29 34 344 31 35 344 31 36 339 29 37 343 32 38 339 33 39 336 34 40 340 35 41 339 36 42 341 37 43 342 38 44 1305 39 45 339 40 46 1304 41 47 1304 41 48 339 40 49 330 42 50 330 42 51 339 40 52 332 43 53 330 42 54 332 43 55 331 44 56 330 42 57 331 44 58 329 45 59 1169 46 60 333 47 61 1168 48 62 1169 46 63 1168 48 64 1170 49 65 1169 46 66 1170 49 67 1171 50 68 16 51 69 14 52 70 15 53 71 781 54 72 780 55 73 15 56 74 15 56 75 780 55 76 768 57 77 782 58 78 783 59 79 780 60 80 780 60 81 783 59 82 778 61 83 780 60 84 778 61 85 18 62 86 16 63 87 17 64 88 18 65 89 16 63 90 18 65 91 19 66 92 1001 67 93 1002 68 94 16 69 95 1001 67 96 16 69 97 999 70 98 999 71 99 1000 72 100 19 73 101 999 71 102 19 73 103 865 74 104 21 75 105 19 76 106 20 77 107 866 78 108 21 79 109 865 80 110 865 80 111 21 79 112 867 81 113 867 82 114 28 83 115 868 84 116 29 85 117 27 86 118 28 87 119 28 88 120 31 89 121 30 90 122 30 90 123 31 89 124 32 91 125 868 92 126 769 93 127 869 94 128 113 95 129 769 96 130 18 97 131 113 95 132 18 97 133 110 98 134 113 99 135 111 100 136 112 101 137 779 102 138 767 103 139 18 104 140 110 105 141 768 106 142 767 107 143 110 105 144 767 107 145 765 108 146 110 105 147 765 108 148 766 109 149 109 110 150 110 111 151 107 112 152 109 110 153 107 112 154 108 113 155 107 114 156 1160 115 157 1161 116 158 1160 117 159 766 118 160 1147 119 161 1147 119 162 766 118 163 1148 120 164 765 121 165 772 122 166 1147 123 167 1147 123 168 772 122 169 1146 124 170 770 125 171 771 126 172 772 127 173 774 128 174 773 129 175 772 130 176 775 131 177 772 132 178 776 133 179 777 134 180 776 135 181 767 136 182 777 134 183 767 136 184 778 137 185 23 138 186 24 139 187 22 140 188 23 138 189 22 140 190 45 141 191 23 138 192 45 141 193 41 142 194 23 138 195 41 142 196 42 143 197 42 143 198 41 142 199 37 144 200 37 144 201 41 142 202 39 145 203 37 144 204 39 145 205 38 146 206 38 146 207 39 145 208 40 147 209 42 143 210 26 148 211 23 138 212 23 138 213 26 148 214 25 149 215 38 146 216 36 150 217 37 144 218 37 144 219 36 150 220 34 151 221 34 151 222 36 150 223 35 152 224 34 151 225 35 152 226 33 153 227 33 153 228 35 152 229 684 154 230 33 153 231 684 154 232 685 155 233 33 153 234 685 155 235 686 156 236 686 156 237 685 155 238 687 157 239 686 156 240 687 157 241 688 158 242 688 158 243 687 157 244 689 159 245 33 153 246 25 160 247 34 151 248 691 161 249 686 156 250 688 158 251 691 161 252 688 158 253 692 162 254 691 161 255 692 162 256 693 163 257 691 161 258 693 163 259 694 164 260 691 161 261 694 164 262 695 165 263 691 161 264 695 165 265 690 166 266 690 166 267 695 165 268 22 167 269 691 161 270 690 166 271 686 156 272 686 156 273 690 166 274 33 153 275 33 153 276 690 166 277 25 160 278 25 160 279 690 166 280 696 168 281 43 169 282 37 170 283 44 171 284 46 172 285 47 173 286 48 174 287 46 172 288 48 174 289 49 175 290 49 175 291 48 174 292 50 176 293 49 175 294 50 176 295 51 177 296 51 177 297 50 176 298 52 178 299 51 177 300 52 178 301 53 179 302 50 176 303 144 180 304 52 178 305 145 181 306 146 182 307 52 183 308 143 184 309 144 185 310 141 186 311 143 184 312 141 186 313 142 187 314 56 188 315 54 189 316 55 190 317 57 191 318 58 192 319 59 193 320 59 193 321 58 192 322 60 194 323 61 195 324 62 196 325 63 197 326 63 198 327 66 199 328 67 200 329 63 201 330 68 202 331 69 203 332 65 204 333 63 205 334 64 206 335 70 207 336 71 208 337 72 209 338 74 210 339 73 211 340 71 212 341 74 213 342 514 214 343 1381 215 344 513 216 345 514 217 346 508 218 347 513 216 348 508 218 349 512 219 350 508 220 351 510 221 352 511 222 353 508 223 354 506 224 355 509 225 356 508 226 357 71 227 358 85 228 359 71 229 360 507 230 361 506 231 362 506 231 363 507 230 364 505 232 365 503 233 366 504 234 367 85 235 368 85 236 369 83 237 370 84 238 371 85 236 372 84 238 373 86 239 374 85 236 375 86 239 376 87 240 377 87 240 378 86 239 379 502 241 380 502 241 381 86 239 382 501 242 383 75 243 384 76 244 385 77 245 386 77 245 387 76 244 388 78 246 389 77 245 390 78 246 391 79 247 392 79 247 393 78 246 394 80 248 395 79 247 396 80 248 397 81 249 398 81 249 399 80 248 400 82 250 401 79 247 402 81 249 403 88 251 404 88 251 405 81 249 406 89 252 407 93 253 408 90 254 409 92 255 410 92 255 411 90 254 412 91 256 413 92 255 414 91 256 415 106 257 416 92 255 417 106 257 418 102 258 419 102 258 420 106 257 421 105 259 422 102 258 423 105 259 424 104 260 425 102 258 426 104 260 427 103 261 428 102 258 429 103 261 430 101 262 431 102 258 432 101 262 433 92 255 434 92 255 435 101 262 436 100 263 437 100 263 438 101 262 439 99 264 440 95 265 441 96 266 442 94 267 443 94 267 444 96 266 445 97 268 446 97 268 447 96 266 448 98 269 449 96 266 450 95 265 451 127 270 452 127 270 453 95 265 454 118 271 455 127 270 456 118 271 457 116 272 458 116 272 459 118 271 460 117 273 461 116 272 462 117 273 463 114 274 464 116 272 465 114 274 466 115 275 467 116 272 468 115 275 469 125 276 470 125 276 471 115 275 472 124 277 473 96 266 474 127 270 475 126 278 476 126 278 477 127 270 478 116 272 479 98 279 480 125 280 481 130 281 482 130 281 483 125 280 484 131 282 485 130 283 486 124 284 487 132 285 488 129 286 489 128 287 490 126 288 491 119 289 492 120 290 493 121 291 494 121 291 495 120 290 496 122 292 497 121 291 498 122 292 499 123 293 500 1105 294 501 119 289 502 121 291 503 1105 294 504 121 291 505 1103 295 506 1105 294 507 1103 295 508 1107 296 509 1105 294 510 1107 296 511 1106 297 512 1106 297 513 1107 296 514 1111 298 515 1111 298 516 1107 296 517 1110 299 518 1110 299 519 1107 296 520 1108 300 521 1110 299 522 1108 300 523 1109 301 524 1109 301 525 1108 300 526 1097 302 527 1097 302 528 1108 300 529 1101 303 530 1101 303 531 1108 300 532 1107 296 533 119 289 534 1105 294 535 1106 297 536 1101 304 537 1099 305 538 1100 306 539 1098 307 540 1101 308 541 123 309 542 1098 310 543 1096 311 544 1097 312 545 1102 313 546 1103 314 547 1104 315 548 135 316 549 133 317 550 134 318 551 169 319 552 133 320 553 168 321 554 168 321 555 133 320 556 155 322 557 170 323 558 168 324 559 171 325 560 171 325 561 168 324 562 166 326 563 166 326 564 168 324 565 137 327 566 136 328 567 135 329 568 137 330 569 137 330 570 135 329 571 138 331 572 315 332 573 314 333 574 135 334 575 135 334 576 314 333 577 312 335 578 313 336 579 312 337 580 138 338 581 138 338 582 312 337 583 311 339 584 139 340 585 138 341 586 140 342 587 140 343 588 870 344 589 311 345 590 140 343 591 311 345 592 871 346 593 873 347 594 872 348 595 871 349 596 882 350 597 872 351 598 883 352 599 880 353 600 872 354 601 881 355 602 880 353 603 881 355 604 879 356 605 153 357 606 879 358 607 154 359 608 153 357 609 154 359 610 137 360 611 153 357 612 137 360 613 152 361 614 874 362 615 152 363 616 873 364 617 156 365 618 167 366 619 137 367 620 156 368 621 155 369 622 154 370 623 156 368 624 154 370 625 157 371 626 157 371 627 154 370 628 158 372 629 154 373 630 884 374 631 885 375 632 885 375 633 884 374 634 886 376 635 1382 377 636 885 378 637 1383 379 638 158 380 639 1382 381 640 173 382 641 158 380 642 173 382 643 174 383 644 161 384 645 157 385 646 173 386 647 161 384 648 173 386 649 172 387 650 161 388 651 159 389 652 160 390 653 161 391 654 162 392 655 163 393 656 165 394 657 161 395 658 164 396 659 165 394 660 164 396 661 156 397 662 156 397 663 164 396 664 166 398 665 1336 399 666 1337 400 667 151 401 668 149 402 669 151 403 670 150 404 671 149 402 672 150 404 673 147 405 674 147 405 675 150 404 676 1231 406 677 147 405 678 1231 406 679 907 407 680 147 405 681 907 407 682 148 408 683 147 405 684 148 408 685 149 402 686 150 404 687 1234 409 688 1233 410 689 150 404 690 1233 410 691 1232 411 692 150 404 693 1232 411 694 1231 406 695 1235 412 696 1233 413 697 818 414 698 1235 412 699 818 414 700 1236 415 701 1236 415 702 818 414 703 1237 416 704 1236 415 705 1237 416 706 1238 417 707 1238 417 708 1237 416 709 1239 418 710 820 419 711 819 420 712 818 421 713 818 421 714 819 420 715 816 422 716 818 421 717 816 422 718 817 423 719 817 423 720 816 422 721 1240 424 722 1240 424 723 816 422 724 1241 425 725 1231 426 726 1335 427 727 475 428 728 475 428 729 1335 427 730 476 429 731 475 428 732 476 429 733 474 430 734 1339 431 735 148 432 736 475 433 737 1339 431 738 475 433 739 1338 434 740 908 435 741 907 436 742 474 437 743 1340 438 744 908 439 745 909 440 746 909 440 747 908 439 748 477 441 749 909 440 750 477 441 751 910 442 752 478 443 753 477 444 754 476 445 755 176 446 756 177 447 757 175 448 758 175 448 759 177 447 760 178 449 761 178 449 762 177 447 763 179 450 764 178 449 765 179 450 766 180 451 767 180 451 768 179 450 769 182 452 770 180 451 771 182 452 772 184 453 773 184 453 774 182 452 775 185 454 776 184 453 777 185 454 778 183 455 779 184 453 780 183 455 781 178 449 782 178 449 783 183 455 784 195 456 785 178 449 786 195 456 787 194 457 788 178 449 789 194 457 790 175 448 791 175 448 792 194 457 793 193 458 794 177 447 795 181 459 796 179 450 797 179 450 798 181 459 799 182 452 800 180 451 801 184 453 802 178 449 803 864 460 804 195 456 805 183 455 806 864 460 807 183 455 808 863 461 809 863 461 810 183 455 811 862 462 812 862 462 813 183 455 814 188 463 815 862 462 816 188 463 817 189 464 818 189 464 819 188 463 820 187 465 821 189 464 822 187 465 823 190 466 824 190 466 825 187 465 826 182 452 827 190 466 828 182 452 829 191 467 830 191 467 831 182 452 832 181 459 833 191 467 834 181 459 835 192 468 836 185 454 837 182 452 838 187 465 839 185 454 840 187 465 841 186 469 842 186 469 843 187 465 844 188 463 845 186 469 846 188 463 847 183 455 848 186 469 849 183 455 850 185 454 851 198 470 852 196 471 853 197 472 854 198 470 855 197 472 856 199 473 857 199 473 858 197 472 859 202 474 860 199 473 861 202 474 862 203 475 863 203 475 864 202 474 865 204 476 866 203 475 867 204 476 868 205 477 869 205 477 870 204 476 871 223 478 872 205 477 873 223 478 874 220 479 875 220 479 876 223 478 877 222 480 878 220 479 879 222 480 880 221 481 881 220 479 882 221 481 883 219 482 884 220 479 885 219 482 886 218 483 887 218 483 888 219 482 889 217 484 890 218 483 891 217 484 892 208 485 893 208 485 894 217 484 895 216 486 896 208 485 897 216 486 898 207 487 899 207 487 900 216 486 901 215 488 902 207 487 903 215 488 904 206 489 905 206 489 906 215 488 907 214 490 908 206 489 909 214 490 910 201 491 911 206 489 912 203 475 913 205 477 914 206 489 915 205 477 916 207 487 917 207 487 918 205 477 919 208 485 920 208 485 921 205 477 922 218 483 923 218 483 924 205 477 925 220 479 926 201 492 927 200 493 928 199 473 929 199 473 930 200 493 931 198 470 932 198 470 933 200 493 934 852 494 935 198 470 936 852 494 937 851 495 938 198 470 939 851 495 940 196 471 941 196 471 942 851 495 943 850 496 944 1294 497 945 210 498 946 1295 499 947 1295 499 948 210 498 949 209 500 950 209 500 951 210 498 952 211 501 953 211 501 954 210 498 955 212 502 956 211 501 957 212 502 958 213 503 959 1298 504 960 1296 505 961 1297 506 962 1298 504 963 1297 506 964 1299 507 965 1299 507 966 1297 506 967 211 508 968 1299 507 969 211 508 970 1300 509 971 1300 509 972 211 508 973 1301 510 974 1302 511 975 601 512 976 1301 513 977 1301 513 978 601 512 979 1303 514 980 1303 514 981 601 512 982 625 515 983 625 515 984 601 512 985 604 516 986 625 515 987 604 516 988 616 517 989 616 517 990 604 516 991 605 518 992 616 517 993 605 518 994 614 519 995 616 517 996 614 519 997 615 520 998 603 521 999 605 518 1000 604 516 1001 603 521 1002 604 516 1003 601 512 1004 603 521 1005 601 512 1006 602 522 1007 626 523 1008 625 515 1009 616 517 1010 626 523 1011 616 517 1012 623 524 1013 623 524 1014 616 517 1015 618 525 1016 618 525 1017 616 517 1018 617 526 1019 612 527 1020 613 528 1021 602 529 1022 624 530 1023 623 531 1024 619 532 1025 622 533 1026 619 534 1027 620 535 1028 620 535 1029 619 534 1030 617 536 1031 620 535 1032 617 536 1033 621 537 1034 225 538 1035 226 539 1036 224 540 1037 225 538 1038 224 540 1039 233 541 1040 252 542 1041 224 543 1042 228 544 1043 252 542 1044 228 544 1045 253 545 1046 253 545 1047 228 544 1048 232 546 1049 253 545 1050 232 546 1051 254 547 1052 254 547 1053 232 546 1054 246 548 1055 254 547 1056 246 548 1057 255 549 1058 255 549 1059 246 548 1060 242 550 1061 255 549 1062 242 550 1063 256 551 1064 256 551 1065 242 550 1066 239 552 1067 256 551 1068 239 552 1069 257 553 1070 257 553 1071 239 552 1072 237 554 1073 257 553 1074 237 554 1075 258 555 1076 258 555 1077 237 554 1078 259 556 1079 243 557 1080 241 558 1081 242 550 1082 242 550 1083 241 558 1084 239 552 1085 239 552 1086 241 558 1087 240 559 1088 239 552 1089 238 560 1090 237 554 1091 237 554 1092 238 560 1093 236 561 1094 237 554 1095 236 561 1096 233 562 1097 236 563 1098 234 564 1099 235 565 1100 260 566 1101 235 567 1102 250 568 1103 250 568 1104 235 567 1105 251 569 1106 250 568 1107 251 569 1108 252 570 1109 228 571 1110 227 572 1111 226 573 1112 228 571 1113 226 573 1114 229 574 1115 232 575 1116 230 576 1117 231 577 1118 262 578 1119 232 579 1120 261 580 1121 261 580 1122 232 579 1123 263 581 1124 244 582 1125 245 583 1126 246 584 1127 249 585 1128 247 586 1129 248 587 1130 265 588 1131 266 589 1132 264 590 1133 264 590 1134 266 589 1135 267 591 1136 269 592 1137 270 593 1138 268 594 1139 268 594 1140 270 593 1141 271 595 1142 268 594 1143 271 595 1144 296 596 1145 268 594 1146 296 596 1147 297 597 1148 272 598 1149 271 595 1150 270 593 1151 275 599 1152 273 600 1153 274 601 1154 274 601 1155 273 600 1156 289 602 1157 289 602 1158 273 600 1159 288 603 1160 289 602 1161 288 603 1162 287 604 1163 287 604 1164 288 603 1165 286 605 1166 287 604 1167 286 605 1168 285 606 1169 285 606 1170 286 605 1171 284 607 1172 285 606 1173 284 607 1174 283 608 1175 283 608 1176 284 607 1177 282 609 1178 283 608 1179 282 609 1180 281 610 1181 281 610 1182 282 609 1183 280 611 1184 281 610 1185 280 611 1186 279 612 1187 279 612 1188 280 611 1189 278 613 1190 279 612 1191 278 613 1192 277 614 1193 277 614 1194 278 613 1195 276 615 1196 277 614 1197 276 615 1198 274 616 1199 277 614 1200 274 616 1201 301 617 1202 301 617 1203 274 616 1204 300 618 1205 301 617 1206 302 619 1207 277 614 1208 277 614 1209 302 619 1210 279 612 1211 303 620 1212 304 621 1213 279 612 1214 279 612 1215 304 621 1216 281 610 1217 281 610 1218 304 621 1219 305 622 1220 306 623 1221 307 624 1222 283 625 1223 292 626 1224 290 627 1225 291 628 1226 285 629 1227 291 630 1228 293 631 1229 295 632 1230 285 633 1231 294 634 1232 299 635 1233 289 602 1234 298 636 1235 298 636 1236 289 602 1237 599 637 1238 599 637 1239 289 602 1240 287 604 1241 599 637 1242 287 604 1243 600 638 1244 310 639 1245 308 640 1246 309 641 1247 316 642 1248 317 643 1249 318 644 1250 318 644 1251 317 643 1252 319 645 1253 318 644 1254 319 645 1255 320 646 1256 320 646 1257 319 645 1258 321 647 1259 320 646 1260 321 647 1261 322 648 1262 322 648 1263 321 647 1264 323 649 1265 323 649 1266 321 647 1267 325 650 1268 323 649 1269 325 650 1270 326 651 1271 326 651 1272 325 650 1273 327 652 1274 326 651 1275 327 652 1276 328 653 1277 321 647 1278 319 645 1279 324 654 1280 321 647 1281 324 654 1282 325 650 1283 345 655 1284 355 656 1285 354 657 1286 345 655 1287 354 657 1288 359 658 1289 359 658 1290 354 657 1291 360 659 1292 359 658 1293 346 660 1294 345 655 1295 345 655 1296 346 660 1297 347 661 1298 345 655 1299 347 661 1300 348 662 1301 348 662 1302 347 661 1303 349 663 1304 349 663 1305 347 661 1306 351 664 1307 351 664 1308 347 661 1309 350 665 1310 350 665 1311 347 661 1312 346 660 1313 355 656 1314 345 655 1315 348 662 1316 376 666 1317 350 667 1318 374 668 1319 376 666 1320 374 668 1321 375 669 1322 363 670 1323 351 671 1324 376 672 1325 363 670 1326 376 672 1327 372 673 1328 378 674 1329 377 675 1330 376 676 1331 371 677 1332 372 678 1333 373 679 1334 353 680 1335 349 681 1336 352 682 1337 362 683 1338 363 684 1339 361 685 1340 361 685 1341 363 684 1342 364 686 1343 364 686 1344 363 684 1345 365 687 1346 364 686 1347 365 687 1348 366 688 1349 369 689 1350 365 687 1351 363 684 1352 369 689 1353 363 684 1354 370 690 1355 369 689 1356 370 690 1357 367 691 1358 369 689 1359 367 691 1360 368 692 1361 358 693 1362 356 694 1363 357 695 1364 1353 696 1365 357 697 1366 1354 698 1367 1260 699 1368 1261 700 1369 1259 701 1370 1260 699 1371 1259 701 1372 1258 702 1373 1258 702 1374 1259 701 1375 1257 703 1376 1258 702 1377 1257 703 1378 1256 704 1379 1256 704 1380 1257 703 1381 380 705 1382 1256 704 1383 380 705 1384 379 706 1385 379 706 1386 380 705 1387 381 707 1388 381 707 1389 380 705 1390 382 708 1391 1262 709 1392 1260 710 1393 1263 711 1394 1264 712 1395 1272 713 1396 1271 714 1397 1264 712 1398 1271 714 1399 1265 715 1400 1265 715 1401 1271 714 1402 1268 716 1403 1265 715 1404 1268 716 1405 1267 717 1406 1267 717 1407 1268 716 1408 1269 718 1409 1269 718 1410 1268 716 1411 1254 719 1412 1254 719 1413 1268 716 1414 1255 720 1415 1255 720 1416 1268 716 1417 1271 714 1418 1255 720 1419 1271 714 1420 1256 704 1421 1256 704 1422 1271 714 1423 1258 702 1424 1264 712 1425 1265 715 1426 1263 721 1427 1263 721 1428 1265 715 1429 1266 722 1430 1266 722 1431 1265 715 1432 1267 717 1433 1256 704 1434 379 706 1435 1255 720 1436 1255 720 1437 379 706 1438 381 707 1439 1255 720 1440 381 707 1441 1254 719 1442 1254 719 1443 381 707 1444 1253 723 1445 1254 719 1446 1253 723 1447 384 724 1448 1254 719 1449 384 724 1450 1270 725 1451 385 726 1452 386 727 1453 384 728 1454 385 726 1455 384 728 1456 383 729 1457 385 726 1458 383 729 1459 382 708 1460 382 708 1461 383 729 1462 381 707 1463 382 708 1464 389 730 1465 385 726 1466 385 726 1467 389 730 1468 388 731 1469 385 726 1470 388 731 1471 387 732 1472 388 731 1473 389 730 1474 390 733 1475 388 731 1476 390 733 1477 391 734 1478 391 734 1479 390 733 1480 392 735 1481 917 736 1482 408 737 1483 393 738 1484 393 738 1485 408 737 1486 405 739 1487 393 738 1488 405 739 1489 394 740 1490 393 738 1491 394 740 1492 395 741 1493 395 741 1494 394 740 1495 396 742 1496 916 743 1497 915 744 1498 913 745 1499 913 745 1500 915 744 1501 914 746 1502 913 745 1503 914 746 1504 912 747 1505 912 747 1506 914 746 1507 393 738 1508 912 747 1509 393 738 1510 395 741 1511 912 747 1512 395 741 1513 854 748 1514 854 748 1515 395 741 1516 857 749 1517 854 748 1518 857 749 1519 856 750 1520 913 745 1521 912 747 1522 854 748 1523 395 741 1524 911 751 1525 857 749 1526 397 752 1527 395 741 1528 396 742 1529 399 753 1530 397 754 1531 398 755 1532 398 755 1533 397 754 1534 400 756 1535 400 757 1536 401 758 1537 402 759 1538 395 760 1539 401 761 1540 860 762 1541 861 763 1542 859 764 1543 860 765 1544 860 765 1545 859 764 1546 857 766 1547 857 766 1548 859 764 1549 858 767 1550 853 768 1551 854 769 1552 855 770 1553 405 771 1554 403 772 1555 404 773 1556 405 774 1557 406 775 1558 407 776 1559 410 777 1560 411 778 1561 409 779 1562 410 777 1563 409 779 1564 953 780 1565 953 780 1566 409 779 1567 954 781 1568 953 780 1569 954 781 1570 1374 782 1571 1374 782 1572 954 781 1573 1375 783 1574 1375 783 1575 954 781 1576 955 784 1577 1375 783 1578 955 784 1579 1376 785 1580 1376 785 1581 955 784 1582 1377 786 1583 1377 786 1584 955 784 1585 1378 787 1586 1377 786 1587 1378 787 1588 1379 788 1589 409 779 1590 411 778 1591 412 789 1592 409 779 1593 412 789 1594 1378 787 1595 1378 787 1596 412 789 1597 1380 790 1598 953 780 1599 1374 782 1600 947 791 1601 947 791 1602 1374 782 1603 1373 792 1604 947 791 1605 1373 792 1606 1042 793 1607 1042 793 1608 1373 792 1609 1372 794 1610 1042 793 1611 1372 794 1612 1370 795 1613 1042 793 1614 1370 795 1615 1371 796 1616 955 784 1617 954 781 1618 409 779 1619 955 784 1620 409 779 1621 1378 787 1622 414 797 1623 412 798 1624 413 799 1625 1041 800 1626 1042 801 1627 1043 802 1628 1045 803 1629 1044 804 1630 1042 805 1631 1370 806 1632 1367 807 1633 1369 808 1634 1369 808 1635 1367 807 1636 1368 809 1637 948 810 1638 949 811 1639 947 812 1640 947 812 1641 949 811 1642 950 813 1643 950 813 1644 949 811 1645 951 814 1646 950 813 1647 951 814 1648 952 815 1649 417 816 1650 415 817 1651 416 818 1652 418 819 1653 419 820 1654 420 821 1655 424 822 1656 425 823 1657 423 824 1658 424 822 1659 423 824 1660 422 825 1661 422 825 1662 423 824 1663 421 826 1664 422 825 1665 421 826 1666 436 827 1667 436 827 1668 421 826 1669 437 828 1670 436 827 1671 437 828 1672 438 829 1673 438 829 1674 437 828 1675 439 830 1676 439 830 1677 437 828 1678 440 831 1679 429 832 1680 426 833 1681 428 834 1682 428 834 1683 426 833 1684 427 835 1685 427 835 1686 426 833 1687 681 836 1688 427 835 1689 681 836 1690 682 837 1691 427 835 1692 682 837 1693 683 838 1694 427 835 1695 683 838 1696 946 839 1697 940 840 1698 428 841 1699 683 842 1700 940 840 1701 683 842 1702 945 843 1703 940 840 1704 945 843 1705 941 844 1706 941 844 1707 945 843 1708 944 845 1709 941 844 1710 944 845 1711 943 846 1712 941 844 1713 943 846 1714 942 847 1715 941 844 1716 942 847 1717 933 848 1718 941 844 1719 933 848 1720 936 849 1721 936 849 1722 933 848 1723 935 850 1724 936 849 1725 935 850 1726 937 851 1727 936 849 1728 937 851 1729 938 852 1730 938 852 1731 937 851 1732 939 853 1733 938 852 1734 939 853 1735 435 854 1736 938 852 1737 435 854 1738 432 855 1739 432 855 1740 435 854 1741 434 856 1742 432 855 1743 434 856 1744 433 857 1745 432 855 1746 433 857 1747 430 858 1748 940 840 1749 941 844 1750 936 849 1751 940 840 1752 936 849 1753 938 852 1754 940 840 1755 938 852 1756 428 841 1757 428 841 1758 938 852 1759 432 855 1760 933 848 1761 934 859 1762 935 850 1763 431 860 1764 430 861 1765 426 862 1766 681 836 1767 426 833 1768 679 863 1769 679 863 1770 426 833 1771 680 864 1772 679 863 1773 680 864 1774 433 865 1775 679 863 1776 433 865 1777 678 866 1778 443 867 1779 441 868 1780 442 869 1781 443 867 1782 442 869 1783 444 870 1784 443 867 1785 444 870 1786 445 871 1787 445 871 1788 444 870 1789 446 872 1790 446 872 1791 444 870 1792 457 873 1793 446 872 1794 457 873 1795 458 874 1796 446 872 1797 458 874 1798 459 875 1799 457 873 1800 444 870 1801 456 876 1802 447 877 1803 448 878 1804 449 879 1805 449 879 1806 448 878 1807 450 880 1808 451 881 1809 452 882 1810 453 883 1811 453 883 1812 452 882 1813 454 884 1814 453 883 1815 454 884 1816 455 885 1817 453 883 1818 455 885 1819 636 886 1820 636 886 1821 455 885 1822 634 887 1823 636 886 1824 634 887 1825 635 888 1826 636 886 1827 635 888 1828 637 889 1829 637 889 1830 635 888 1831 638 890 1832 453 883 1833 636 886 1834 972 891 1835 972 891 1836 636 886 1837 637 889 1838 972 891 1839 637 889 1840 973 892 1841 973 892 1842 637 889 1843 974 893 1844 455 885 1845 632 894 1846 634 887 1847 634 887 1848 632 894 1849 633 895 1850 634 887 1851 633 895 1852 635 888 1853 630 896 1854 633 895 1855 632 894 1856 630 896 1857 632 894 1858 631 897 1859 632 898 1860 967 899 1861 968 900 1862 627 901 1863 628 902 1864 629 903 1865 629 903 1866 628 902 1867 630 904 1868 630 904 1869 628 902 1870 639 905 1871 639 905 1872 628 902 1873 640 906 1874 461 907 1875 462 908 1876 460 909 1877 460 909 1878 462 908 1879 463 910 1880 463 910 1881 462 908 1882 464 911 1883 463 910 1884 464 911 1885 465 912 1886 466 913 1887 467 914 1888 468 915 1889 466 913 1890 468 915 1891 469 916 1892 470 917 1893 471 918 1894 472 919 1895 470 917 1896 472 919 1897 473 920 1898 479 921 1899 480 922 1900 481 923 1901 479 921 1902 481 923 1903 482 924 1904 483 925 1905 484 926 1906 485 927 1907 483 925 1908 485 927 1909 486 928 1910 487 929 1911 488 930 1912 489 931 1913 487 929 1914 489 931 1915 490 932 1916 1289 933 1917 1293 934 1918 492 935 1919 1289 933 1920 492 935 1921 491 936 1922 491 936 1923 492 935 1924 493 937 1925 491 936 1926 493 937 1927 494 938 1928 491 936 1929 494 938 1930 1289 933 1931 1289 933 1932 494 938 1933 1290 939 1934 1289 933 1935 1290 939 1936 1291 940 1937 1289 933 1938 1291 940 1939 1292 941 1940 497 942 1941 495 943 1942 496 944 1943 497 942 1944 496 944 1945 498 945 1946 497 942 1947 498 945 1948 499 946 1949 499 946 1950 498 945 1951 500 947 1952 512 948 1953 516 949 1954 515 950 1955 515 950 1956 516 949 1957 517 951 1958 517 951 1959 516 949 1960 518 952 1961 1342 953 1962 1343 954 1963 522 955 1964 522 955 1965 1343 954 1966 521 956 1967 522 955 1968 521 956 1969 520 957 1970 520 957 1971 521 956 1972 519 958 1973 520 957 1974 519 958 1975 541 959 1976 541 959 1977 519 958 1978 539 960 1979 541 959 1980 539 960 1981 540 961 1982 540 961 1983 539 960 1984 538 962 1985 538 962 1986 539 960 1987 535 963 1988 535 963 1989 539 960 1990 523 964 1991 523 964 1992 539 960 1993 519 958 1994 523 964 1995 519 958 1996 524 965 1997 524 965 1998 519 958 1999 521 956 2000 542 966 2001 543 967 2002 522 968 2003 522 968 2004 543 967 2005 544 969 2006 544 969 2007 543 967 2008 545 970 2009 535 971 2010 536 972 2011 537 973 2012 1078 974 2013 540 975 2014 1079 976 2015 1078 974 2016 1079 976 2017 1077 977 2018 1082 978 2019 1081 979 2020 1079 980 2021 1080 981 2022 528 982 2023 1079 983 2024 1079 983 2025 528 982 2026 1076 984 2027 1074 985 2028 1075 986 2029 1076 987 2030 528 988 2031 530 989 2032 529 990 2033 528 988 2034 529 990 2035 527 991 2036 528 988 2037 527 991 2038 526 992 2039 526 992 2040 527 991 2041 525 993 2042 526 992 2043 533 994 2044 528 988 2045 528 988 2046 533 994 2047 534 995 2048 534 995 2049 533 994 2050 532 996 2051 532 996 2052 533 994 2053 531 997 2054 547 998 2055 548 999 2056 546 1000 2057 546 1000 2058 548 999 2059 549 1001 2060 548 1002 2061 551 1003 2062 550 1004 2063 550 1004 2064 551 1003 2065 552 1005 2066 550 1004 2067 552 1005 2068 556 1006 2069 553 1007 2070 552 1005 2071 551 1003 2072 554 1008 2073 555 1009 2074 552 1010 2075 552 1010 2076 555 1009 2077 558 1011 2078 552 1010 2079 558 1011 2080 557 1012 2081 559 1013 2082 578 1014 2083 558 1011 2084 559 1013 2085 558 1011 2086 555 1009 2087 559 1013 2088 555 1009 2089 560 1015 2090 560 1015 2091 555 1009 2092 553 1016 2093 560 1015 2094 553 1016 2095 564 1017 2096 560 1015 2097 564 1017 2098 562 1018 2099 560 1015 2100 562 1018 2101 561 1019 2102 560 1015 2103 561 1019 2104 559 1013 2105 559 1013 2106 561 1019 2107 576 1020 2108 559 1013 2109 576 1020 2110 577 1021 2111 577 1021 2112 576 1020 2113 575 1022 2114 575 1022 2115 576 1020 2116 573 1023 2117 575 1022 2118 573 1023 2119 574 1024 2120 574 1024 2121 573 1023 2122 571 1025 2123 571 1025 2124 573 1023 2125 572 1026 2126 572 1026 2127 573 1023 2128 592 1027 2129 572 1026 2130 592 1027 2131 593 1028 2132 592 1027 2133 573 1023 2134 576 1020 2135 592 1027 2136 576 1020 2137 561 1019 2138 592 1027 2139 561 1019 2140 563 1029 2141 563 1029 2142 561 1019 2143 562 1018 2144 563 1029 2145 562 1018 2146 564 1017 2147 563 1029 2148 564 1017 2149 565 1030 2150 563 1029 2151 565 1030 2152 566 1031 2153 566 1031 2154 565 1030 2155 567 1032 2156 566 1031 2157 567 1032 2158 568 1033 2159 563 1029 2160 566 1031 2161 592 1027 2162 571 1034 2163 568 1035 2164 570 1036 2165 570 1036 2166 568 1035 2167 569 1037 2168 579 1038 2169 580 1039 2170 581 1040 2171 581 1040 2172 580 1039 2173 582 1041 2174 581 1040 2175 582 1041 2176 583 1042 2177 927 1043 2178 926 1044 2179 925 1045 2180 927 1043 2181 925 1045 2182 1332 1046 2183 1332 1046 2184 925 1045 2185 932 1047 2186 932 1047 2187 925 1045 2188 918 1048 2189 932 1047 2190 918 1048 2191 931 1049 2192 931 1049 2193 918 1048 2194 581 1050 2195 581 1050 2196 918 1048 2197 590 1051 2198 924 1052 2199 921 1053 2200 923 1054 2201 923 1054 2202 921 1053 2203 922 1055 2204 922 1055 2205 921 1053 2206 920 1056 2207 922 1055 2208 920 1056 2209 925 1045 2210 925 1045 2211 920 1056 2212 918 1048 2213 918 1048 2214 920 1056 2215 584 1057 2216 918 1048 2217 584 1057 2218 588 1058 2219 588 1058 2220 584 1057 2221 587 1059 2222 588 1058 2223 587 1059 2224 589 1060 2225 588 1058 2226 589 1060 2227 590 1061 2228 590 1061 2229 589 1060 2230 591 1062 2231 584 1057 2232 920 1056 2233 921 1053 2234 588 1058 2235 919 1063 2236 918 1048 2237 584 1064 2238 585 1065 2239 586 1066 2240 596 1067 2241 594 1068 2242 595 1069 2243 597 1070 2244 595 1071 2245 598 1072 2246 608 1073 2247 606 1074 2248 607 1075 2249 608 1073 2250 607 1075 2251 609 1076 2252 609 1076 2253 607 1075 2254 656 1077 2255 609 1076 2256 656 1077 2257 657 1078 2258 609 1076 2259 657 1078 2260 661 1079 2261 609 1076 2262 661 1079 2263 660 1080 2264 660 1080 2265 661 1079 2266 929 1081 2267 660 1080 2268 929 1081 2269 928 1082 2270 610 1083 2271 608 1073 2272 609 1076 2273 610 1083 2274 609 1076 2275 611 1084 2276 611 1084 2277 609 1076 2278 660 1080 2279 611 1084 2280 660 1080 2281 658 1085 2282 611 1084 2283 658 1085 2284 659 1086 2285 930 1087 2286 929 1081 2287 661 1079 2288 930 1087 2289 661 1079 2290 662 1088 2291 662 1088 2292 661 1079 2293 657 1078 2294 662 1088 2295 657 1078 2296 663 1089 2297 662 1088 2298 663 1089 2299 664 1090 2300 662 1088 2301 664 1090 2302 665 1091 2303 643 1092 2304 644 1093 2305 641 1094 2306 643 1092 2307 641 1094 2308 642 1095 2309 642 1095 2310 641 1094 2311 646 1096 2312 646 1096 2313 641 1094 2314 645 1097 2315 648 1098 2316 649 1099 2317 647 1100 2318 647 1100 2319 649 1099 2320 650 1101 2321 650 1101 2322 649 1099 2323 651 1102 2324 650 1101 2325 651 1102 2326 652 1103 2327 652 1103 2328 651 1102 2329 653 1104 2330 652 1103 2331 653 1104 2332 654 1105 2333 654 1105 2334 653 1104 2335 893 1106 2336 654 1105 2337 893 1106 2338 894 1107 2339 654 1105 2340 894 1107 2341 895 1108 2342 655 1109 2343 652 1103 2344 654 1105 2345 893 1106 2346 653 1104 2347 892 1110 2348 892 1110 2349 653 1104 2350 891 1111 2351 892 1110 2352 891 1111 2353 1386 1112 2354 892 1110 2355 1386 1112 2356 1387 1113 2357 892 1110 2358 1387 1113 2359 1388 1114 2360 891 1111 2361 653 1104 2362 651 1102 2363 891 1111 2364 651 1102 2365 649 1099 2366 649 1115 2367 887 1116 2368 888 1117 2369 889 1118 2370 888 1119 2371 890 1120 2372 666 1121 2373 667 1122 2374 668 1123 2375 666 1121 2376 668 1123 2377 669 1124 2378 669 1125 2379 670 1126 2380 671 1127 2381 669 1125 2382 671 1127 2383 672 1128 2384 672 1128 2385 671 1127 2386 673 1129 2387 673 1129 2388 671 1127 2389 674 1130 2390 673 1129 2391 674 1130 2392 675 1131 2393 675 1131 2394 674 1130 2395 676 1132 2396 675 1131 2397 676 1132 2398 677 1133 2399 699 1134 2400 697 1135 2401 698 1136 2402 700 1137 2403 698 1138 2404 701 1139 2405 702 1140 2406 699 1141 2407 701 1142 2408 702 1140 2409 701 1142 2410 703 1143 2411 703 1143 2412 701 1142 2413 704 1144 2414 703 1143 2415 704 1144 2416 705 1145 2417 706 1146 2418 707 1147 2419 708 1148 2420 706 1146 2421 708 1148 2422 709 1149 2423 709 1149 2424 708 1148 2425 710 1150 2426 709 1149 2427 710 1150 2428 711 1151 2429 709 1149 2430 711 1151 2431 712 1152 2432 712 1152 2433 711 1151 2434 713 1153 2435 714 1154 2436 715 1155 2437 716 1156 2438 716 1156 2439 715 1155 2440 717 1157 2441 716 1156 2442 717 1157 2443 718 1158 2444 718 1158 2445 717 1157 2446 719 1159 2447 720 1160 2448 719 1161 2449 721 1162 2450 721 1162 2451 719 1161 2452 722 1163 2453 721 1162 2454 722 1163 2455 723 1164 2456 723 1164 2457 722 1163 2458 724 1165 2459 723 1164 2460 724 1165 2461 725 1166 2462 728 1167 2463 726 1168 2464 727 1169 2465 729 1170 2466 730 1171 2467 731 1172 2468 731 1172 2469 730 1171 2470 732 1173 2471 731 1172 2472 732 1173 2473 733 1174 2474 736 1175 2475 734 1176 2476 735 1177 2477 738 1178 2478 739 1179 2479 737 1180 2480 737 1180 2481 739 1179 2482 740 1181 2483 740 1181 2484 739 1179 2485 741 1182 2486 741 1182 2487 739 1179 2488 742 1183 2489 741 1182 2490 742 1183 2491 743 1184 2492 744 1185 2493 745 1186 2494 746 1187 2495 744 1185 2496 746 1187 2497 747 1188 2498 747 1188 2499 746 1187 2500 748 1189 2501 748 1189 2502 746 1187 2503 749 1190 2504 748 1189 2505 749 1190 2506 750 1191 2507 751 1192 2508 752 1193 2509 753 1194 2510 751 1192 2511 753 1194 2512 754 1195 2513 754 1195 2514 753 1194 2515 755 1196 2516 754 1195 2517 755 1196 2518 756 1197 2519 754 1195 2520 756 1197 2521 757 1198 2522 761 1199 2523 763 1200 2524 764 1201 2525 761 1199 2526 764 1201 2527 758 1202 2528 758 1202 2529 764 1201 2530 759 1203 2531 758 1202 2532 759 1203 2533 760 1204 2534 758 1202 2535 760 1204 2536 761 1199 2537 761 1199 2538 760 1204 2539 762 1205 2540 785 1206 2541 786 1207 2542 784 1208 2543 784 1208 2544 786 1207 2545 787 1209 2546 784 1208 2547 787 1209 2548 848 1210 2549 848 1210 2550 787 1209 2551 849 1211 2552 848 1210 2553 849 1211 2554 809 1212 2555 809 1212 2556 849 1211 2557 807 1213 2558 807 1213 2559 849 1211 2560 811 1214 2561 807 1213 2562 811 1214 2563 790 1215 2564 790 1215 2565 811 1214 2566 787 1209 2567 790 1215 2568 787 1209 2569 789 1216 2570 789 1216 2571 787 1209 2572 788 1217 2573 789 1216 2574 788 1217 2575 801 1218 2576 789 1216 2577 801 1218 2578 802 1219 2579 789 1216 2580 802 1219 2581 803 1220 2582 789 1216 2583 803 1220 2584 800 1221 2585 800 1221 2586 803 1220 2587 804 1222 2588 800 1221 2589 804 1222 2590 805 1223 2591 805 1223 2592 804 1222 2593 806 1224 2594 805 1223 2595 806 1224 2596 807 1213 2597 807 1213 2598 806 1224 2599 808 1225 2600 807 1213 2601 808 1225 2602 809 1212 2603 809 1212 2604 808 1225 2605 810 1226 2606 787 1209 2607 786 1207 2608 788 1217 2609 848 1210 2610 847 1227 2611 784 1208 2612 849 1211 2613 787 1209 2614 811 1214 2615 791 1228 2616 805 1223 2617 807 1213 2618 791 1228 2619 807 1213 2620 790 1215 2621 791 1228 2622 790 1215 2623 789 1216 2624 791 1228 2625 789 1216 2626 792 1229 2627 792 1229 2628 789 1216 2629 800 1221 2630 792 1229 2631 800 1221 2632 805 1223 2633 792 1229 2634 805 1223 2635 791 1228 2636 797 1230 2637 798 1231 2638 796 1232 2639 797 1230 2640 796 1232 2641 795 1233 2642 795 1233 2643 796 1232 2644 793 1234 2645 795 1233 2646 793 1234 2647 794 1235 2648 795 1233 2649 794 1235 2650 797 1230 2651 793 1234 2652 796 1232 2653 799 1236 2654 813 1237 2655 814 1238 2656 812 1239 2657 812 1239 2658 814 1238 2659 815 1240 2660 821 1241 2661 822 1242 2662 823 1243 2663 826 1244 2664 824 1245 2665 825 1246 2666 829 1247 2667 828 1248 2668 826 1249 2669 826 1249 2670 828 1248 2671 827 1250 2672 830 1251 2673 831 1252 2674 832 1253 2675 835 1254 2676 833 1255 2677 834 1256 2678 835 1254 2679 834 1256 2680 836 1257 2681 835 1254 2682 836 1257 2683 837 1258 2684 837 1258 2685 836 1257 2686 838 1259 2687 838 1259 2688 836 1257 2689 839 1260 2690 840 1261 2691 841 1262 2692 842 1263 2693 842 1263 2694 841 1262 2695 843 1264 2696 842 1263 2697 843 1264 2698 844 1265 2699 842 1263 2700 844 1265 2701 845 1266 2702 845 1266 2703 844 1265 2704 846 1267 2705 876 1268 2706 877 1269 2707 875 1270 2708 875 1270 2709 877 1269 2710 360 1271 2711 360 1271 2712 877 1269 2713 878 1272 2714 354 657 2715 1352 1273 2716 360 659 2717 360 659 2718 1352 1273 2719 1351 1274 2720 897 1275 2721 898 1276 2722 896 1277 2723 896 1277 2724 898 1276 2725 899 1278 2726 899 1278 2727 898 1276 2728 900 1279 2729 899 1278 2730 900 1279 2731 901 1280 2732 899 1278 2733 901 1280 2734 902 1281 2735 902 1281 2736 901 1280 2737 903 1282 2738 902 1281 2739 903 1282 2740 904 1283 2741 902 1281 2742 904 1283 2743 905 1284 2744 905 1284 2745 904 1283 2746 906 1285 2747 905 1284 2748 906 1285 2749 1143 1286 2750 905 1284 2751 1143 1286 2752 1142 1287 2753 1142 1287 2754 1143 1286 2755 1149 1288 2756 1142 1287 2757 1149 1288 2758 1150 1289 2759 1142 1287 2760 1150 1289 2761 1151 1290 2762 1151 1290 2763 1150 1289 2764 1152 1291 2765 1151 1290 2766 1152 1291 2767 1153 1292 2768 1151 1290 2769 1153 1292 2770 1154 1293 2771 1154 1293 2772 1153 1292 2773 1156 1294 2774 1154 1293 2775 1156 1294 2776 1157 1295 2777 1157 1295 2778 1156 1294 2779 1158 1296 2780 1157 1295 2781 1158 1296 2782 1139 1297 2783 1157 1295 2784 1139 1297 2785 1140 1298 2786 1140 1298 2787 1139 1297 2788 899 1278 2789 1140 1298 2790 899 1278 2791 902 1281 2792 1140 1298 2793 902 1281 2794 905 1284 2795 1140 1298 2796 905 1284 2797 1141 1299 2798 1141 1299 2799 905 1284 2800 1142 1287 2801 1151 1290 2802 1155 1300 2803 1142 1287 2804 1159 1301 2805 1154 1293 2806 1157 1295 2807 1159 1301 2808 1157 1295 2809 1141 1299 2810 1141 1299 2811 1157 1295 2812 1140 1298 2813 1139 1297 2814 896 1277 2815 899 1278 2816 958 1302 2817 956 1303 2818 957 1304 2819 958 1302 2820 957 1304 2821 959 1305 2822 958 1302 2823 959 1305 2824 960 1306 2825 960 1306 2826 959 1305 2827 961 1307 2828 1050 1308 2829 1049 1309 2830 1051 1310 2831 1051 1310 2832 1049 1309 2833 1052 1311 2834 1051 1310 2835 1052 1311 2836 1053 1312 2837 1051 1310 2838 1053 1312 2839 957 1313 2840 957 1313 2841 1053 1312 2842 1054 1314 2843 957 1313 2844 1054 1314 2845 963 1315 2846 963 1315 2847 1054 1314 2848 965 1316 2849 963 1315 2850 965 1316 2851 964 1317 2852 963 1315 2853 964 1317 2854 962 1318 2855 962 1318 2856 964 1317 2857 1061 1319 2858 1051 1320 2859 1063 1321 2860 1064 1322 2861 1066 1323 2862 1051 1324 2863 1065 1325 2864 1049 1326 2865 1048 1327 2866 1047 1328 2867 1047 1328 2868 1048 1327 2869 1046 1329 2870 1054 1314 2871 1055 1330 2872 965 1316 2873 965 1316 2874 1055 1330 2875 966 1331 2876 965 1316 2877 966 1331 2878 964 1317 2879 966 1331 2880 1055 1330 2881 1056 1332 2882 966 1331 2883 1056 1332 2884 1057 1333 2885 966 1331 2886 1057 1333 2887 1058 1334 2888 1058 1334 2889 1057 1333 2890 1059 1335 2891 966 1331 2892 1058 1334 2893 1062 1336 2894 1062 1336 2895 1058 1334 2896 1061 1337 2897 1061 1337 2898 1058 1334 2899 1060 1338 2900 1069 1339 2901 1068 1340 2902 1061 1341 2903 1061 1341 2904 1068 1340 2905 1067 1342 2906 969 1343 2907 970 1344 2908 971 1345 2909 977 1346 2910 975 1347 2911 976 1348 2912 977 1346 2913 976 1348 2914 978 1349 2915 980 1350 2916 979 1351 2917 978 1352 2918 977 1353 2919 981 1354 2920 982 1355 2921 982 1355 2922 981 1354 2923 983 1356 2924 983 1356 2925 981 1354 2926 984 1357 2927 983 1356 2928 984 1357 2929 985 1358 2930 985 1358 2931 984 1357 2932 1350 1359 2933 985 1360 2934 1349 1361 2935 1348 1362 2936 1348 1362 2937 1349 1361 2938 1347 1363 2939 987 1364 2940 988 1365 2941 986 1366 2942 986 1366 2943 988 1365 2944 989 1367 2945 989 1367 2946 988 1365 2947 990 1368 2948 990 1368 2949 988 1365 2950 991 1369 2951 990 1368 2952 991 1369 2953 992 1370 2954 988 1365 2955 1167 1371 2956 1166 1372 2957 988 1365 2958 1166 1372 2959 1165 1373 2960 988 1365 2961 1165 1373 2962 991 1369 2963 991 1369 2964 1165 1373 2965 1164 1374 2966 991 1369 2967 1164 1374 2968 1162 1375 2969 991 1369 2970 1162 1375 2971 1163 1376 2972 1165 1373 2973 1242 1377 2974 1243 1378 2975 1165 1373 2976 1243 1378 2977 1244 1379 2978 1165 1373 2979 1244 1379 2980 1164 1374 2981 1164 1374 2982 1244 1379 2983 1174 1380 2984 1174 1380 2985 1244 1379 2986 1248 1381 2987 1248 1381 2988 1244 1379 2989 1247 1382 2990 1247 1382 2991 1244 1379 2992 1246 1383 2993 1246 1383 2994 1244 1379 2995 1245 1384 2996 1172 1385 2997 1173 1386 2998 1174 1387 2999 997 1388 3000 998 1389 3001 996 1390 3002 997 1388 3003 996 1390 3004 995 1391 3005 995 1391 3006 996 1390 3007 993 1392 3008 995 1391 3009 993 1392 3010 994 1393 3011 995 1391 3012 994 1393 3013 1004 1394 3014 1004 1394 3015 994 1393 3016 1005 1395 3017 1004 1394 3018 1005 1395 3019 1006 1396 3020 1006 1396 3021 1005 1395 3022 1007 1397 3023 1006 1396 3024 1007 1397 3025 1008 1398 3026 1003 1399 3027 997 1388 3028 995 1391 3029 1003 1399 3030 995 1391 3031 1004 1394 3032 1003 1399 3033 1004 1394 3034 1023 1400 3035 1023 1400 3036 1004 1394 3037 1022 1401 3038 1023 1400 3039 1022 1401 3040 1021 1402 3041 1021 1402 3042 1022 1401 3043 1020 1403 3044 1021 1402 3045 1020 1403 3046 1019 1404 3047 1019 1404 3048 1020 1403 3049 1017 1405 3050 1019 1404 3051 1017 1405 3052 1018 1406 3053 1018 1406 3054 1017 1405 3055 1016 1407 3056 1016 1407 3057 1017 1405 3058 1014 1408 3059 1016 1407 3060 1014 1408 3061 1015 1409 3062 1015 1409 3063 1014 1408 3064 1013 1410 3065 1013 1410 3066 1014 1408 3067 1011 1411 3068 1011 1411 3069 1014 1408 3070 1017 1405 3071 1011 1411 3072 1017 1405 3073 1020 1403 3074 1011 1411 3075 1020 1403 3076 1010 1412 3077 1010 1412 3078 1020 1403 3079 1006 1396 3080 1010 1412 3081 1006 1396 3082 1009 1413 3083 1010 1412 3084 1009 1413 3085 1011 1411 3086 1011 1411 3087 1009 1413 3088 1012 1414 3089 1011 1411 3090 1012 1414 3091 1013 1410 3092 1022 1401 3093 1004 1394 3094 1006 1396 3095 1022 1401 3096 1006 1396 3097 1020 1403 3098 1024 1415 3099 1025 1416 3100 1026 1417 3101 1024 1415 3102 1026 1417 3103 1027 1418 3104 1027 1418 3105 1026 1417 3106 1028 1419 3107 1027 1418 3108 1028 1419 3109 1029 1420 3110 1031 1421 3111 1030 1422 3112 1029 1423 3113 1031 1421 3114 1029 1423 3115 1032 1424 3116 1032 1424 3117 1029 1423 3118 1033 1425 3119 1032 1424 3120 1033 1425 3121 1034 1426 3122 1032 1424 3123 1034 1426 3124 1035 1427 3125 1035 1427 3126 1034 1426 3127 1036 1428 3128 1040 1429 3129 1039 1430 3130 1038 1431 3131 1038 1431 3132 1039 1430 3133 1037 1432 3134 1038 1431 3135 1037 1432 3136 1287 1433 3137 1287 1433 3138 1037 1432 3139 1286 1434 3140 1038 1431 3141 1287 1433 3142 1288 1435 3143 1072 1436 3144 1070 1437 3145 1071 1438 3146 1072 1436 3147 1071 1438 3148 1073 1439 3149 1085 1440 3150 1083 1441 3151 1084 1442 3152 1086 1443 3153 1084 1444 3154 1087 1445 3155 1090 1446 3156 1087 1447 3157 1095 1448 3158 1090 1446 3159 1095 1448 3160 1094 1449 3161 1090 1450 3162 1093 1451 3163 1092 1452 3164 1090 1450 3165 1092 1452 3166 1091 1453 3167 1090 1450 3168 1091 1453 3169 1089 1454 3170 1090 1450 3171 1089 1454 3172 1088 1455 3173 1088 1455 3174 1089 1454 3175 1085 1456 3176 1113 1457 3177 1114 1458 3178 1112 1459 3179 1112 1459 3180 1114 1458 3181 1115 1460 3182 1115 1460 3183 1114 1458 3184 1116 1461 3185 1116 1461 3186 1114 1458 3187 1121 1462 3188 1121 1462 3189 1114 1458 3190 1113 1457 3191 1121 1462 3192 1113 1457 3193 1122 1463 3194 1122 1463 3195 1113 1457 3196 1123 1464 3197 1122 1463 3198 1123 1464 3199 1124 1465 3200 1122 1463 3201 1124 1465 3202 1121 1462 3203 1121 1462 3204 1124 1465 3205 1125 1466 3206 1121 1462 3207 1125 1466 3208 1120 1467 3209 1121 1462 3210 1120 1467 3211 1118 1468 3212 1118 1468 3213 1120 1467 3214 1119 1469 3215 1118 1468 3216 1119 1469 3217 1117 1470 3218 1128 1471 3219 1126 1472 3220 1127 1473 3221 1126 1474 3222 1129 1475 3223 1130 1476 3224 1138 1477 3225 1130 1478 3226 1133 1479 3227 1138 1477 3228 1133 1479 3229 1137 1480 3230 1135 1481 3231 1136 1482 3232 1133 1483 3233 1135 1481 3234 1133 1483 3235 1134 1484 3236 1134 1484 3237 1133 1483 3238 1132 1485 3239 1132 1485 3240 1133 1483 3241 1131 1486 3242 1132 1485 3243 1131 1486 3244 1128 1487 3245 1145 1488 3246 1143 1489 3247 1144 1490 3248 1175 1491 3249 1176 1492 3250 1177 1493 3251 1177 1493 3252 1176 1492 3253 1178 1494 3254 1177 1493 3255 1178 1494 3256 1179 1495 3257 1179 1495 3258 1178 1494 3259 1180 1496 3260 1179 1495 3261 1180 1496 3262 1181 1497 3263 1179 1495 3264 1181 1497 3265 1182 1498 3266 1179 1495 3267 1182 1498 3268 1183 1499 3269 1179 1495 3270 1183 1499 3271 1177 1493 3272 1183 1500 3273 1184 1501 3274 1185 1502 3275 1183 1500 3276 1185 1502 3277 1186 1503 3278 1186 1503 3279 1185 1502 3280 1187 1504 3281 1187 1504 3282 1185 1502 3283 1188 1505 3284 1190 1506 3285 1191 1507 3286 1189 1508 3287 1189 1508 3288 1191 1507 3289 1192 1509 3290 1192 1509 3291 1191 1507 3292 1193 1510 3293 1192 1509 3294 1193 1510 3295 1194 1511 3296 1194 1511 3297 1193 1510 3298 1195 1512 3299 1195 1512 3300 1193 1510 3301 1196 1513 3302 1196 1513 3303 1193 1510 3304 1197 1514 3305 1196 1513 3306 1197 1514 3307 1198 1515 3308 1198 1515 3309 1197 1514 3310 1199 1516 3311 1198 1515 3312 1199 1516 3313 1200 1517 3314 1198 1515 3315 1200 1517 3316 1201 1518 3317 1191 1507 3318 1197 1514 3319 1193 1510 3320 1202 1519 3321 1203 1520 3322 1204 1521 3323 1205 1522 3324 1206 1523 3325 1207 1524 3326 1205 1522 3327 1207 1524 3328 1208 1525 3329 1211 1526 3330 1209 1527 3331 1210 1528 3332 1211 1526 3333 1210 1528 3334 1212 1529 3335 1212 1529 3336 1210 1528 3337 1221 1530 3338 1221 1530 3339 1210 1528 3340 1223 1531 3341 1221 1530 3342 1223 1531 3343 1222 1532 3344 1221 1530 3345 1222 1532 3346 1220 1533 3347 1220 1533 3348 1222 1532 3349 1356 1534 3350 1356 1534 3351 1222 1532 3352 1355 1535 3353 1211 1526 3354 1212 1529 3355 1213 1536 3356 1213 1536 3357 1212 1529 3358 1214 1537 3359 1213 1536 3360 1214 1537 3361 1215 1538 3362 1215 1538 3363 1214 1537 3364 1216 1539 3365 1215 1538 3366 1216 1539 3367 1227 1540 3368 1227 1540 3369 1216 1539 3370 1219 1541 3371 1227 1540 3372 1219 1541 3373 1229 1542 3374 1227 1540 3375 1229 1542 3376 1230 1543 3377 1230 1543 3378 1229 1542 3379 1362 1544 3380 1230 1543 3381 1362 1544 3382 1363 1545 3383 1218 1546 3384 1221 1530 3385 1220 1533 3386 1218 1546 3387 1220 1533 3388 1219 1541 3389 1218 1546 3390 1219 1541 3391 1216 1539 3392 1218 1546 3393 1216 1539 3394 1217 1547 3395 1217 1547 3396 1216 1539 3397 1214 1537 3398 1362 1544 3399 1229 1542 3400 1361 1548 3401 1361 1548 3402 1229 1542 3403 1360 1549 3404 1360 1549 3405 1229 1542 3406 1228 1550 3407 1360 1549 3408 1228 1550 3409 1359 1551 3410 1359 1551 3411 1228 1550 3412 1358 1552 3413 1358 1552 3414 1228 1550 3415 1220 1533 3416 1358 1552 3417 1220 1533 3418 1357 1553 3419 1228 1550 3420 1229 1542 3421 1219 1541 3422 1228 1550 3423 1219 1541 3424 1220 1533 3425 1226 1554 3426 1224 1555 3427 1225 1556 3428 1249 1557 3429 1250 1558 3430 1251 1559 3431 1251 1559 3432 1250 1558 3433 1252 1560 3434 1273 1561 3435 1274 1562 3436 1275 1563 3437 1275 1563 3438 1274 1562 3439 1276 1564 3440 1275 1563 3441 1276 1564 3442 1277 1565 3443 1275 1563 3444 1277 1565 3445 1278 1566 3446 1275 1563 3447 1278 1566 3448 1279 1567 3449 1279 1567 3450 1278 1566 3451 1280 1568 3452 1279 1567 3453 1280 1568 3454 1281 1569 3455 1281 1569 3456 1280 1568 3457 1282 1570 3458 1283 1571 3459 1280 1572 3460 1284 1573 3461 1285 1574 3462 1282 1575 3463 1284 1576 3464 1306 1577 3465 1307 1578 3466 1308 1579 3467 1311 1580 3468 1309 1581 3469 1310 1582 3470 1312 1583 3471 1313 1584 3472 1314 1585 3473 1317 1586 3474 1315 1587 3475 1316 1588 3476 1319 1589 3477 1320 1590 3478 1318 1591 3479 1318 1591 3480 1320 1590 3481 1321 1592 3482 1321 1592 3483 1320 1590 3484 1322 1593 3485 1321 1592 3486 1322 1593 3487 1323 1594 3488 1323 1594 3489 1322 1593 3490 1324 1595 3491 1323 1594 3492 1324 1595 3493 1325 1596 3494 1325 1596 3495 1324 1595 3496 1326 1597 3497 1325 1596 3498 1326 1597 3499 1327 1598 3500 1325 1596 3501 1327 1598 3502 1328 1599 3503 1328 1599 3504 1327 1598 3505 1329 1600 3506 1330 1601 3507 1331 1602 3508 1332 1603 3509 1334 1604 3510 1333 1605 3511 1332 1606 3512 1344 1607 3513 1345 1608 3514 1346 1609 3515 1385 1610 3516 1384 1611 3517 1344 1612 3518 1364 1613 3519 1365 1614 3520 1366 1615 3521</p>
        </triangles>
        <triangles material="emblem-material" count="8">
          <input semantic="VERTEX" source="#chest_mp_recon-mesh-vertices" offset="0"/>
          <input semantic="NORMAL" source="#chest_mp_recon-mesh-normals" offset="1"/>
          <input semantic="TEXCOORD" source="#chest_mp_recon-mesh-map-0" offset="2" set="0"/>
          <p>1396 1616 3522 1394 1617 3523 1389 1618 3524 1392 1619 3525 1393 1620 3526 1395 1621 3527 1393 1620 3528 1390 1622 3529 1395 1621 3530 1391 1623 3531 1396 1616 3532 1389 1618 3533 1399 1624 3534 1398 1625 3535 1400 1626 3536 1398 1625 3537 1397 1627 3538 1400 1626 3539 1402 1628 3540 1404 1629 3541 1403 1630 3542 1401 1631 3543 1402 1628 3544 1403 1630 3545</p>
        </triangles>
      </mesh>
    </geometry>
    <geometry id="chest_base-mesh" name="chest:base">
      <mesh>
        <source id="chest_base-mesh-positions">
          <float_array id="chest_base-mesh-positions-array" count="5838">-7.252822 3.425261 48.38594 -6.114306 3.425261 44.81575 -7.252822 -3.605802 48.38594 -6.114306 -3.605802 44.81575 2.188894 5.712081 46.57101 6.106384 1.939955 50.89952 4.978268 1.856723 47.74697 6.106384 -1.940235 50.89952 4.978268 -1.857004 47.74697 2.188894 -5.712361 46.57101 -2.99105 -5.80709 44.52392 1.986822 -5.264472 44.22885 -2.288157 -6.723567 45.11299 2.249318 -6.046209 44.67145 2.289788 -6.151978 45.74979 5.554974 -2.477336 46.76628 0.806433 7.716556 17.2999 0.806433 3.455154 17.2999 0.156375 4.177572 9.538969 0.156375 7.808525 9.538969 -0.4934028 4.899533 8.799109 -0.4934028 4.899533 8.799109 -0.4934028 7.299934 8.799109 0.3064528 4.659952 6.599057 0.3064528 7.90831 6.599057 5.267745 -1.711231 43.00297 2.249318 -6.046209 44.67145 5.267745 -1.711231 43.00297 5.467287 -2.394104 43.43365 5.964174 -1.40071e-4 43.43692 6.052142 -1.40071e-4 46.76628 5.467287 2.393825 43.44017 5.554974 2.476595 46.76628 2.249318 6.045932 44.67145 2.289788 6.151237 45.74979 2.188894 5.712081 46.57101 2.188894 -5.712361 46.57101 2.188894 -5.712361 46.57101 6.106384 -1.940235 50.89952 5.771659 -2.108079 51.14903 5.771659 -2.108079 51.14903 6.106384 1.939955 50.89952 5.771659 2.107799 51.14903 4.721393 -4.626663 41.48963 5.267745 -1.711231 43.00297 1.986822 -5.264472 44.22885 2.540481 -6.241186 42.50178 -3.000607 -6.712989 43.16679 2.540481 -6.241186 42.50178 -3.000607 -6.712989 43.16679 -0.4801921 -6.162552 42.4009 -4.984225 -5.016154 41.17611 1.986822 -5.264472 44.22885 -2.99105 -5.80709 44.52392 -5.592407 -4.942576 42.9303 5.5086 1.41159 38.86215 5.267745 1.710492 43.00297 5.5086 -1.41187 38.86215 3.687428 -5.103065 41.4918 4.721393 -4.626663 41.48963 2.540481 -6.241186 42.50178 4.398753 1.015663 36.22925 4.398753 -1.016402 36.22925 -0.8393682 0.9466842 35.54362 -0.8393682 -0.9469643 35.54362 -4.77625 -1.670305 36.18911 -0.8393682 -0.9469643 35.54362 -5.189387 -2.325587 36.71743 4.372334 -1.842748 36.49937 3.883316 -5.294821 40.44601 3.687428 -5.103065 41.4918 4.372334 -1.842748 36.49937 4.644105 -2.056576 36.04917 3.883316 -5.294821 40.44601 4.096347 -5.802952 39.34382 4.30938 -6.072883 39.1236 1.788404 -3.645348 18.06797 0.806433 -3.455432 17.2999 0.3980733 -2.928907 20.35264 2.520807 -3.375879 22.03089 2.059613 -3.106408 22.26955 0.806433 -3.455432 17.2999 0.806433 -7.717296 17.2999 0.156375 -4.177851 9.538969 0.156375 -7.808804 9.538969 -0.4934028 -4.900271 8.799109 -0.4934028 -4.900271 8.799109 -0.4934028 -7.300214 8.799109 0.3064528 -4.660233 6.599057 0.3064528 -7.908592 6.599057 0.3980733 -8.159669 20.35264 -2.793477 -9.513461 18.99985 -4.293415 -9.892834 15.19966 0.156375 -7.808804 9.538969 -3.80018 -8.800235 8.199193 0.156375 -7.808804 9.538969 -0.4934028 -7.300214 8.799109 -8.093429 -5.802032 15.09985 -7.093469 -4.256485 14.29924 -6.410249 -7.529219 14.29924 -7.410206 -8.074599 15.09985 -4.293415 -9.892834 15.19966 -6.09351 -4.900271 6.999361 -6.09351 -7.300214 6.999361 -3.604573 12.19547 45.57621 -3.272378 11.14794 43.42715 -3.604573 10.64716 45.32669 -2.428118 10.24709 44.24078 -3.604573 12.19547 45.57621 -3.604573 10.64716 45.32669 -2.331157 12.43459 45.08695 -1.971138 10.60118 44.72028 -3.6116 11.26566 47.17744 -1.573459 13.56121 46.27486 -3.023933 11.13506 46.55257 -3.023933 11.13506 46.55257 -2.331157 12.43459 45.08695 -2.331157 12.43459 45.08695 -1.971138 10.60118 44.72028 -1.251943 8.929633 44.4317 -2.486294 10.89732 43.35121 -1.462727 9.843352 40.59355 -2.534072 11.94071 41.83136 -1.059708 11.42016 37.20343 -1.423099 13.24484 37.59832 -0.6564088 12.00417 35.24964 -1.18927 13.62789 35.44057 -1.573459 13.56121 46.27486 -3.6116 11.26566 47.17744 -3.88056 11.55582 47.31847 -3.886743 11.51121 48.23299 0.6645047 -9.05867 57.23172 0.6490462 -10.15449 57.31742 1.77379 -8.737697 55.1369 1.688633 -11.32204 55.30397 1.688633 -11.32204 55.30397 2.883077 -10.601 54.06941 2.818717 -11.97548 48.67885 3.031748 -9.271579 54.1139 2.959239 -10.19909 48.59098 2.107391 -12.04906 48.03554 0.475923 -12.83677 51.81079 1.688633 -11.32204 55.30397 0.3972307 -13.23868 52.06464 1.609941 -11.72441 55.55781 0.3972307 -13.23868 52.06464 -0.4928395 -13.39135 54.62485 -0.4473105 -12.93794 56.65351 -3.604573 -12.19621 45.57621 -3.604573 -10.6479 45.32669 -3.272378 -11.14868 43.42715 -2.428118 -10.24738 44.24078 2.342625 -5.812607 47.95744 4.561197 -3.997592 51.3161 6.605801 -4.353514 51.3736 6.270513 -1.515797 52.65261 6.605801 -4.353514 51.3736 7.801365 -1.781128 52.81535 6.270513 1.515516 52.65261 7.801365 1.780848 52.81535 6.605801 4.353233 51.3736 5.513941 5.553436 52.7904 5.154202 5.249935 55.76176 7.801365 1.780848 52.81535 7.140631 1.68198 54.36124 6.479612 1.68198 55.90605 3.799845 4.999779 58.1994 5.463351 1.68198 56.83359 3.799845 4.999779 58.1994 2.699834 4.799744 58.94902 1.599823 6.599587 59.69972 1.599823 6.599587 59.69972 3.828793 6.753637 55.61748 -6.724176 2.780558 60.92126 -10.4632 2.77182 59.59993 -8.102986 -1.40071e-4 60.92126 -10.4632 -2.772099 59.59993 -6.724176 -2.780836 60.92126 -1.727191 14.06245 46.49942 -3.88056 11.55582 47.31847 -3.88056 11.55582 47.31847 -2.25921 12.60381 51.37468 -3.886743 11.51121 48.23299 -7.250293 -3.33909 49.00322 -7.200548 -3.400249 48.50745 -3.378332 -5.981372 48.06484 -3.000607 -5.800193 46.78256 2.342625 -5.812607 47.95744 2.342625 -5.812607 47.95744 2.188894 -5.712361 46.57101 4.561197 -3.997592 51.3161 5.771659 -2.108079 51.14903 4.561197 -3.997592 51.3161 6.270513 -1.515797 52.65261 5.771659 2.107799 51.14903 1.826346 12.1504 47.18938 1.112491 14.02474 46.92359 2.214187 12.43735 47.73396 2.107391 12.04832 48.03446 2.211659 12.24651 48.47491 -3.694226 9.727009 59.56955 -3.769828 9.303488 59.13995 -1.097932 9.702636 59.89175 -0.8033954 9.246927 59.50228 5.463351 -1.682261 56.83359 5.135372 -1.304267 56.34649 2.699834 -4.800024 58.94902 5.135372 -1.304267 56.34649 4.180381 -1.3852 57.66024 1.599823 -4.599991 59.69972 2.326324 -1.292311 57.80669 1.129915 -3.600285 59.409 2.213064 -1.199421 59.89826 -1.407361 -3.117443 61.1111 2.326324 1.292032 57.80669 2.213064 1.198681 59.89826 1.129915 3.600004 59.409 -1.407361 3.117163 61.1111 1.129915 3.600004 59.409 -4.065768 2.948859 60.32785 -4.13069 1.718311 62.03755 -3.756338 -6.43938 48.06918 -7.250293 -3.33909 49.00322 2.496639 -6.189684 48.06484 -3.378332 -5.981372 48.06484 6.605801 -4.353514 51.3736 -5.02329 10.6628 54.93511 -4.944598 10.26043 54.68019 -4.457546 9.884735 56.7468 -4.009279 9.72517 59.21806 -3.769828 9.303488 59.13995 -3.769828 9.303488 59.13995 -2.25921 12.60381 51.37468 -4.944598 10.26043 54.68019 -5.02329 10.6628 54.93511 -2.338183 13.00618 51.62854 -2.381464 13.2853 54.33087 -3.011568 12.72659 56.24451 -0.4473105 12.9372 56.65351 -1.097932 9.702636 59.89175 -0.6724275 9.650215 59.62163 -0.6724275 9.650215 59.62163 -0.8033954 9.246927 59.50228 0.6490462 10.15375 57.31742 1.609941 11.72412 55.55781 1.688633 11.32176 55.30397 -7.250293 3.338811 49.00322 -7.300036 3.277649 49.49898 -3.756338 6.438641 48.06918 -3.743972 6.730643 49.31674 2.496639 6.189403 48.06484 2.190581 6.886533 49.31132 1.615842 7.739088 55.19657 2.109077 7.145886 55.13256 1.069491 7.28108 51.32369 1.069491 7.28108 51.32369 1.575372 7.025866 50.26489 -3.141411 7.347299 51.06224 -3.545835 7.04702 49.83855 -4.452767 7.080586 52.44757 -3.545835 7.04702 49.83855 -3.743972 6.730643 49.31674 -4.834146 6.68052 52.17963 -4.834146 6.68052 52.17963 -5.184891 6.627178 51.05791 -6.013975 7.044258 55.27901 -6.013975 7.044258 55.27901 -5.444858 7.632862 55.29746 -6.033929 7.354197 57.44327 -5.265551 7.986947 57.27837 -4.653433 8.002581 59.28966 -4.264468 8.304244 58.72772 -2.00374 7.608031 59.4014 -1.995027 8.006718 58.81125 1.213667 6.764212 59.12368 0.168179 7.754261 58.36429 2.797356 6.615685 55.30614 0.168179 7.754261 58.36429 2.50816 6.445538 50.31045 2.109077 7.145886 55.13256 2.190581 6.886533 49.31132 3.225389 6.59637 55.3864 0.05913299 8.869394 57.28162 -0.5316243 8.94573 58.05186 -0.5316243 8.94573 58.05186 -2.08187 9.138404 58.19072 -3.647292 9.214739 57.87503 -4.264468 8.304244 58.72772 -4.12788 9.062989 56.97462 -4.869558 8.076157 54.86569 -3.969932 7.276482 52.56692 -3.969932 7.276482 52.56692 -4.869558 8.076157 54.86569 -5.040715 8.306541 54.79192 -3.881403 7.709658 52.568 -2.957326 7.472837 51.92795 -2.957326 7.472837 51.92795 0.8803472 7.97591 52.86525 0.6459549 7.553308 52.26967 5.463351 1.68198 56.83359 2.699834 4.799744 58.94902 5.135372 1.303527 56.34649 5.135372 1.303527 56.34649 6.730585 1.303527 54.63896 7.140631 -1.682261 54.36124 1.069491 7.28108 51.32369 -3.141411 7.347299 51.06224 -5.444858 7.632862 55.29746 1.615842 7.739088 55.19657 0.6459549 7.553308 52.26967 0.3980733 -7.03856 20.35264 1.206359 -6.811397 23.90332 -2.593653 -7.992743 22.89984 -2.693423 -8.682975 19.14955 -2.693423 -8.682975 19.14955 -5.286911 -6.693675 22.03956 -6.612319 -6.847724 18.14933 -6.612319 -6.847724 18.14933 -5.286911 -4.214179 22.03956 -6.612319 -4.815199 18.14933 -5.147793 -6.731843 26.80526 -5.147793 -3.525788 26.80526 -2.793477 -2.545854 18.99985 -2.593653 -2.677831 22.89984 -2.793477 -2.545854 18.99985 0.3980733 -3.97 20.35264 1.184157 -3.854579 23.97817 -2.428118 10.24709 44.24078 -3.272378 11.14794 43.42715 -2.486294 10.89732 43.35121 -2.534072 11.94071 41.83136 1.112491 14.02474 46.92359 0.475923 12.83603 51.81079 -0.09038299 13.21771 51.77499 -0.5664729 12.60933 54.064 1.112491 14.02474 46.92359 0.5408443 13.51293 46.61007 -1.573459 13.56121 46.27486 0.5408443 13.51293 46.61007 -1.731124 13.59064 45.52957 0.7198699 13.63111 45.10431 0.5408443 13.51293 46.61007 1.825783 12.25249 44.59987 1.899137 10.67062 47.06462 1.825783 11.09138 44.43714 2.253254 10.24985 47.9596 1.899137 10.67062 47.06462 2.253254 10.24985 47.9596 0.3665969 9.883355 46.42565 0.3665969 10.02085 44.64543 -1.163977 9.505362 45.10865 2.253254 10.24985 47.9596 -1.291571 8.69051 46.27377 0.3665969 9.883355 46.42565 -1.227774 9.454779 45.95157 -0.9984411 -9.4546 58.4283 -0.5316243 -8.94647 58.05186 -2.08187 -9.138686 58.19072 -2.217896 -9.556685 58.28293 -3.647292 -9.215478 57.87503 -3.446063 -9.560364 58.13756 2.107391 -12.04906 48.03554 2.211659 -12.24679 48.47491 2.214187 -12.43809 47.73396 1.826346 -12.15114 47.18938 1.112491 -14.02548 46.92359 1.112491 -14.02548 46.92359 0.475923 -12.83677 51.81079 -0.09038299 -13.21845 51.77499 -0.5664729 -12.60961 54.064 -1.727191 -14.06273 46.49942 -1.552381 -13.16005 51.53414 -2.25921 -12.60455 51.37468 -1.939942 -12.57006 53.88716 -3.886743 -11.5115 48.23299 -4.292291 -11.47379 48.60075 -4.944598 -10.26071 54.68019 -4.346533 -10.07033 48.59098 -3.919906 -10.02113 48.23407 -3.886743 -11.5115 48.23299 -3.88056 -11.55656 47.31847 -1.573459 -13.56149 46.27486 -2.381464 -13.28559 54.33087 -1.939942 -12.57006 53.88716 -2.381464 -13.28559 54.33087 -2.338183 -13.00646 51.62854 -2.25921 -12.60455 51.37468 -3.80018 3.499757 8.199193 -0.4934028 4.899533 8.799109 0.156375 4.177572 9.538969 -3.80018 3.499757 8.199193 0.156375 4.177572 9.538969 -4.293415 1.710492 15.19966 0.806433 3.455154 17.2999 -2.793477 2.025486 18.99985 0.3980733 2.928626 20.35264 1.112491 -14.02548 46.92359 0.5408443 -13.51367 46.61007 0.5408443 -13.51367 46.61007 -1.731124 -13.59092 45.52957 0.7198699 -13.63139 45.10431 0.5408443 -13.51367 46.61007 1.825783 -12.25323 44.59987 1.899137 -10.67136 47.06462 1.825783 -11.09211 44.43714 2.253254 -10.25059 47.9596 2.253254 -10.25059 47.9596 1.899137 -10.67136 47.06462 0.3665969 -9.883638 46.42565 0.3665969 -10.02113 44.64543 -1.163977 -9.505642 45.10865 -1.291571 -8.691252 46.27377 2.253254 -10.25059 47.9596 0.3665969 -9.883638 46.42565 -1.227774 -9.455519 45.95157 -2.957326 -7.479094 50.79536 0.09538829 -7.559109 50.91471 -1.291571 -8.691252 46.27377 2.084626 -9.721311 48.50202 2.253254 -10.25059 47.9596 2.253254 -10.25059 47.9596 -3.919906 -10.02113 48.23407 -1.291571 -8.691252 46.27377 -3.6116 -11.2664 47.17744 -3.6116 -11.2664 47.17744 -1.227774 -9.455519 45.95157 -1.227774 -9.455519 45.95157 -3.023933 -11.1358 46.55257 2.211659 -12.24679 48.47491 2.211659 -12.24679 48.47491 2.107391 12.04832 48.03446 2.959239 10.19835 48.59098 2.253254 10.24985 47.9596 2.084626 9.721031 48.50202 2.253254 10.24985 47.9596 -1.291571 8.69051 46.27377 0.09538829 7.55883 50.91471 -2.957326 7.478355 50.79536 0.8803472 7.97591 52.86525 1.77379 8.736958 55.1369 2.959239 10.19835 48.59098 3.031748 9.270839 54.1139 2.883077 10.60072 54.06941 2.818717 11.97474 48.67885 0.6490462 10.15375 57.31742 0.6645047 9.05839 57.23172 1.77379 8.736958 55.1369 1.688633 11.32176 55.30397 1.688633 11.32176 55.30397 2.211659 12.24651 48.47491 2.211659 12.24651 48.47491 1.786437 -6.994875 24.36546 1.775195 -3.527628 24.40234 3.206557 -3.200677 27.59936 3.206557 -7.178356 27.59936 4.415053 -2.202809 33.14289 4.415053 -6.999934 34.11707 4.644105 -2.056576 36.04917 2.293724 -8.504096 34.41106 1.385667 -8.601582 27.94976 -1.293538 -9.200304 28.29908 0.3505766 -8.208415 24.05953 -1.943596 -8.596526 23.75469 -2.976718 -8.444775 23.70805 -5.310236 -7.307114 27.60262 -5.911954 2.509709 37.49525 -6.125831 3.211436 40.35488 -4.984225 5.015874 41.17611 -5.592407 4.942296 42.9303 -3.000607 6.712249 43.16679 -2.99105 5.806811 44.52392 1.986822 5.264191 44.22885 -0.6564088 -12.00445 35.24964 -1.18927 -13.62863 35.44057 -1.423099 -13.24512 37.59832 -1.059708 -11.42045 37.20343 -2.534072 -11.94099 41.83136 -1.462727 -9.84363 40.59355 -2.486294 -10.8976 43.35121 -1.251943 -8.929912 44.4317 -4.77625 1.669565 36.18911 -5.189387 2.324849 36.71743 -6.633679 -7.260208 62.90435 -6.668529 -8.30682 59.99915 -5.233512 -7.260208 63.00415 -3.28109 -7.260208 61.79998 -7.300036 -3.278389 49.49898 -3.743972 -6.730924 49.31674 -8.000123 -4.111173 50.99932 -5.184891 -6.627917 51.05791 -7.391377 -5.397366 52.37165 -7.007469 -5.528423 55.47753 -7.72835 -5.361498 55.67607 -7.72835 -5.361498 55.67607 -7.007469 -5.528423 55.47753 -6.033929 -7.354936 57.44327 -7.050188 -7.366433 57.70689 -6.033929 -7.354936 57.44327 -4.653433 -8.002861 59.28966 -4.653433 -8.002861 59.28966 -2.00374 -7.608313 59.4014 -6.668529 -8.30682 59.99915 1.599823 -6.600328 59.69972 1.213667 -6.764491 59.1226 -7.291888 -6.942452 58.67129 -8.58582 -4.111173 55.91365 -8.039468 -4.194867 51.3302 -6.013975 -7.044539 55.27901 -3.604573 -12.19621 45.57621 -3.272378 -11.14868 43.42715 -3.286149 -12.31485 43.60615 -3.272378 -11.14868 43.42715 -2.534072 -11.94099 41.83136 -2.746542 12.81304 44.74956 -2.645647 12.56519 43.60507 -3.286149 12.31457 43.60507 -2.534072 11.94071 41.83136 -8.860402 -6.960388 59.59993 -1.888792 -14.13033 45.19977 -2.746542 -12.81378 44.74956 -2.645647 -12.56593 43.60615 -1.341034 -14.83987 41.30413 -2.534072 -11.94099 41.83136 -1.423099 -13.24512 37.59832 -0.2247229 -14.62512 37.81961 -1.18927 -13.62863 35.44057 0.1934722 -14.91436 35.77253 -1.18927 -13.62863 35.44057 0.1195579 -14.64259 35.45793 2.134932 -14.43015 35.06413 2.303278 -13.23868 35.1097 2.210815 -14.48717 35.67598 2.663298 -13.21845 35.55881 0.2277605 -14.69824 34.75061 2.210815 -14.48717 35.67598 1.987384 -14.75526 35.87451 1.987384 -14.75526 35.87451 -3.604573 -10.6479 45.32669 -3.604573 -12.19621 45.57621 -2.331157 -12.43487 45.08695 -1.971138 -10.60192 44.72028 1.394379 -8.584108 55.27576 0.6459549 -7.55359 52.26859 1.615842 -7.739829 55.19657 1.394379 -8.584108 55.27576 0.05913299 -8.869674 57.28162 2.109077 -7.146165 55.13256 1.069491 -7.281361 51.32369 1.069491 -7.281361 51.32369 1.575372 -7.026605 50.26489 -3.141411 -7.347579 51.06333 -3.545835 -7.047758 49.83855 -4.452767 -7.080867 52.44757 -3.545835 -7.047758 49.83855 -3.743972 -6.730924 49.31674 -4.834146 -6.681261 52.17963 -4.834146 -6.681261 52.17963 -5.184891 -6.627917 51.05791 -5.184891 -6.627917 51.05791 -6.013975 -7.044539 55.27901 -5.444858 -7.633143 55.29746 -5.265551 -7.987686 57.27837 -4.264468 -8.304521 58.72772 -2.00374 -7.608313 59.4014 -1.995027 -8.00746 58.81125 1.213667 -6.764491 59.1226 0.168179 -7.754542 58.36429 2.797356 -6.615962 55.30614 0.168179 -7.754542 58.36429 2.50816 -6.445817 50.31045 2.109077 -7.146165 55.13256 2.190581 -6.88727 49.31132 0.05913299 -8.869674 57.28162 -0.5316243 -8.94647 58.05186 -0.5316243 -8.94647 58.05186 -3.647292 -9.215478 57.87503 -3.647292 -9.215478 57.87503 -4.264468 -8.304521 58.72772 -4.12788 -9.063269 56.97462 -4.869558 -8.076897 54.86569 -3.969932 -7.276762 52.56692 -4.869558 -8.076897 54.86569 -3.969932 -7.276762 52.56692 -5.040715 -8.30682 54.79192 -3.881403 -7.710398 52.568 -2.957326 -7.473116 51.92903 -2.957326 -7.473116 51.92903 0.8803472 -7.97619 52.86525 -1.888792 -14.13033 45.19977 -2.746542 -12.81378 44.74956 -2.331157 -12.43487 45.08695 -3.604573 -12.19621 45.57621 0.6459549 -7.55359 52.26859 -3.141411 -7.347579 51.06333 -5.444858 -7.633143 55.29746 -3.886743 -11.5115 48.23299 -3.6116 -11.2664 47.17744 -3.88056 -11.55656 47.31847 -1.573459 -13.56149 46.27486 -3.023933 11.13506 46.55257 -1.227774 9.454779 45.95157 -3.6116 11.26566 47.17744 -3.6116 11.26566 47.17744 -1.227774 9.454779 45.95157 -1.291571 8.69051 46.27377 -3.919906 10.02085 48.23407 0.2274796 14.6975 34.75061 -0.5493299 13.52672 34.57379 0.1195579 14.64186 35.45793 -0.8508914 13.50373 35.21059 -1.18927 13.62789 35.44057 -3.6116 -11.2664 47.17744 -3.023933 -11.1358 46.55257 -1.573459 -13.56149 46.27486 -3.023933 -11.1358 46.55257 -2.331157 -12.43487 45.08695 -1.971138 -10.60192 44.72028 -2.746542 12.81304 44.74956 -1.888792 14.13005 45.19977 -2.645647 12.56519 43.60507 -1.341034 14.83913 41.30304 -2.534072 11.94071 41.83136 -1.423099 13.24484 37.59832 -0.2247229 14.62438 37.81961 0.1934722 14.91409 35.77253 -1.18927 13.62789 35.44057 2.134932 14.42987 35.06413 2.210815 14.48689 35.67598 2.210815 14.48689 35.67598 1.987384 14.75498 35.87451 -3.272378 11.14794 43.42715 -3.286149 12.31457 43.60507 -3.272378 11.14794 43.42715 -3.604573 12.19547 45.57621 -3.286149 12.31457 43.60507 -9.661662 -4.869922 59.59993 -8.344403 -4.851068 61.32265 -8.60437 -4.004949 61.52877 -10.33139 -3.116524 59.59993 -8.60437 -4.004949 61.52877 -9.229133 -4.082664 61.82384 -7.889669 -6.5033 60.92776 -8.232545 -5.263551 61.23152 -9.12093 -6.279353 59.59993 -10.39378 -3.278389 55.89953 -10.4632 -2.772099 59.59993 -9.229133 -4.082664 61.82384 -6.633679 -4.356272 64.29946 -8.92476 -5.134794 61.56565 -8.814592 -5.59418 61.42245 -9.661662 -4.869922 59.59993 -8.232545 -5.263551 61.23152 -8.477898 -6.637115 61.14365 -6.633679 -7.260208 62.90435 -8.860402 -6.960388 59.59993 -4.065768 -2.94914 60.32785 1.129915 -3.600285 59.409 -4.13069 -1.718589 62.03755 2.190581 -6.88727 49.31132 1.89492 -10.45753 30.32014 2.676226 -10.41844 29.51736 0.1634009 -11.05165 29.078 0.1634009 -11.05165 29.078 -0.5659111 -12.628 30.61847 2.546665 -12.33738 31.2173 2.676226 -10.41844 29.51736 3.014323 -12.54661 29.9719 3.976623 -10.60698 28.74929 3.47355 -10.67181 29.53797 4.089603 -12.43349 30.18128 4.089603 -12.43349 30.18128 3.014323 -12.54661 29.9719 -0.5316243 8.94573 58.05186 -0.9984411 9.45432 58.4283 -2.217896 9.555947 58.28293 -3.647292 9.214739 57.87503 -3.446063 9.559626 58.13756 2.676226 10.41816 29.51736 1.89492 10.45725 30.32014 0.1634009 11.05137 29.078 0.1634009 11.05137 29.078 -0.5659111 12.62773 30.61847 2.546665 12.3371 31.2173 2.676226 10.41816 29.51736 3.014323 12.54633 29.9719 3.47355 10.67107 29.53797 3.976623 10.6067 28.74929 4.089603 12.43321 30.18128 4.089603 12.43321 30.18128 3.014323 12.54633 29.9719 -1.354525 7.241074 40.16505 -1.763446 7.713337 39.79945 -4.968204 6.044551 37.56035 -1.354525 7.241074 40.16505 -4.968204 6.044551 37.56035 -4.656245 5.698284 37.85651 -5.452726 3.924657 36.35617 -4.656245 5.698284 37.85651 -5.452726 3.924657 36.35617 -4.898506 4.048355 36.81398 -4.570526 1.80522 35.15201 4.30938 6.072601 39.1236 4.096347 5.802213 39.34382 4.644105 2.056298 36.04917 4.644105 2.056298 36.04917 3.883316 5.294539 40.44601 4.372334 1.842008 36.49937 4.398753 1.015663 36.22925 -0.8393682 0.9466842 35.54362 4.372334 1.842008 36.49937 5.5086 1.41159 38.86215 3.883316 5.294539 40.44601 3.687428 5.102327 41.4918 -0.9458847 6.447837 41.2271 -4.656245 5.698284 37.85651 -4.984225 5.015874 41.17611 -4.898506 4.048355 36.81398 -4.984225 5.015874 41.17611 -4.898506 4.048355 36.81398 -5.189387 2.324849 36.71743 3.014323 12.54633 29.9719 3.29846 10.67797 28.61694 3.29846 10.67797 28.61694 3.976623 10.6067 28.74929 -3.766736 2.065034 35.72263 -0.4801921 6.162272 42.4009 -0.9458847 6.447837 41.2271 1.897731 6.284131 40.83656 1.799645 6.934355 39.75497 -1.354525 7.241074 40.16505 1.701842 7.459961 39.46098 -1.763446 7.713337 39.79945 -0.6859191 9.182549 34.70505 -3.768421 6.971604 34.15504 -4.451642 4.387722 33.67229 2.995774 -5.301258 22.46374 2.520807 -7.303893 22.03089 1.788404 -7.148924 18.06797 0.3980733 -8.159669 20.35264 0.806433 -7.717296 17.2999 2.059613 -7.458861 22.26955 0.3980733 -8.159669 20.35264 2.059613 -7.458861 22.26955 2.553691 -5.301258 22.87923 2.553691 -5.301258 22.87923 2.520807 -3.375879 22.03089 2.059613 -3.106408 22.26955 -1.097932 -9.702917 59.89175 -0.8033954 -9.247669 59.50228 -3.769828 -9.303771 59.13995 -3.694226 -9.72729 59.57064 -3.769828 -9.303771 59.13995 -4.009279 -9.725449 59.21806 -3.769828 -9.303771 59.13995 -4.457546 -9.885477 56.7468 -5.02329 -10.66308 54.93511 -4.944598 -10.26071 54.68019 2.874924 -13.21431 35.67056 1.987384 -14.75526 35.87451 2.663298 -13.21845 35.55881 3.474115 9.805184 32.6406 2.603717 11.65653 32.34553 3.827107 10.16616 32.08734 3.827107 10.16616 32.08734 3.978309 12.01751 32.71654 3.014323 12.54633 29.9719 4.089603 12.43321 30.18128 4.089603 12.43321 30.18128 3.978309 12.01751 32.71654 2.603717 11.65653 32.34553 -0.04372966 12.16834 34.18542 2.139991 12.00095 34.8732 2.139991 12.00095 34.8732 -0.4602388 14.61334 33.80463 -0.6035731 14.31123 31.00792 -0.4000947 13.22875 29.73432 0.1634009 11.05137 29.078 -5.233512 7.259928 63.00415 -3.28109 7.259928 61.79889 -6.668529 8.306541 59.99915 -6.633679 7.259928 62.90435 -8.860402 6.959647 59.59993 -4.944598 10.26043 54.68019 -4.292291 11.47305 48.60075 -3.886743 11.51121 48.23299 -5.040715 8.306541 54.79192 -4.472441 9.29705 56.75548 -4.944598 10.26043 54.68019 -4.457546 9.884735 56.7468 -1.552381 13.15977 51.53414 -1.939942 12.56932 53.88716 1.206359 6.811117 23.90332 0.3980733 7.03782 20.35264 -2.593653 7.992004 22.89984 -2.693423 8.682234 19.14955 -2.693423 8.682234 19.14955 -5.286911 6.692935 22.03956 -6.612319 6.846984 18.14933 -6.612319 6.846984 18.14933 -5.286911 4.213901 22.03956 -6.612319 4.81492 18.14933 -5.147793 6.731101 26.80526 -5.147793 3.525048 26.80526 -0.5664729 12.60933 54.064 -0.4928395 13.39061 54.62485 0.3972307 13.2384 52.06464 0.475923 12.83603 51.81079 3.828793 -6.754377 55.61748 1.599823 -6.600328 59.69972 1.213667 -6.764491 59.1226 1.213667 -6.764491 59.1226 3.225389 -6.596648 55.3864 -9.907296 -3.049847 56.046 -10.08829 -3.49314 55.90171 -9.597865 -3.48992 51.35624 -9.394948 -3.033292 51.3736 -7.833461 -3.739617 51.34647 -8.039468 -4.194867 51.3302 -8.58582 -4.111173 55.91365 -8.409605 -3.683516 56.10348 -8.039468 -4.194867 51.3302 -7.833461 -3.739617 51.34647 -10.08829 -3.49314 55.90171 -9.907296 -3.049847 56.046 -8.665918 -6.225091 59.28966 -8.813467 -6.579633 58.96963 -8.041715 -6.757134 59.50445 -8.187297 -7.070752 59.14429 -8.187297 -7.070752 59.14429 -8.041715 -6.757134 59.50445 -7.144337 -6.589749 58.9935 -7.291888 -6.942452 58.67129 -7.889669 -6.5033 60.92776 -8.477898 -6.637115 61.14365 -8.814592 -5.59418 61.42245 -8.232545 -5.263551 61.23152 -8.60437 -4.004949 61.52877 -8.344403 -4.851068 61.32265 -8.92476 -5.134794 61.56565 -8.92476 -5.134794 61.56565 -9.661662 -4.869922 59.59993 -9.12093 -6.279353 59.59993 -8.477898 -6.637115 61.14365 1.213667 6.764212 59.12368 1.599823 6.599587 59.69972 3.828793 6.753637 55.61748 3.225389 6.59637 55.3864 -7.291888 6.942172 58.67129 -8.58582 4.110435 55.91365 -8.409605 3.682777 56.10348 -7.144337 6.589469 58.9935 -8.665918 6.224811 59.28966 -10.08829 3.492859 55.90171 -8.813467 6.578894 58.96963 -8.041715 6.756855 59.50445 -8.187297 7.070469 59.14321 -10.08829 3.492859 55.90171 -9.907296 3.049566 56.046 -9.597865 3.489181 51.35624 -9.394948 3.032552 51.3736 -8.039468 4.194126 51.3302 -7.833461 3.738877 51.34647 -8.477898 6.636836 61.14365 -7.889669 6.50256 60.92776 -8.814592 5.593441 61.42245 -8.814592 5.593441 61.42245 -8.232545 5.263273 61.23152 -7.889669 6.50256 60.92776 -8.477898 6.636836 61.14365 -9.12093 6.278614 59.59993 -2.593653 2.67709 22.89984 -2.693423 2.545574 19.14955 0.3980733 3.969723 20.35264 1.184157 3.85384 23.97817 0.8803472 7.97591 52.86525 -3.881403 7.709658 52.568 -2.957326 7.478355 50.79536 0.09538829 7.55883 50.91471 0.3972307 -13.23868 52.06464 -0.4928395 -13.39135 54.62485 -0.5664729 -12.60961 54.064 0.475923 -12.83677 51.81079 -3.272378 -11.14868 43.42715 -2.428118 -10.24738 44.24078 -2.486294 -10.8976 43.35121 -2.534072 -11.94099 41.83136 -2.693423 2.545574 19.14955 -3.881403 -7.710398 52.568 0.8803472 -7.97619 52.86525 -2.957326 -7.479094 50.79536 0.09538829 -7.559109 50.91471 -7.250293 3.338811 49.00322 -3.378332 5.980633 48.06484 2.342625 5.81187 47.95744 6.605801 4.353233 51.3736 -5.040715 -8.30682 54.79192 -4.472441 -9.29733 56.75548 -4.457546 -9.885477 56.7468 2.342625 5.81187 47.95744 6.605801 4.353233 51.3736 4.561197 3.997311 51.3161 6.270513 1.515516 52.65261 2.540481 6.240448 42.50178 2.032633 6.045012 41.94635 1.897731 6.284131 40.83656 1.799645 6.934355 39.75497 4.096347 5.802213 39.34382 4.30938 6.072601 39.1236 2.293442 8.503815 34.41106 -1.293538 9.199563 28.29908 -5.310236 7.306828 27.60262 -5.993457 5.045763 27.60262 -3.768421 1.804301 33.18953 -4.570526 1.80522 35.15201 4.415053 6.999655 34.11707 1.385385 8.601761 27.94976 0.3502958 8.208134 24.05953 -1.943596 8.595785 23.75469 -2.976718 8.444035 23.70805 -8.000123 4.110435 50.99932 -5.184891 6.627178 51.05791 -7.391377 5.397087 52.37165 -5.184891 6.627178 51.05791 -7.007469 5.528143 55.47753 -7.72835 5.361219 55.67607 -7.007469 5.528143 55.47753 -7.72835 5.361219 55.67607 -7.050188 7.366155 57.70689 -4.653433 8.002581 59.28966 -2.00374 7.608031 59.4014 -6.668529 8.306541 59.99915 1.599823 6.599587 59.69972 1.213667 6.764212 59.12368 -8.039468 4.194126 51.3302 -8.58582 4.110435 55.91365 -7.291888 6.942172 58.67129 1.748776 12.23593 35.03918 -0.2921752 12.4654 34.58246 -0.04372966 12.16834 34.18542 -0.04372966 12.16834 34.18542 2.139991 12.00095 34.8732 3.225389 -6.596648 55.3864 2.303278 13.23794 35.1097 2.663298 13.21771 35.55881 1.987384 14.75498 35.87451 2.874924 13.21403 35.67056 2.663298 13.21771 35.55881 2.032914 -6.04529 41.94635 -0.4801921 -6.162552 42.4009 1.897731 -6.283952 40.83656 1.499209 12.01613 35.2594 2.663298 13.21771 35.55881 2.663298 13.21771 35.55881 1.812574 11.65193 35.32992 -5.189387 -2.325587 36.71743 -4.898506 -4.048635 36.81398 -4.984225 -5.016154 41.17611 -4.898506 -4.048635 36.81398 -4.656245 -5.698566 37.85651 -0.9458847 -6.448118 41.2271 -1.354525 -7.241353 40.16505 -6.125831 -3.212172 40.35488 -5.911954 -2.510446 37.49525 -4.77625 -1.670305 36.18911 -5.189387 -2.325587 36.71743 -2.99105 -5.80709 44.52392 -4.526964 -3.400249 44.32974 -6.153654 -2.851192 42.9303 -6.687078 -1.853324 40.35488 -6.473202 -1.448199 37.49525 -6.473202 1.447919 37.49525 -4.77625 1.669565 36.18911 -5.911954 2.509709 37.49525 -6.687078 1.852584 40.35488 -6.125831 3.211436 40.35488 -6.153654 2.850915 42.9303 -5.592407 4.942296 42.9303 -4.526964 3.39997 44.32974 -6.153654 2.850915 42.9303 -6.153654 2.850915 42.9303 -4.526964 -3.400249 44.32974 -4.526964 -3.400249 44.32974 -6.153654 2.850915 42.9303 1.394379 8.583827 55.27576 1.394379 8.583827 55.27576 -2.746542 -12.81378 44.74956 -3.286149 -12.31485 43.60615 -2.645647 -12.56593 43.60615 -2.534072 -11.94099 41.83136 0.3064528 -7.908592 6.599057 -0.4934028 -7.300214 8.799109 -3.593611 -9.211799 5.29942 -3.80018 -8.800235 8.199193 -6.293613 -7.700282 5.79953 -6.09351 -7.300214 6.999361 -6.293613 -4.700238 5.79953 -6.09351 -4.900271 6.999361 -3.80018 -3.500036 8.199193 -3.593611 -3.317478 5.29942 -0.4934028 -4.900271 8.799109 0.3064528 -4.660233 6.599057 -0.4934028 7.299934 8.799109 0.3064528 7.90831 6.599057 -3.593611 9.211062 5.29942 -3.80018 8.799957 8.199193 -6.293613 7.699542 5.79953 -6.09351 7.299934 6.999361 -6.293613 4.699956 5.79953 -6.09351 4.899533 6.999361 -3.80018 3.499757 8.199193 -3.593611 3.316737 5.29942 -0.4934028 4.899533 8.799109 0.3064528 4.659952 6.599057 -0.4934028 7.299934 8.799109 -3.80018 8.799957 8.199193 0.156375 7.808525 9.538969 0.156375 7.808525 9.538969 -3.80018 8.799957 8.199193 -4.293415 9.892552 15.19966 -2.793477 9.513179 18.99985 0.3980733 8.159392 20.35264 2.520807 7.303615 22.03089 2.995774 5.300977 22.46374 1.788404 7.148182 18.06797 0.3980733 8.159392 20.35264 0.806433 7.716556 17.2999 -7.093469 4.256205 14.29924 -8.093429 5.801752 15.09985 -6.410249 7.528938 14.29924 -7.410206 8.074317 15.09985 -7.093469 4.256205 14.29924 -7.410206 3.528729 15.09985 -7.110332 3.737038 17.49951 -6.09351 4.899533 6.999361 0.3980733 8.159392 20.35264 2.059613 7.458581 22.26955 2.059613 7.458581 22.26955 2.553691 5.300977 22.87923 2.553691 5.300977 22.87923 2.520807 3.375138 22.03089 2.059613 3.106129 22.26955 1.788404 3.644608 18.06797 0.806433 3.455154 17.2999 -4.293415 -1.711231 15.19966 -7.110332 -3.737777 17.49951 -2.793477 -2.026227 18.99985 0.806433 -3.455432 17.2999 0.3980733 -2.928907 20.35264 -9.12093 6.278614 59.59993 -8.232545 5.263273 61.23152 -9.661662 4.869183 59.59993 -8.232545 5.263273 61.23152 -9.661662 4.869183 59.59993 -8.92476 5.134514 61.56565 -6.633679 4.355992 64.29946 -9.229133 4.082383 61.82384 -10.33139 3.116245 59.59993 -9.229133 4.082383 61.82384 -8.60437 4.004667 61.52877 -2.976718 8.444035 23.70805 -1.943596 8.595785 23.75469 -2.593653 7.992004 22.89984 0.3502958 8.208134 24.05953 1.206359 6.811117 23.90332 1.786437 6.994596 24.36546 1.775195 3.526887 24.40234 1.184157 3.85384 23.97817 -1.943596 2.218162 23.79375 -2.593653 2.67709 22.89984 -3.951945 2.218162 23.79375 -5.310236 2.784695 27.60262 -5.147793 3.525048 26.80526 -5.993457 5.045763 27.60262 -5.147793 6.731101 26.80526 -5.310236 7.306828 27.60262 -2.593653 7.992004 22.89984 -2.593653 -2.677831 22.89984 -3.951945 -2.218443 23.79375 -1.943596 -2.218443 23.79375 1.184157 -3.854579 23.97817 1.775195 -3.527628 24.40234 1.206359 -6.811397 23.90332 1.786437 -6.994875 24.36546 0.3505766 -8.208415 24.05953 -2.593653 -7.992743 22.89984 -1.943596 -8.596526 23.75469 -2.976718 -8.444775 23.70805 -5.310236 -2.785434 27.60262 -5.147793 -3.525788 26.80526 -5.993457 -5.046504 27.60262 -5.147793 -6.731843 26.80526 -5.993457 -5.046504 27.60262 -5.310236 -7.307114 27.60262 -2.593653 -7.992743 22.89984 -0.2921752 -12.46568 34.58355 -0.04372966 -12.16862 34.18542 -0.5493299 -13.52701 34.57379 -0.4602388 -14.61363 33.80463 -0.5493299 -13.52701 34.57379 0.2277605 -14.69824 34.75061 -3.593611 -3.317478 5.29942 0.3064528 -4.660233 6.599057 1.806392 -4.700238 5.09981 -2.793477 -3.400249 2.799952 0.7063799 -3.400249 1.999341 -1.493642 -4.100138 0.7995095 0.7063799 -3.200217 -1.64768e-5 6.38518 -3.886308 1.999341 6.785108 -3.768126 0.3992041 5.48949 -3.99851 3.27511 1.688633 11.32176 55.30397 0.475923 12.83603 51.81079 0.3972307 13.2384 52.06464 1.609941 11.72412 55.55781 0.3972307 13.2384 52.06464 -0.4928395 13.39061 54.62485 -2.381464 13.2853 54.33087 -2.338183 13.00618 51.62854 -1.939942 12.56932 53.88716 -2.25921 12.60381 51.37468 1.609941 11.72412 55.55781 0.3064528 4.659952 6.599057 -3.593611 3.316737 5.29942 1.806392 4.699956 5.09981 -2.793477 3.39997 2.799952 0.7063799 3.39997 1.999341 -1.493642 4.099857 0.7995095 0.7063799 3.199938 -1.64768e-5 6.38518 3.886028 1.999341 6.785108 3.767846 0.3992041 5.48949 3.997771 3.27511 -6.293613 4.699956 5.79953 -5.793635 3.499757 2.799952 -7.093469 4.999779 2.799952 -7.293573 4.799744 -1.64768e-5 -5.793635 3.299725 -1.64768e-5 -2.793477 3.199938 -1.64768e-5 -3.604573 -10.6479 45.32669 -1.971138 -10.60192 44.72028 -2.428118 -10.24738 44.24078 -2.428118 -10.24738 44.24078 -1.971138 -10.60192 44.72028 -1.163977 -9.505642 45.10865 -2.428118 -10.24738 44.24078 0.8988962 -14.29173 44.68014 1.825783 -12.25323 44.59987 -1.971138 -10.60192 44.72028 -3.023933 -11.1358 46.55257 -0.5493299 -13.52701 34.57379 0.1195579 -14.64259 35.45793 -0.8508914 -13.50401 35.21059 -0.2921752 -12.46568 34.58355 -0.4363514 -12.26243 35.03593 -0.4363514 -12.26243 35.03593 -0.6564088 -12.00445 35.24964 -5.653674 -1.40071e-4 60.79108 -4.829648 -1.40071e-4 62.03755 -6.724176 2.780558 60.92126 1.599823 4.599711 59.69972 4.180381 1.384918 57.66024 6.565331 -1.304267 54.63896 -8.102986 -1.40071e-4 60.92126 -8.102986 -1.40071e-4 60.92126 -6.724176 -2.780836 60.92126 1.775195 3.526887 24.40234 1.786437 6.994596 24.36546 3.206557 3.199938 27.59936 3.206557 7.177615 27.59936 4.415053 2.202529 33.14289 4.644105 2.056298 36.04917 2.139991 12.00095 34.8732 2.303278 13.23794 35.1097 2.303278 13.23794 35.1097 2.751547 14.35169 34.72349 2.134932 14.42987 35.06413 2.751547 14.35169 34.72349 0.2274796 14.6975 34.75061 -0.4602388 14.61334 33.80463 -7.793551 5.769563 17.49951 -7.110332 7.801628 17.49951 -4.457546 -9.885477 56.7468 -3.769828 -9.303771 59.13995 -3.446063 -9.560364 58.13756 -0.8033954 -9.247669 59.50228 -3.446063 -9.560364 58.13756 -0.8033954 -9.247669 59.50228 -2.217896 -9.556685 58.28293 -0.9984411 -9.4546 58.4283 0.6490462 -10.15449 57.31742 -10.4632 -2.772099 59.59993 -6.633679 -4.356272 64.29946 -6.724176 -2.780836 60.92126 -5.233512 -4.356272 64.39926 -3.28109 -4.356272 61.79998 1.599823 -4.599991 59.69972 -6.633679 7.259928 62.90435 -6.633679 4.355992 64.29946 -5.233512 4.355992 64.39926 -5.233512 7.259928 63.00415 -3.28109 4.355992 61.79998 -3.28109 7.259928 61.79889 -10.39378 -3.278389 55.89953 -10.39378 3.277649 55.89953 -8.60437 4.004667 61.52877 -8.344403 4.850329 61.32265 -9.800217 3.277649 50.99932 -9.800217 -3.278389 50.99932 -7.300036 3.277649 49.49898 -7.300036 -3.278389 49.49898 -7.250293 3.338811 49.00322 -7.250293 -3.33909 49.00322 -7.200548 3.39997 48.50745 -7.200548 -3.400249 48.50745 -6.000484 -3.400249 44.71593 -6.000484 3.39997 44.71593 -4.526964 3.39997 44.32974 -4.526964 -3.400249 44.32974 -9.394948 -3.033292 51.3736 -7.833461 -3.739617 51.34647 -8.409605 -3.683516 56.10348 -9.907296 -3.049847 56.046 -8.665918 -6.225091 59.28966 -7.144337 -6.589749 58.9935 -8.041715 -6.757134 59.50445 4.096347 -5.802952 39.34382 1.799927 -6.934637 39.75497 1.799927 -6.934637 39.75497 4.30938 -6.072883 39.1236 1.702123 -7.460241 39.46098 -0.6859191 -9.18329 34.70505 -3.768421 -6.971884 34.15504 -5.993457 -5.046504 27.60262 -4.451642 -4.388463 33.67229 -3.768421 -1.80458 33.18953 -5.452726 -3.925396 36.35617 -4.570526 -1.805501 35.15201 -4.968204 -6.044832 37.56035 -1.763446 -7.713617 39.79945 -1.354525 -7.241353 40.16505 -4.984225 -5.016154 41.17611 -7.793551 -5.769843 17.49951 -7.110332 -7.802368 17.49951 -0.4602388 -14.61363 33.80463 2.751547 -14.35243 34.72349 2.134932 -14.43015 35.06413 2.303278 -13.23868 35.1097 2.751547 -14.35243 34.72349 2.139991 -12.00169 34.8732 2.303278 -13.23868 35.1097 1.748776 -12.23621 35.03918 2.139991 -12.00169 34.8732 -0.04372966 -12.16862 34.18542 -0.2921752 -12.46568 34.58355 -3.769828 9.303488 59.13995 -4.457546 9.884735 56.7468 -3.446063 9.559626 58.13756 -0.8033954 9.246927 59.50228 -0.8033954 9.246927 59.50228 -3.446063 9.559626 58.13756 -2.217896 9.555947 58.28293 -0.9984411 9.45432 58.4283 0.6490462 10.15375 57.31742 -6.633679 4.355992 64.29946 -10.4632 2.77182 59.59993 -6.724176 2.780558 60.92126 -5.233512 4.355992 64.39926 -3.28109 4.355992 61.79998 1.599823 4.599711 59.69972 2.496639 -6.189684 48.06484 6.605801 -4.353514 51.3736 2.190581 -6.88727 49.31132 5.513941 -5.553715 52.7904 5.513941 -5.553715 52.7904 2.50816 -6.445817 50.31045 2.50816 -6.445817 50.31045 5.117386 -5.553715 52.80667 3.225389 -6.596648 55.3864 4.66181 -5.250676 55.4732 3.225389 -6.596648 55.3864 4.66181 -5.250676 55.4732 3.828793 -6.754377 55.61748 5.154202 -5.250676 55.76176 0.6645047 -9.05867 57.23172 1.394379 -8.584108 55.27576 0.05913299 -8.869674 57.28162 0.05913299 -8.869674 57.28162 -0.9984411 -9.4546 58.4283 -0.5316243 -8.94647 58.05186 7.801365 -1.781128 52.81535 7.140631 -1.682261 54.36124 6.479612 -1.682261 55.90605 3.799845 -5.000058 58.1994 5.463351 -1.682261 56.83359 3.799845 -5.000058 58.1994 2.699834 -4.800024 58.94902 1.599823 -6.600328 59.69972 1.599823 -6.600328 59.69972 1.599823 -4.599991 59.69972 -3.28109 -4.356272 61.79998 -3.28109 -7.260208 61.79998 -5.233512 -7.260208 63.00415 -5.233512 -4.356272 64.39926 -6.633679 -7.260208 62.90435 -6.633679 -4.356272 64.29946 3.828793 -6.754377 55.61748 -3.919906 -10.02113 48.23407 -4.346533 -10.07033 48.59098 -3.881403 -7.710398 52.568 -5.040715 -8.30682 54.79192 -4.944598 -10.26071 54.68019 -7.093469 -4.256485 14.29924 -7.410206 -3.529467 15.09985 -3.80018 -3.500036 8.199193 0.156375 -4.177851 9.538969 -3.80018 -3.500036 8.199193 0.156375 -4.177851 9.538969 -0.4934028 -4.900271 8.799109 1.499209 -12.01687 35.2594 2.663298 -13.21845 35.55881 2.663298 -13.21845 35.55881 1.812574 -11.65221 35.32992 2.536547 -12.38245 37.48224 2.874924 -13.21431 35.67056 1.269596 -11.24432 37.24357 2.874362 -11.39469 40.72916 1.158301 -9.84363 40.59355 1.748776 -12.23621 35.03918 -0.2921752 -12.46568 34.58355 1.499209 -12.01687 35.2594 -0.4363514 -12.26243 35.03593 1.499209 -12.01687 35.2594 -0.4363514 -12.26243 35.03593 1.812574 -11.65221 35.32992 0.9210981 -9.335959 43.76129 2.560998 -10.9422 42.89558 3.157656 -12.94576 40.86584 2.678194 -13.15775 37.5495 1.768169 -14.54649 37.75561 1.548954 -14.84125 41.07305 -5.040715 8.306541 54.79192 -4.944598 10.26043 54.68019 -4.346533 10.07005 48.59098 -3.881403 7.709658 52.568 -3.919906 10.02085 48.23407 -0.4602388 14.61334 33.80463 2.751547 14.35169 34.72349 4.093818 13.86287 31.89966 3.614917 13.4858 29.91223 1.206359 -6.811397 23.90332 0.3980733 -7.03856 20.35264 1.175164 -5.394147 21.22811 1.175164 -5.394147 21.22811 1.184157 -3.854579 23.97817 0.3980733 -3.97 20.35264 5.267745 1.710492 43.00297 -0.4000947 -13.22948 29.73541 3.614917 -13.48654 29.91223 -0.6035731 -14.3115 31.00792 4.093818 -13.86361 31.89966 2.751547 -14.35243 34.72349 -0.4602388 -14.61363 33.80463 -0.2921752 12.4654 34.58246 -0.4363514 12.26215 35.03593 -0.4363514 12.26215 35.03593 -0.6564088 12.00417 35.24964 6.270513 1.515516 52.65261 5.771659 2.107799 51.14903 4.561197 3.997311 51.3161 4.561197 3.997311 51.3161 5.771659 2.107799 51.14903 2.188894 5.712081 46.57101 2.188894 5.712081 46.57101 2.342625 5.81187 47.95744 -3.000607 5.799912 46.78256 -7.200548 3.39997 48.50745 1.986822 5.264191 44.22885 -2.99105 5.806811 44.52392 -2.288157 6.723288 45.11299 1.986822 5.264191 44.22885 2.249318 6.045932 44.67145 2.289788 6.151237 45.74979 -2.266798 6.735701 46.28353 2.188894 5.712081 46.57101 -3.000607 5.799912 45.32128 -6.000484 3.39997 44.71593 -4.526964 3.39997 44.32974 -2.99105 5.806811 44.52392 2.874924 13.21403 35.67056 2.536547 12.3817 37.48224 1.269596 11.24405 37.24357 2.874362 11.39441 40.72916 1.158301 9.843352 40.59355 0.8803472 7.97591 52.86525 1.77379 8.736958 55.1369 1.394379 8.583827 55.27576 0.6645047 9.05839 57.23172 -0.04372966 12.16834 34.18542 -0.2921752 12.4654 34.58246 -0.5493299 13.52672 34.57379 -0.4602388 14.61334 33.80463 -0.5493299 13.52672 34.57379 -4.944598 -10.26071 54.68019 -2.25921 -12.60455 51.37468 -5.02329 -10.66308 54.93511 -2.338183 -13.00646 51.62854 -3.011568 -12.72687 56.24451 -0.6724275 -9.650495 59.62163 -0.8033954 -9.247669 59.50228 0.6490462 -10.15449 57.31742 0.6490462 -10.15449 57.31742 1.609941 -11.72441 55.55781 1.688633 -11.32204 55.30397 -4.009279 -9.725449 59.21806 -5.02329 -10.66308 54.93511 6.479612 -1.682261 55.90605 6.479612 -1.682261 55.90605 0.1634009 -11.05165 29.078 2.676226 -10.41844 29.51736 3.014323 -12.54661 29.9719 3.766119 -12.13413 29.04545 3.29846 -10.67825 28.61694 -5.310236 2.784695 27.60262 -5.310236 2.784695 27.60262 -0.5434275 0.2178266 34.74301 4.415053 2.202529 33.14289 4.644105 2.056298 36.04917 3.206557 3.199938 27.59936 -1.293538 1.279615 27.59936 1.775195 3.526887 24.40234 -1.943596 2.218162 23.79375 -3.951945 2.218162 23.79375 3.29846 -10.67825 28.61694 3.976623 -10.60698 28.74929 3.766119 -12.13413 29.04545 3.976623 -10.60698 28.74929 4.089603 -12.43349 30.18128 3.978309 -12.01779 32.71654 3.501093 -11.30226 34.17023 2.751547 -14.35243 34.72349 2.139991 -12.00169 34.8732 2.139991 -12.00169 34.8732 3.474115 -9.805923 32.6406 3.474115 -9.805923 32.6406 3.827107 -10.1669 32.08734 -7.293573 -7.700282 -1.64768e-5 -7.293573 -4.800484 -1.64768e-5 -5.793635 -8.800235 -1.64768e-5 -5.793635 -3.300463 -1.64768e-5 -2.793477 -3.200217 -1.64768e-5 -2.793477 -9.600372 -1.64768e-5 -1.493642 -4.100138 0.7995095 -1.493642 -8.700449 0.7995095 0.7063799 -3.200217 -1.64768e-5 0.7063799 -9.700159 -1.64768e-5 6.32307 -8.108165 0.3992041 7.206395 -5.938148 0.3992041 6.785108 -3.768126 0.3992041 2.678194 13.15701 37.5495 1.768169 14.54575 37.75561 3.157656 12.94502 40.86584 1.548954 14.84051 41.07305 2.866775 12.7551 43.14726 0.8988962 14.29099 44.68014 2.560998 10.94192 42.89558 1.825783 11.09138 44.43714 0.9210981 9.33568 43.76129 0.3665969 10.02085 44.64543 1.788404 -3.645348 18.06797 0.806433 -3.455432 17.2999 3.014323 -12.54661 29.9719 3.29846 -10.67825 28.61694 3.29846 -10.67825 28.61694 3.976623 -10.60698 28.74929 2.959239 -10.19909 48.59098 1.77379 -8.737697 55.1369 0.8803472 -7.97619 52.86525 2.676226 10.41816 29.51736 0.1634009 11.05137 29.078 -0.4000947 13.22875 29.73432 3.014323 12.54633 29.9719 3.766119 12.13339 29.04545 3.29846 10.67797 28.61694 3.976623 10.6067 28.74929 3.29846 10.67797 28.61694 3.976623 10.6067 28.74929 3.766119 12.13339 29.04545 4.089603 12.43321 30.18128 3.978309 12.01751 32.71654 2.751547 14.35169 34.72349 3.501093 11.30198 34.17023 2.751547 14.35169 34.72349 2.139991 12.00095 34.8732 2.139991 12.00095 34.8732 3.474115 9.805184 32.6406 3.474115 9.805184 32.6406 3.827107 10.16616 32.08734 2.866775 -12.75538 43.14726 0.8988962 -14.29173 44.68014 1.825783 -11.09211 44.43714 0.3665969 -10.02113 44.64543 -7.293573 4.799744 -1.64768e-5 -7.293573 7.699542 -1.64768e-5 -5.793635 8.799957 -1.64768e-5 -5.793635 3.299725 -1.64768e-5 -2.793477 3.199938 -1.64768e-5 -2.793477 9.59963 -1.64768e-5 -1.493642 4.099857 0.7995095 -1.493642 8.699708 0.7995095 0.7063799 3.199938 -1.64768e-5 0.7063799 9.699877 -1.64768e-5 6.32307 8.107888 0.3992041 7.206395 5.93787 0.3992041 6.785108 3.767846 0.3992041 4.089603 -12.43349 30.18128 3.014323 -12.54661 29.9719 4.089603 -12.43349 30.18128 3.978309 -12.01779 32.71654 2.603717 -11.65681 32.34553 -0.04372966 -12.16862 34.18542 2.139991 -12.00169 34.8732 2.603717 -11.65681 32.34553 2.139991 -12.00169 34.8732 3.474115 -9.805923 32.6406 0.3064528 7.90831 6.599057 0.3064528 4.659952 6.599057 1.806392 4.699956 5.09981 1.806392 7.899575 5.09981 5.956867 6.062485 3.599478 5.119353 8.127659 3.27511 6.806469 5.971895 1.999341 5.922862 8.057304 1.999341 6.32307 8.107888 0.3992041 0.7063799 9.699877 -1.64768e-5 0.7063799 9.299811 1.999341 -1.493642 8.699708 0.7995095 -2.793477 9.199563 2.799952 -2.793477 9.59963 -1.64768e-5 -5.793635 8.799957 -1.64768e-5 -5.793635 8.39989 2.799952 -7.093469 7.299934 2.799952 -6.293613 7.699542 5.79953 -6.293613 4.699956 5.79953 -7.093469 4.999779 2.799952 -7.293573 4.799744 -1.64768e-5 -7.293573 7.699542 -1.64768e-5 0.3064528 7.90831 6.599057 1.806392 7.899575 5.09981 -3.593611 9.211062 5.29942 5.119353 8.127659 3.27511 5.48949 3.997771 3.27511 6.38518 3.886028 1.999341 6.785108 3.767846 0.3992041 7.206395 5.93787 0.3992041 -1.888792 14.13005 45.19977 -2.746542 12.81304 44.74956 -2.331157 12.43459 45.08695 -2.331157 12.43459 45.08695 -3.604573 12.19547 45.57621 1.825783 12.25249 44.59987 1.806392 -7.900315 5.09981 0.3064528 -7.908592 6.599057 -3.593611 -9.211799 5.29942 -2.793477 -9.200304 2.799952 -6.293613 -7.700282 5.79953 -5.793635 -8.400171 2.799952 0.7063799 -9.300091 1.999341 5.119353 -8.12794 3.27511 5.922862 -8.058043 1.999341 1.806392 -4.700238 5.09981 5.956867 -6.063223 3.599478 5.48949 -3.99851 3.27511 6.806469 -5.972177 1.999341 6.38518 -3.886308 1.999341 6.785108 -3.768126 0.3992041 7.206395 -5.938148 0.3992041 6.32307 -8.108165 0.3992041 0.3064528 -4.660233 6.599057 0.3064528 -7.908592 6.599057 1.806392 -7.900315 5.09981 5.119353 -8.12794 3.27511 5.119353 -8.12794 3.27511 0.7063799 -9.700159 -1.64768e-5 -1.493642 -8.700449 0.7995095 -2.793477 -9.600372 -1.64768e-5 -5.793635 -8.800235 -1.64768e-5 -7.093469 -7.300214 2.799952 -6.293613 -4.700238 5.79953 -7.093469 -5.000058 2.799952 -7.293573 -4.800484 -1.64768e-5 -7.293573 -7.700282 -1.64768e-5 2.059613 -3.106408 22.26955 0.3980733 -2.928907 20.35264 1.175164 -5.394147 21.22811 2.553691 -5.301258 22.87923 2.059613 -7.458861 22.26955 0.3980733 -8.159669 20.35264 0.3980733 -7.03856 20.35264 0.3980733 -2.928907 20.35264 0.3980733 -3.97 20.35264 -5.189387 2.324849 36.71743 -3.766736 2.065034 35.72263 -0.7398784 0.8588553 35.25832 -0.8393682 0.9466842 35.54362 -0.7398784 0.8588553 35.25832 4.372334 1.842008 36.49937 -0.5434275 0.2178266 34.74301 -4.570526 1.80522 35.15201 4.644105 2.056298 36.04917 -0.5434275 0.2178266 34.74301 -0.5434275 -0.2181068 34.74301 -4.570526 -1.805501 35.15201 -0.7398784 -0.8591339 35.25832 4.372334 -1.842748 36.49937 -5.189387 -2.325587 36.71743 -3.766736 -2.065313 35.72263 3.827107 -10.1669 32.08734 3.827107 -10.1669 32.08734 3.978309 -12.01779 32.71654 -7.291888 -6.942452 58.67129 -6.668529 -8.30682 59.99915 -8.187297 -7.070752 59.14429 -8.860402 -6.960388 59.59993 -8.813467 -6.579633 58.96963 -10.08829 -3.49314 55.90171 -10.39378 -3.278389 55.89953 -9.597865 -3.48992 51.35624 -9.800217 -3.278389 50.99932 -8.039468 -4.194867 51.3302 -8.000123 -4.111173 50.99932 -7.300036 -3.278389 49.49898 -6.293613 -4.700238 5.79953 -5.793635 -3.500497 2.799952 -7.093469 -5.000058 2.799952 -7.293573 -4.800484 -1.64768e-5 -5.793635 -3.300463 -1.64768e-5 -2.793477 -3.200217 -1.64768e-5 6.605801 4.353233 51.3736 2.496639 6.189403 48.06484 2.190581 6.886533 49.31132 2.50816 6.445538 50.31045 2.50816 6.445538 50.31045 5.117386 5.553436 52.80667 3.225389 6.59637 55.3864 4.66181 5.249935 55.4732 4.66181 5.249935 55.4732 3.225389 6.59637 55.3864 3.828793 6.753637 55.61748 4.644105 -2.056576 36.04917 4.415053 -2.202809 33.14289 -0.5434275 -0.2181068 34.74301 3.206557 -3.200677 27.59936 -1.293538 -1.280354 27.59936 1.775195 -3.527628 24.40234 -1.943596 -2.218443 23.79375 -3.951945 -2.218443 23.79375 -5.310236 -2.785434 27.60262 -5.310236 -2.785434 27.60262 -4.570526 -1.805501 35.15201 -3.766736 -2.065313 35.72263 0.3980733 -3.97 20.35264 0.3980733 -2.928907 20.35264 -2.793477 -2.026227 18.99985 -2.793477 -2.545854 18.99985 -6.612319 -4.815199 18.14933 -7.110332 -3.737777 17.49951 -7.793551 -5.769843 17.49951 -6.612319 -6.847724 18.14933 -7.110332 -7.802368 17.49951 -2.793477 -9.513461 18.99985 -2.693423 -8.682975 19.14955 0.3980733 -7.03856 20.35264 0.3980733 -8.159669 20.35264 -7.300036 3.277649 49.49898 -9.800217 3.277649 50.99932 -8.000123 4.110435 50.99932 -8.039468 4.194126 51.3302 -9.597865 3.489181 51.35624 -10.39378 3.277649 55.89953 -10.08829 3.492859 55.90171 -8.860402 6.959647 59.59993 -8.813467 6.578894 58.96963 -8.187297 7.070469 59.14321 -6.668529 8.306541 59.99915 -7.291888 6.942172 58.67129 -8.187297 7.070469 59.14321 -7.291888 6.942172 58.67129 -7.144337 6.589469 58.9935 -8.041715 6.756855 59.50445 -8.041715 6.756855 59.50445 -7.144337 6.589469 58.9935 -8.665918 6.224811 59.28966 -8.409605 3.682777 56.10348 -9.907296 3.049566 56.046 -9.394948 3.032552 51.3736 -7.833461 3.738877 51.34647 -7.833461 3.738877 51.34647 -8.409605 3.682777 56.10348 -8.58582 4.110435 55.91365 -8.039468 4.194126 51.3302 1.77379 -8.737697 55.1369 0.8803472 -7.97619 52.86525 1.394379 -8.584108 55.27576 0.6645047 -9.05867 57.23172 -0.2921752 12.4654 34.58246 1.748776 12.23593 35.03918 1.499209 12.01613 35.2594 -0.4363514 12.26215 35.03593 -0.4363514 12.26215 35.03593 1.499209 12.01613 35.2594 1.812574 11.65193 35.32992 1.987384 14.75498 35.87451 -6.09351 7.299934 6.999361 1.986822 5.264191 44.22885 5.267745 1.710492 43.00297 2.249318 6.045932 44.67145 1.826346 12.1504 47.18938 -1.971138 10.60118 44.72028 -3.023933 11.13506 46.55257 -1.971138 10.60118 44.72028 -2.428118 10.24709 44.24078 -2.428118 10.24709 44.24078 -1.163977 9.505362 45.10865 -2.428118 10.24709 44.24078 -1.971138 10.60118 44.72028 -3.604573 10.64716 45.32669 6.106384 1.939955 50.89952 2.188894 5.712081 46.57101 5.771659 2.107799 51.14903 -5.040715 8.306541 54.79192 -4.12788 9.062989 56.97462 -4.472441 9.29705 56.75548 -3.647292 9.214739 57.87503 -3.446063 9.559626 58.13756 1.826346 -12.15114 47.18938 1.599823 6.599587 59.69972 -4.346533 10.07005 48.59098 -3.919906 10.02085 48.23407 5.267745 1.710492 43.00297 4.721393 4.626382 41.48963 2.540481 6.240448 42.50178 -0.4801921 6.162272 42.4009 1.599823 -6.600328 59.69972 3.687428 5.102327 41.4918 4.721393 4.626382 41.48963 2.540481 6.240448 42.50178 -4.526964 3.39997 44.32974 -2.99105 5.806811 44.52392 0.3980733 2.928626 20.35264 0.3980733 3.969723 20.35264 -2.793477 2.025486 18.99985 -2.693423 2.545574 19.14955 -6.612319 4.81492 18.14933 -7.110332 3.737038 17.49951 -7.793551 5.769563 17.49951 -6.612319 6.846984 18.14933 -7.110332 7.801628 17.49951 -2.793477 9.513179 18.99985 -2.693423 8.682234 19.14955 0.3980733 7.03782 20.35264 0.3980733 8.159392 20.35264 -3.766736 -2.065313 35.72263 1.394379 8.583827 55.27576 0.8803472 7.97591 52.86525 -4.12788 9.062989 56.97462 0.3980733 2.928626 20.35264 2.059613 3.106129 22.26955 1.175164 5.393867 21.22811 2.553691 5.300977 22.87923 2.059613 7.458581 22.26955 0.3980733 8.159392 20.35264 0.3980733 7.03782 20.35264 0.3980733 3.969723 20.35264 0.3980733 2.928626 20.35264 -3.446063 -9.560364 58.13756 -3.647292 -9.215478 57.87503 -4.472441 -9.29733 56.75548 -4.12788 -9.063269 56.97462 -5.040715 -8.30682 54.79192 1.499209 -12.01687 35.2594 2.303278 -13.23868 35.1097 -4.77625 1.669565 36.18911 0.8803472 -7.97619 52.86525 0.6459549 -7.55359 52.26859 1.394379 -8.584108 55.27576 -4.12788 -9.063269 56.97462 1.615842 -7.739829 55.19657 -3.446063 -9.560364 58.13756 -4.472441 -9.29733 56.75548 1.609941 -11.72441 55.55781 1.394379 8.583827 55.27576 0.6645047 9.05839 57.23172 0.05913299 8.869394 57.28162 -0.9984411 9.45432 58.4283 -0.5316243 8.94573 58.05186 -4.13069 1.718311 62.03755 -4.065768 2.948859 60.32785 -4.829648 -1.40071e-4 62.03755 -4.829648 -1.40071e-4 62.03755 -4.065768 -2.94914 60.32785 -4.13069 -1.718589 62.03755 -4.570526 1.80522 35.15201 -0.7398784 0.8588553 35.25832 -3.766736 2.065034 35.72263 -5.189387 2.324849 36.71743 -0.8393682 0.9466842 35.54362 -4.77625 1.669565 36.18911 -3.766736 -2.065313 35.72263 -0.7398784 -0.8591339 35.25832 -4.570526 -1.805501 35.15201 -0.5434275 -0.2181068 34.74301 4.644105 -2.056576 36.04917 -2.593653 2.67709 22.89984 -3.951945 2.218162 23.79375 -5.147793 3.525048 26.80526 -5.147793 -3.525788 26.80526 -3.951945 -2.218443 23.79375 -2.593653 -2.677831 22.89984 -3.766736 2.065034 35.72263 2.520807 3.375138 22.03089 2.059613 3.106129 22.26955 0.3980733 2.928626 20.35264 1.788404 3.644608 18.06797 0.806433 3.455154 17.2999 2.303278 13.23794 35.1097 1.499209 12.01613 35.2594 -4.898506 -4.048635 36.81398 -4.570526 -1.805501 35.15201 -5.452726 -3.925396 36.35617 -4.656245 -5.698566 37.85651 -4.656245 -5.698566 37.85651 0.1634009 -11.05165 29.078 -0.4602388 -14.61363 33.80463 -3.286149 -12.31485 43.60615 -7.291888 -6.942452 58.67129 -8.409605 -3.683516 56.10348 -8.58582 -4.111173 55.91365 -7.144337 -6.589749 58.9935 0.3980733 7.03782 20.35264 1.206359 6.811117 23.90332 1.175164 5.393867 21.22811 1.175164 5.393867 21.22811 1.184157 3.85384 23.97817 0.3980733 3.969723 20.35264 -9.907296 3.049566 56.046 -8.60437 4.004667 61.52877 -8.344403 4.850329 61.32265 -9.229133 4.082383 61.82384 -8.92476 5.134514 61.56565 -9.661662 4.869183 59.59993 -8.860402 6.959647 59.59993 -8.477898 6.636836 61.14365 -6.633679 7.259928 62.90435 -0.9984411 9.45432 58.4283 0.6645047 9.05839 57.23172 -3.446063 9.559626 58.13756 -4.472441 9.29705 56.75548 -3.6116 11.26566 47.17744 -3.919906 10.02085 48.23407 -3.886743 11.51121 48.23299 0.6645047 -9.05867 57.23172 -0.9984411 -9.4546 58.4283 -2.266798 -6.736442 46.28353 -3.000607 -5.800193 45.32128 -6.000484 -3.400249 44.71593 -4.526964 -3.400249 44.32974 -3.919906 -10.02113 48.23407 -3.886743 -11.5115 48.23299 -4.13069 1.718311 62.03755 -4.829648 -1.40071e-4 62.03755 -4.13069 -1.718589 62.03755 2.642782 -6.572275 26.18799 2.402207 -6.572275 25.64123 2.652056 -5.136174 26.21185 2.402207 -5.136174 25.64123 -1.798576 12.74223 53.60619 -0.6600633 12.75648 53.75916 -1.733655 12.88202 53.11042 -0.5951405 12.89628 53.26338 -0.5650677 -12.89518 53.2623 -0.6243683 -12.70388 53.74071 -1.704989 -12.88644 53.11693 -1.764288 -12.69514 53.59643 -8.246599 -4.979825 56.75114 -8.144861 -5.198253 56.97896 -8.898903 -4.937519 57.08311 -8.797165 -5.155948 57.31091 -8.580761 -4.077146 54.87654 -8.589474 -4.092781 55.20742 -9.245432 -3.767208 54.87329 -9.253865 -3.782844 55.20417 -8.438551 -4.078527 53.54544 -8.447263 -4.0937 53.8763 -9.103224 -3.768588 53.54219 -9.111656 -3.784224 53.87305 -8.226924 4.980008 56.75656 -8.881197 4.942296 57.08527 -8.124905 5.197972 56.98545 -8.779459 5.160264 57.31417 -8.580761 4.076865 54.87654 -9.245432 3.766929 54.87329 -8.589474 4.092039 55.20742 -9.253865 3.782564 55.20417 -8.438551 4.078245 53.54544 -9.103224 3.768307 53.54219 -8.447263 4.093419 53.8763 -9.111656 3.783482 53.87305 -9.902798 -2.934884 51.71857 -9.982053 -2.934884 52.36189 -9.902798 -1.498782 51.71857 -9.982053 -1.498782 52.36189 -9.849399 -2.934884 51.1935 -9.922753 -2.934884 51.83791 -9.849399 -1.498782 51.1935 -9.922753 -1.498782 51.83791 7.703564 1.626338 53.169 7.475355 1.626338 53.70708 7.703564 0.334169 53.169 7.475355 0.334169 53.70708 2.402207 5.135893 25.64014 2.402207 6.571995 25.64014 2.652056 5.135893 26.21185 2.642782 6.571995 26.18799 2.652056 5.135893 26.21185 2.642782 6.571995 26.18799 2.887011 5.135893 26.76187 2.887011 6.571995 26.76187 2.652056 -5.136174 26.21185 2.887011 -5.136174 26.76187 2.642782 -6.572275 26.18799 2.887011 -6.572275 26.76187 -10.58695 -2.180689 58.66674 6.176452 4.73637 54.00809 -10.58695 2.150946 58.66674 6.117035 2.017347 56.45476 7.102764 2.322292 54.08268 -10.32793 -2.180691 54.34286 5.190724 4.431427 56.38016 -10.32793 2.150946 54.34286 -3.341094 12.39598 56.73841 -0.7000449 12.4469 57.15272 -0.9681095 10.61945 59.08609 -3.609158 10.56853 58.67178 -3.195365 -12.32671 56.84432 -0.6766088 -12.43248 57.21457 -3.394586 -10.58804 58.69628 -0.8758293 -10.69381 59.06653</float_array>
          <technique_common>
            <accessor source="#chest_base-mesh-positions-array" count="1946" stride="3">
              <param name="X" type="float"/>
              <param name="Y" type="float"/>
              <param name="Z" type="float"/>
            </accessor>
          </technique_common>
        </source>
        <source id="chest_base-mesh-normals">
          <float_array id="chest_base-mesh-normals-array" count="7029">-0.9527296 0 -0.3038199 -0.9527294 0 -0.3038206 0.4311402 0.8655988 0.2546705 0.9267967 0.3335597 0.1725859 0.8296396 0.4577471 0.3196338 0.9404284 1.75386e-5 0.3399918 0.9267946 -0.3335354 0.1726438 0.9112646 -0.3240515 0.2541407 0.4311496 -0.8655392 0.2548568 0.9112604 0.3240656 0.2541377 0.431109 0.8655972 0.2547284 0.4546412 0.8764015 0.1588141 0.4311747 0.8655785 0.2546808 0.3586509 0.7905572 -0.4963758 0.7298712 0.4819473 -0.4847834 0.8960121 1.31716e-4 -0.4440297 0.7274429 -0.481334 -0.4890239 0.9155236 -0.2455518 -0.3186237 0.3586218 -0.7904558 -0.4965583 0.3586725 0.7905402 -0.4963874 0.9163859 0.2467121 -0.3152301 0.8634396 -0.4934579 0.1047454 0.6888853 0.1854587 -0.7007441 0.4311597 -0.865536 0.254851 0.4311788 -0.8655448 0.2547887 0.8296006 -0.4577689 0.3197039 0.3586715 -0.7904608 -0.4965144 0.4545835 -0.8764368 0.1587837 -0.311716 -0.8725428 -0.3761678 -0.2863454 -0.85874 0.4249378 -0.7307701 -0.6786757 -0.07331061 -0.5555023 -0.8075276 0.198284 -0.8842337 -0.4479106 -0.1323137 -0.6662061 -0.3682506 -0.6485068 -0.8724042 -0.4685119 -0.1393109 -0.3948354 -0.917087 0.05528748 0.4311441 -0.8655616 0.2547902 0.3376011 -0.8802875 -0.3333459 0.915549 -0.2454665 -0.318616 0.4894927 -0.5975074 -0.6351235 -0.2411733 -0.4960225 -0.8341445 -0.9000166 -0.4319599 -0.05814594 -0.9000212 -0.4319537 -0.05811911 -0.2412295 -0.4960794 -0.8340945 -0.3091973 -0.6083824 -0.7309364 0.3849665 -0.5368945 -0.7506965 -0.3579982 -0.8724721 -0.3326104 0.2747799 -0.9381455 -0.2106636 -0.2411271 -0.4960656 -0.8341322 0.4894935 -0.5975264 -0.635105 0.3849341 -0.5369091 -0.7507027 0.7802792 -0.192225 -0.5951589 -0.8999966 -0.4320011 -0.05814826 -0.7711501 -0.4147408 -0.4830299 -0.508482 -0.7366902 -0.4457955 -0.4015346 -0.8886941 -0.2213431 -0.66758 -0.7311913 -0.1403434 -0.5160471 -0.8228868 -0.2378088 -0.6536229 -0.7155455 -0.2465193 -0.857873 -0.510995 0.05420595 -0.995972 -0.03069776 0.08424615 -0.7616869 -0.6211792 -0.1843079 -0.4334757 -0.8671941 -0.2450986 -0.6760637 -0.7071031 -0.2072268 -0.6383967 -0.7669309 0.06532061 -0.9925803 -0.07688742 -0.09419536 -0.9115782 -0.05522537 0.4074009 -0.2750737 -0.8515195 0.4463733 -0.6163284 -0.3370837 0.7116979 -0.2900968 -0.9395655 -0.1818254 -0.5691117 -0.6931858 -0.442273 -0.9115791 -0.0552842 0.4073909 -0.9925706 -0.07695537 -0.09424173 -0.9471709 0.3045964 0.1004412 -0.9471601 0.3046512 0.1003768 -0.9925723 -0.07693541 -0.09424084 -0.5690538 -0.6932716 -0.4422128 -0.7931745 0.3155647 -0.5208582 -0.4616082 -0.8489454 -0.2573123 -0.5690532 -0.6932581 -0.442235 -0.6760461 -0.7071135 -0.2072491 -0.2901601 -0.9395466 -0.1818222 -0.358034 -0.8724498 -0.3326308 -0.4014731 -0.8887316 -0.2213043 -0.3579599 -0.8724953 -0.3325909 -0.2900943 -0.9395727 -0.1817926 -0.4014912 -0.888715 -0.2213378 -0.2900895 -0.9395663 -0.1818333 -0.7616841 -0.6211817 -0.1843115 -0.3580365 -0.8724535 -0.3326182 -0.2854214 -0.9046484 -0.3164588 -0.4616556 -0.8489143 -0.2573299 -0.4615762 -0.8489685 -0.2572938 -0.1358495 -0.9769003 -0.1649566 -0.5690521 -0.6932556 -0.4422404 -0.1088664 -0.9533985 -0.2813882 -0.7932065 0.3155657 -0.5208087 0.1927434 -0.9676834 -0.1626002 -0.2333463 -0.972279 -0.01494193 0.1869417 -0.8389986 0.5110129 0.4848663 -0.5876715 0.6477244 0.3057 -0.9315426 0.1969158 0.3056347 -0.931562 0.1969259 0.3027189 -0.9529454 0.01601243 0.1722338 -0.9661504 -0.1920651 0.2633557 -0.9435837 0.2007326 0.660282 -0.7492977 0.05080223 0.4896255 -0.6695145 0.5585851 0.8614098 -0.5013149 0.08158862 0.1927683 -0.967673 -0.1626325 0.1869301 -0.8389977 0.5110186 -0.2332766 -0.9722964 -0.01489466 -0.0347622 -0.9980233 0.05235481 -0.7264162 -0.6858053 -0.04461729 -0.2332869 -0.9722942 -0.01488065 -0.3582512 -0.6804906 0.6392093 0.2618378 -0.6690426 0.6955739 0.402713 -0.6323791 0.6617546 0.484858 -0.5876511 0.6477491 -0.2332668 -0.972298 -0.01494306 -0.9452307 -0.2288144 -0.2327725 -0.5366693 -0.7706037 -0.3437383 -0.4334241 -0.8672107 -0.2451311 -0.0348367 -0.9980192 0.05238407 -0.4334132 -0.8672221 -0.24511 -0.6383786 -0.7669428 0.06535845 -0.2750426 -0.8515375 0.446358 0.1869413 -0.8389872 0.5110317 0.1453686 -0.6610937 0.7360863 0.3057398 -0.9315228 0.1969479 0.489644 -0.669447 0.5586498 0.3027587 -0.9529325 0.01602417 0.5515641 -0.3152299 0.772274 0.7329585 0.193891 0.6520569 0.8614332 -0.5012773 0.08157181 0.4896702 -0.6694137 0.5586667 0.7329203 0.1938534 0.6521109 0.8163661 0.4896398 0.3062667 0.8614394 -0.5012706 0.08154916 0.8163793 0.4896051 0.3062872 0.2022805 -0.9149399 -0.3492386 0.2022594 -0.9149314 -0.349273 0.810749 0.5635908 -0.1582767 -0.1088442 -0.9533923 -0.2814179 -0.7931981 0.3155015 -0.5208604 0.1927814 -0.9676707 -0.1626308 0.2022699 -0.9149409 -0.3492422 -0.1088378 -0.9534028 -0.2813851 0.8614413 -0.5012512 0.08164864 0.2022949 -0.9149432 -0.3492219 0.1928317 -0.9676667 -0.1625948 0.8108201 0.5634973 -0.1582456 0.2022944 -0.9149438 -0.3492207 0.8163838 0.4895823 0.3063114 0.258135 -0.9628797 -0.07892388 0.6602452 -0.7493315 0.05077987 0.1928044 -0.9676755 -0.1625752 0.6602345 -0.7493429 0.05075216 0.2581115 -0.962886 -0.07892483 0.263381 -0.9435774 0.2007291 0.2748143 -0.9381387 -0.2106493 -0.2853272 -0.9046631 -0.3165014 -0.3579746 -0.8724651 -0.3326544 -0.1358441 -0.9769028 -0.1649472 -0.4615814 -0.8489642 -0.2572988 0.1927638 -0.9676774 -0.1626118 0.7302947 0.6454749 -0.2236781 0.664559 -0.6822492 -0.3047909 0.7399913 -0.5236881 -0.4220944 0.760402 0.5305317 -0.3745995 0.7986145 -0.4593783 -0.3888272 0.7604279 0.5305393 -0.3745361 0.7985811 -0.4594042 -0.3888651 0.8146169 0.4813137 -0.3236303 0.8146272 0.4812597 -0.3236848 0.7985851 -0.4594179 -0.3888404 0.6342396 -0.6342132 0.4421696 0.594895 0.6421949 0.4834105 -0.05650269 0.8146297 0.5772226 -0.03888988 0.8060054 0.5906293 0.7303037 0.6454439 -0.223738 -0.1617151 0.9857413 -0.04650223 0.7604261 0.5304745 -0.3746321 -0.1197369 0.9927967 -0.00423026 -0.7116448 0.4660701 -0.5256808 -0.9058536 0.399125 0.1418752 -0.8919882 -0.444567 0.08196014 -0.7820165 -0.3615171 -0.5076964 -0.9330054 0.03336858 -0.3583121 -0.7383487 0.5775957 -0.3481731 -0.6938098 0.5437398 0.4722024 -0.8692681 -0.003111064 0.4943312 -0.6915056 -0.5451228 0.4739845 -0.738939 -0.6180698 -0.2682518 -0.159541 -0.9838887 -0.08068323 -0.78201 -0.3615313 -0.5076963 -0.09966599 -0.9892264 -0.1072292 -0.8920141 -0.4445183 0.08194184 -0.1100414 -0.8251754 0.5540547 0.6645778 -0.6822293 -0.3047943 0.7400205 -0.5236321 -0.4221127 -0.1775154 -0.8266058 0.5340517 0.8634541 -0.4934234 0.1047879 0.4311927 -0.8655376 0.2547894 0.9112701 -0.3240081 0.2541764 0.9112804 0.3240286 0.2541131 0.8635005 0.493361 0.1046987 0.8634548 -0.4934346 0.1047294 0.911292 0.3240163 0.2540871 0.6889436 0.1854184 -0.7006974 0.8634639 -0.4934145 0.1047488 0.5643722 0.09322375 -0.8202398 0.5643532 0.09329384 -0.820245 0.8634469 -0.4934227 0.1048508 0.8634608 0.4934088 0.1048011 0.5643613 -0.09329283 -0.8202394 0.9193652 -0.0720849 -0.386745 0.9193435 0.07215946 -0.3867822 0.7803435 0.1922532 -0.5950652 0.7803273 -0.1922169 -0.5950984 0.8638872 -0.06696587 0.4992141 0.9193551 -0.07207018 -0.3867715 0.919337 0.072142 -0.3868012 0.8774416 0.08841919 0.471464 0.7293221 0.6498617 0.213937 0.7802942 0.1922501 -0.595131 0.5005789 0.8623379 0.07611894 0.6452994 0.3542243 0.6768411 0.7825204 0.3533105 0.5126729 0.6971811 -0.3004651 0.6508913 0.6294925 0.3868035 0.673886 0.5689672 0.03482115 0.8216227 0.3438505 0.5212761 0.7810494 0.6294835 0.3868619 0.673861 0.6294897 0.386824 0.6738767 0.3438225 0.5212571 0.7810744 0.782458 0.3533057 0.5127716 0.6221464 -0.3843653 0.6820537 0.6295009 0.3868303 0.6738628 0.5741488 0.03575897 0.8179699 0.5689842 0.03475934 0.8216137 0.41675 0.1879833 0.8893715 0.6255639 0.1100882 0.7723668 0.4486523 0.05686521 0.8918955 0.01571536 0.541289 0.8406898 -0.04876923 -0.0417847 0.9979357 -0.2778556 -6.28531e-5 0.9606229 -0.4898719 5.65946e-5 0.8717944 -0.240746 9.29087e-6 0.9705882 -0.04871696 -0.04178845 0.9979382 0.4486249 0.05685019 0.8919102 0.1352725 -0.6670531 0.7326264 -0.3601828 -0.4045981 0.8405765 -0.3602236 0.4046283 0.8405444 0.1352704 0.6670537 0.7326263 -0.04881751 0.04166561 0.9979384 0.4484875 -0.05730593 0.8919501 -0.4898473 2.91392e-5 0.8718083 -0.04883563 0.04164135 0.9979385 -0.2778655 6.35833e-5 0.96062 0.01569867 -0.5412862 0.8406919 -0.2407452 1.04494e-6 0.9705884 0.44844 -0.05730366 0.8919742 0.4167484 -0.1879804 0.889373 0.625561 -0.1100808 0.7723702 0.799416 0.1820219 0.5725402 0.7991827 -0.182156 0.5728231 0.5741589 -0.0357449 0.8179633 0.5689847 -0.03476053 0.8216133 0.3439898 -0.5210583 0.7811333 0.5689916 -0.03483778 0.8216051 0.6221112 -0.3844073 0.6820622 0.7801436 -0.3349106 0.5284041 0.6221279 -0.3843753 0.682065 0.7009367 0.2775864 0.6569883 0.3440175 -0.52105 0.7811267 0.6221469 -0.3843523 0.6820605 0.5689738 -0.03476202 0.8216207 0.3439997 -0.521042 0.7811399 0.7009192 0.2775211 0.6570345 0.4849012 0.5875008 0.6478531 0.4167697 -0.1879119 0.8893775 0.5689757 -0.03475636 0.8216196 0.4848921 0.5875287 0.6478346 0.4837664 -0.5030611 0.7161702 0.4026963 0.632614 0.6615402 0.2619336 0.6690304 0.6955496 0.3635135 -0.310781 0.8782216 -0.3582729 0.6804641 0.6392255 -0.3371806 -0.2776967 0.899552 0.444181 0.8258654 -0.3473466 0.484972 0.5874586 0.6478385 0.4443069 0.8258223 -0.3472881 0.4350391 0.8456179 -0.3093079 0.1724117 0.9661508 -0.1919032 0.4442949 0.8258332 -0.3472775 0.4350289 0.8456292 -0.3092914 0.1777724 0.9722898 0.1518214 0.1724168 0.966154 -0.1918822 0.2633901 0.94363 0.2004694 0.2633775 0.9436255 0.2005077 0.5006038 0.8623299 0.07604563 0.2748123 0.9381507 -0.2105984 0.7803198 0.1922232 -0.5951062 0.384997 0.5363913 -0.7510404 -0.1927358 -0.9809393 0.02471911 0.3376233 -0.8802497 -0.3334231 -0.5555469 -0.8074905 0.1983098 -0.7833858 -0.5513024 0.287006 -0.6281992 -0.7639496 -0.147468 -0.8784642 -0.4636027 -0.1156427 -0.887122 -0.1384805 0.44027 -0.8842087 -0.4479569 -0.1323244 -0.5555535 -0.807499 0.1982567 0.3939113 -0.9167323 0.06660199 -0.1927555 -0.980934 0.02477425 -0.03496104 -0.9689142 -0.2449145 -0.0350126 -0.9689183 -0.2448904 -0.1927518 -0.9809359 0.02472704 0.3938668 -0.916751 0.06660777 0.3375973 -0.8802725 -0.3333895 0.7494157 -0.65408 -0.1027401 0.9155471 -0.2455269 -0.318575 -0.8870831 -0.1384594 0.4403552 -0.8842538 -0.4478757 -0.1322971 -0.887098 0.1384864 0.4403164 -0.7833921 0.5513119 0.2869705 -0.8785042 0.4635246 -0.1156517 -0.8871151 0.1384839 0.4402832 -0.9827598 0.1844209 0.01312243 -0.9827583 -0.1844285 0.01312643 -0.6550296 0.590258 -0.4717329 -0.8698969 0.1922146 -0.4542389 -0.3158465 0.2963992 -0.901326 -0.3158142 -0.2964728 -0.9013132 -0.8699089 -0.1921263 -0.4542533 -0.6550023 -0.5902729 -0.4717521 -0.6755427 -0.2413997 -0.6966838 -0.6755409 -0.2414335 -0.6966738 -0.9062721 0.221565 0.3599722 -0.6281605 -0.7639916 -0.1474156 -0.6755502 -0.2414497 -0.6966592 -0.4481121 0.8729434 0.1927839 -0.4481637 0.8729037 0.1928434 -0.7198074 0.6780931 0.1485502 -0.9063206 0.2214319 0.3599318 -0.906283 0.2215185 0.3599731 -0.8378935 -0.2191624 0.4999023 -0.6282027 -0.7639617 -0.1473911 -0.1666751 -0.8967449 0.4099612 -0.2525297 -0.6081789 0.7525605 -0.8378975 -0.219123 0.499913 -0.9470948 0.2199186 0.2337679 -0.851681 -0.4068495 0.3303226 -0.7673696 -0.6390723 0.05225455 -0.3707975 -0.6961593 0.6147125 -0.1681139 -0.9789088 0.116083 0.288824 -0.7796522 0.5556288 -0.2525125 -0.608201 0.7525483 0.2948288 -0.6722615 0.6790732 -0.166583 -0.896771 0.4099413 0.2939116 -0.896593 0.3312658 0.7878382 -0.2368356 0.5685243 0.803945 -0.5364158 0.2567695 0.2024079 -0.9702865 -0.1325715 -0.03496778 -0.9689233 -0.2448778 0.3938581 -0.916754 0.06661868 0.5600854 -0.7979629 -0.2226197 0.9603544 -0.1992185 -0.1950169 0.9133754 0.2344112 -0.3328616 0.5793303 -0.1315447 -0.8044081 -0.1056805 0.7802219 -0.6165108 -0.1056102 -0.7804583 -0.6162235 0.5793413 0.1315201 -0.8044043 0.9603629 0.1991894 -0.1950041 0.9164044 0.2466859 -0.3151967 -0.2525058 -0.6082069 0.7525458 -0.2525354 -0.6082209 0.7525245 -0.837889 -0.2191375 0.499921 -0.8516573 -0.4068856 0.3303392 0.8014542 -0.3537048 0.4822493 -0.6281782 -0.7639668 -0.1474679 0.8585051 0.5124926 0.01789784 -0.03703808 0.9634936 0.2651575 0.9133715 0.2343282 -0.3329308 0.5600458 -0.797988 -0.2226294 0.5600315 -0.7979781 -0.2227008 0.749454 -0.654031 -0.1027727 0.3938145 -0.9167751 0.06658637 0.8584852 0.5125259 0.01790297 0.9133719 0.2343261 -0.3329313 0.8039576 -0.5364298 0.2567011 0.8039399 -0.5364309 0.2567538 0.7878451 -0.2368269 0.5685184 0.8584909 0.5125175 0.01787447 0.801469 -0.3537726 0.4821746 0.7878413 -0.2368026 0.5685337 0.2948376 -0.6721988 0.6791315 0.8014619 -0.3536973 0.4822419 0.7546775 -0.3440154 -0.5586728 0.6576426 0.4723065 -0.586884 0.7979198 0.513522 -0.3156251 0.8558506 -0.4406725 -0.270791 0.803766 0.565194 -0.1857849 0.8780444 -0.4779789 -0.02396613 0.8584879 0.5125228 0.01786595 0.8014701 -0.3537513 0.4821888 0.4129173 -0.9072042 0.08049839 -0.1226601 -0.9923964 -0.0101943 0.414305 -0.9001392 -0.1345393 0.4066684 -0.7238921 -0.557316 0.06072854 -0.9170484 -0.3941249 -0.5611814 -0.7227122 -0.4034384 -0.800602 -0.5979391 -0.03879743 -0.9774096 -0.002712488 -0.2113366 -0.9984624 -0.01530283 -0.05327969 -0.7080685 0.7010024 -0.08505696 -0.7198088 0.6780716 0.1486416 -0.03696286 0.9634917 0.2651749 -0.7977072 0.5986824 -0.07240664 -0.7977325 0.5986477 -0.07241451 0.8584985 0.5125066 0.01782184 0.803787 0.5651425 -0.1858511 -0.03696841 0.9635005 0.2651419 0.7979523 0.5134741 -0.3156211 0.04540902 0.9847854 -0.1677377 0.6576492 0.4722789 -0.5868988 0.2174541 0.8714358 -0.4396743 -0.6764423 0.3701366 -0.6367298 -0.7977339 0.5986542 -0.07234585 -0.3157858 -0.2964403 -0.9013338 -0.3157806 0.2963932 -0.901351 -0.6755775 -0.2414214 -0.6966425 -0.315798 -0.2965011 -0.9013096 -0.105663 0.7802177 -0.616519 -0.7197887 0.6781147 0.1485421 -0.1018335 0.8141799 0.5716127 -0.03694134 0.9635046 0.2651308 0.9133387 0.2345013 -0.3328992 -0.1056907 0.7801927 -0.616546 -0.6754855 -0.2414538 -0.6967206 -0.4481547 0.8729035 0.192865 0.6645871 0.6822377 -0.3047553 -0.1773383 0.8266333 0.534068 0.7293963 0.5148432 -0.4504637 0.780223 0.5972346 0.1859111 -0.07743692 0.7706808 0.6324989 0.6645615 0.6822601 -0.304761 0.7302606 -0.6455049 -0.2237027 0.7399588 0.5236917 -0.4221469 0.7603921 -0.5305256 -0.3746285 0.7986769 0.4592666 -0.388831 0.8146482 -0.4812847 -0.3235948 0.798682 0.4592626 -0.3888251 0.7604305 -0.5305083 -0.3745751 0.7986364 0.459303 -0.3888711 0.8146302 -0.4812487 -0.3236933 0.6341651 0.6342748 0.442188 0.5948592 -0.6420812 0.4836055 -0.03889524 -0.805979 0.590665 -0.0564925 -0.8146404 0.5772086 0.730255 -0.645518 -0.2236833 -0.1617093 -0.9857412 -0.04652249 0.7604234 -0.5304893 -0.3746164 -0.1197414 -0.9927965 -0.004134476 -0.711645 -0.4660722 -0.5256789 -0.9058815 -0.3990425 0.1419292 -0.8920536 0.4444291 0.08199572 -0.7820257 0.3615644 -0.5076487 -0.9330063 -0.03333824 -0.3583127 -0.7383453 -0.5775693 -0.3482242 -0.6938214 -0.5437697 0.4721509 -0.1616442 -0.9857525 -0.04651147 -0.8692686 0.003128409 0.4943304 -0.6914758 0.5451631 0.4739816 -0.7389534 0.6180923 -0.26816 -0.1595587 0.983889 -0.08064395 -0.7820035 0.361617 -0.5076454 -0.09960728 0.9892283 -0.1072648 -0.8920882 0.444357 0.08201062 -0.1161053 0.7840515 0.60974 0.6645693 0.6822575 -0.3047497 0.7400046 0.5236452 -0.4221243 -0.1773546 0.8266275 0.5340716 0.7604398 -0.5304927 -0.3745783 -0.1197553 -0.9927949 -0.004130601 0.8146544 -0.4812625 -0.3236119 -0.5812667 -0.5617334 0.5887144 -0.571457 0.3401692 0.7468077 -0.7826522 -0.4487335 -0.4313859 -0.5489954 -0.8357698 0.009647965 -0.2701418 -0.920898 0.2810168 -0.5490063 -0.8357624 0.009669184 -0.600746 -0.6948263 -0.3953742 -0.5408035 -0.782341 -0.308989 -0.9602087 0.004555881 -0.2792465 -0.6559025 -0.6539389 -0.3770356 -0.9487741 0.2531066 -0.1891157 -0.5620875 -0.5989274 -0.5703892 -0.8427463 0.2867449 -0.4555832 0.4075996 -0.6627293 -0.6282137 0.3158912 -0.9144982 -0.252796 0.3651432 -0.898234 -0.2446348 0.8758805 -0.4725014 -0.09785681 0.8791477 -0.4645386 -0.1063166 0.9017435 0.05207103 -0.4291239 0.9797404 0.2002718 -3.19628e-4 0.4723083 0.8497747 -0.2341114 0.4939144 0.868527 0.04134488 0.9698636 0.2428651 0.01952785 0.8524612 -0.4752224 0.2178848 0.5125206 -0.7992135 0.3139754 0.5193316 -0.7858607 0.3357346 0.8630555 -0.456698 0.2157829 0.4723551 0.8497486 -0.2341108 -0.234649 0.932718 -0.2738193 -0.3767063 0.9244052 -0.05972909 -0.8427788 0.2866691 -0.4555708 -0.9487556 0.2531641 -0.1891322 -0.5340431 0.8443349 -0.04355078 -0.9602203 0.004654705 -0.2792049 -0.6681357 0.7133918 -0.2113457 -0.4652041 0.7273739 0.5044923 -0.638618 0.7200233 0.2715393 0.391731 0.7470172 0.5371333 0.4165505 0.9063994 0.07018381 0.9129988 0.215008 0.3467058 0.9141439 0.2015402 0.3517424 0.8630975 -0.4566311 0.2157568 0.8679082 -0.3750439 -0.3256954 0.4975537 -0.799575 -0.3363335 0.5193179 -0.785906 0.33565 -0.2629131 -0.9127291 0.3127337 -0.2680084 -0.7490103 -0.6059333 -0.09197157 -0.7145008 -0.6935632 0.8678668 -0.3750987 -0.3257426 0.6963093 -0.3916317 -0.6014799 0.4975567 -0.7995523 -0.3363829 0.4975678 -0.7995385 -0.3363996 0.696314 -0.3916376 -0.6014706 -0.09200048 -0.714461 -0.6936003 0.6962869 -0.3916339 -0.6015043 0.5245367 -0.7827504 -0.3349078 -0.09203386 -0.7145301 -0.6935247 0.7136288 -0.5955435 0.3688658 0.8399587 -0.3822087 -0.385209 0.8220811 -0.4886198 0.2922899 0.8644276 0.3491016 0.3617913 0.7947197 0.5492506 -0.2583497 0.8399258 -0.3822553 -0.3852343 0.9136698 -0.02766573 -0.4055146 0.6963142 -0.3915672 -0.6015161 0.5245212 -0.7827858 -0.3348491 0.7136205 -0.5955672 0.3688437 0.8105959 -0.5638161 -0.1582587 0.3147158 -0.9459724 -0.07804012 -0.09198528 -0.7144939 -0.6935685 -0.3313383 -0.9278587 -0.1711531 0.6872914 0.7263272 -0.008912444 0.9224007 0.2344447 0.3069409 0.687262 0.7263547 -0.008943796 0.6872616 0.7263554 -0.008911371 0.5758844 0.8123894 0.09154599 0.9224296 0.234398 0.3068897 0.2351012 0.9363272 0.2608044 0.5758795 0.8123881 0.09158939 0.497594 0.7532237 -0.4301792 0.6872906 0.7263281 -0.008894801 -0.3893972 0.8329784 -0.3930863 -0.3491187 0.9203157 0.1764523 0.3517124 0.8877379 -0.2970186 0.1285508 0.983949 -0.1237713 -0.2269494 0.9605537 -0.1607192 0.2656455 0.8327091 0.4858271 0.8734793 0.4100356 0.2624976 -0.003049731 0.7921565 -0.6103104 -0.002978026 0.7921294 -0.610346 0.8734623 0.4100424 0.2625434 0.9224062 0.2344515 0.3069193 0.5758659 0.8123928 0.09163171 0.07836902 0.7997539 -0.5951908 -0.2268563 0.9605807 -0.1606891 0.3517009 0.8877524 -0.2969886 0.07840996 0.7997745 -0.5951576 0.3517184 0.8877446 -0.2969911 -0.6038875 0.7945575 -0.06323283 -0.6038306 0.7946022 -0.063214 -0.358327 0.8045908 -0.4735349 0.4975736 0.7532229 -0.4302045 -0.9330159 0.03538471 -0.3580912 0.4976127 0.7532488 -0.4301139 0.4335027 0.6862829 -0.5840302 -0.3584147 0.8046014 -0.4734508 -0.4210539 0.7122482 -0.5616193 -0.3583627 0.8046256 -0.4734491 -0.4210076 0.7122557 -0.5616444 -0.9330139 0.0354861 -0.3580863 -0.7863001 0.5472511 -0.2867901 -0.6038287 0.7946032 -0.06322109 -0.9329705 0.03544116 -0.3582039 -0.8284342 -0.1637101 -0.5356266 -0.4209241 0.7122977 -0.5616537 -0.6374602 0.35479 0.6839362 -0.8284611 -0.1637714 -0.5355664 -0.7538096 -0.1782962 -0.6324411 -0.4210063 0.7122151 -0.561697 -0.8284749 -0.1637048 -0.5355652 -0.6375058 0.3547049 0.6839378 -0.5959132 -0.627112 0.5016154 -0.6375097 0.3547515 0.68391 -0.4209801 0.7122581 -0.561662 -0.50806 0.6298954 0.587458 -0.6386131 0.7200452 0.271493 -0.4652289 0.7273438 0.5045128 0.5056051 0.6553502 0.5611414 0.3917151 0.7469914 0.5371809 0.9141315 0.2015392 0.3517748 -0.4210407 0.7122002 -0.5616901 0.4335656 0.6862436 -0.5840296 0.4334939 0.6862953 -0.5840222 0.4976223 0.7532531 -0.4300955 0.9295013 0.179161 -0.3223798 0.9667422 0.1273699 -0.2217801 0.4975637 0.7532299 -0.4302037 0.6872587 0.7263587 -0.008859753 0.9136865 -0.02772223 -0.4054734 0.9295111 0.1790949 -0.3223884 0.6962929 -0.3916141 -0.6015102 0.433525 0.6862311 -0.5840744 0.5056433 0.6553401 0.5611189 0.4975376 0.7532756 -0.4301539 -0.6374381 0.3548291 0.6839364 -0.5713913 0.3401219 0.7468796 -0.5812537 -0.56169 0.5887686 -0.595854 -0.6271397 0.5016512 -0.9330156 0.03541088 -0.3580894 -0.4209839 0.7122688 -0.5616457 -0.7537586 -0.1782981 -0.6325012 -0.7863283 0.5472069 -0.2867972 0.7138848 0.59527 0.3688119 0.6294617 0.4885333 0.6042459 0.8365975 0.06898826 0.543457 0.9224154 -0.2343824 0.3069441 0.8365536 0.06897151 0.5435265 0.6295089 0.4885064 0.6042185 0.1807437 0.9233626 0.338723 0.9223999 -0.2344609 0.3069312 0.8644231 -0.3490903 0.3618131 0.7139255 0.5952685 0.3687354 0.8220732 0.4886313 0.2922932 0.7944893 -0.5494461 -0.2586422 0.9224099 -0.2344234 0.3069293 0.6871744 -0.7264357 -0.009089708 -0.6038067 0.7946205 -0.06321197 -0.7863131 0.5472171 -0.2868192 -0.7685533 0.5288134 -0.3601145 -0.9924899 0.09677302 -0.07482588 -0.8297898 -0.2854434 -0.4795529 -0.7042317 -0.4018715 -0.5852837 0.8220989 0.4885937 0.2922837 0.8399849 0.3820277 -0.3853314 0.7139353 0.5952249 0.3687869 0.8399888 0.3820484 -0.3853023 0.913632 0.02771532 -0.4055963 0.6871773 -0.726433 -0.009083509 0.6964192 0.3912836 -0.6015791 0.5246626 0.7826578 -0.3349271 0.713904 0.5952714 0.3687722 0.8107728 0.5635671 -0.1582396 0.314619 0.9460048 -0.07803767 -0.0919916 0.7144787 -0.6935834 -0.3313777 0.9278381 -0.1711881 -0.7041922 0.4019578 -0.585272 -0.7041895 0.4019164 -0.5853037 -0.09198826 0.7144865 -0.6935756 -0.7537354 0.178302 -0.6325278 -0.2682153 0.7491176 -0.605709 -0.7537091 0.1782959 -0.6325608 -0.0919522 0.7144457 -0.6936225 -0.5958491 0.6270349 0.5017881 -0.2681857 0.7491011 -0.6057425 -0.26292 0.9126307 0.3130151 -0.262974 0.9126289 0.3129748 -0.5489746 0.8357746 0.01039624 -0.5958353 0.6270726 0.5017573 -0.7537413 0.1782974 -0.6325221 -0.2682615 0.7491078 -0.6057006 -0.8284693 0.1637236 -0.5355684 -0.2681699 0.7491383 -0.6057035 -0.5957876 0.6270663 0.5018218 -0.828441 0.1637133 -0.5356151 -0.0920096 0.7144386 -0.6936223 0.5246676 0.7826172 -0.3350141 0.6964296 0.3913315 -0.6015359 0.4975695 0.7996019 -0.3362461 -0.0920493 0.7144737 -0.6935808 0.6964275 0.3913627 -0.601518 -0.0920543 0.7144538 -0.6936005 0.497555 0.7996287 -0.336204 -0.2682594 0.7490702 -0.6057481 -0.2630006 0.9126189 0.3129816 0.5194186 0.7858319 0.3356672 0.8631513 0.4566431 0.2155157 0.8679528 0.3749647 -0.3256677 0.9141222 -0.2015852 0.3517727 0.9295477 -0.1790744 -0.3222943 0.6964247 0.3913497 -0.6015298 0.91364 0.02774977 -0.405576 0.9667913 -0.1272613 -0.2216289 0.687191 -0.7264197 -0.009115934 0.4975141 -0.753283 -0.430168 0.4975956 0.7995764 -0.3362681 0.6964184 0.391354 -0.6015343 0.8679224 0.3749967 -0.3257117 0.852459 0.4752162 0.2179066 0.4975247 -0.7533079 -0.4301121 0.6872066 -0.7264059 -0.009039342 0.5759135 -0.8123527 0.09168839 0.497567 -0.7532319 -0.4301965 0.2349452 -0.9363455 0.2608791 -0.3894796 -0.8330298 -0.3928958 -0.3490583 -0.9203399 0.1764448 0.3516808 -0.8877425 -0.2970418 -0.6036787 -0.794724 -0.06313294 -0.3583887 -0.8045725 -0.4735194 0.4975669 -0.7532688 -0.4301318 0.9224151 -0.234397 0.3069339 0.5759139 -0.8123538 0.09167748 0.6871984 -0.7264136 -0.009044826 0.1285186 -0.9839453 -0.1238338 -0.2270948 -0.9605191 -0.1607202 0.4335265 -0.6867023 -0.5835193 0.9295572 -0.1790324 -0.32229 0.4975314 -0.7533106 -0.4300996 -0.5714738 -0.3401792 0.7467903 -0.6386669 -0.7200186 0.2714367 -0.6373684 -0.3547533 0.6840407 -0.508081 -0.6298926 0.5874428 -0.4211028 -0.7122012 -0.5616422 0.4335572 -0.6866226 -0.5835902 0.50564 -0.6555632 0.5608612 -0.4652578 -0.7272949 0.5045565 0.3917052 -0.7469409 0.5372582 0.9141148 -0.2015829 0.3517931 0.5056943 -0.6555626 0.5608128 0.4335221 -0.6866189 -0.5836207 0.3917058 -0.7469726 0.5372138 0.913015 -0.2149288 0.3467122 0.9698531 -0.2429043 0.01955598 0.4165715 -0.9063891 0.07019382 0.3916891 -0.7469704 0.537229 -0.5340391 -0.8443403 -0.04349583 -0.465251 -0.7273169 0.5045312 -0.6683029 -0.7132187 -0.2114011 -0.6386559 -0.7200022 0.2715061 -0.9602262 -0.00464797 -0.2791851 -0.9602159 -0.004621863 -0.2792206 -0.7937139 -0.5366664 -0.2863696 -0.7828063 0.4484822 -0.4313679 -0.5714415 -0.3402563 0.74678 -0.7828161 0.4484609 -0.431372 -0.7937183 -0.5366656 -0.2863588 -0.6386451 -0.7200322 0.2714518 -0.5714151 -0.3402095 0.7468215 -0.7936964 -0.5366876 -0.2863781 -0.9602344 -0.004649341 -0.2791563 -0.9487949 -0.2530471 -0.1890918 -0.3767496 -0.924385 -0.05976831 0.4938968 -0.8685421 0.04123955 0.9797345 -0.2003003 -3.42492e-4 0.4724153 -0.8497186 -0.2340989 0.9017737 -0.0521239 -0.4290542 0.8792029 0.4644415 -0.106285 0.4076343 0.6627137 -0.6282077 -0.8426596 -0.2868417 -0.4556827 -0.2346003 -0.9327958 -0.2735957 0.8758941 0.4724751 -0.09786152 0.3651432 0.8982343 -0.2446337 0.5125198 0.7992137 0.3139761 -0.2701424 0.9208973 0.2810187 0.5194184 0.7857997 0.3357434 0.8631222 0.4566832 0.2155475 0.3159625 0.9144704 -0.2528073 -0.6559052 0.6539363 -0.3770356 -0.5620848 0.598915 -0.5704048 -0.9488129 -0.2529797 -0.1890909 -0.842652 -0.2868949 -0.4556634 -0.540804 0.7823408 -0.308989 -0.6009031 0.6947304 -0.3953039 -0.5490432 0.8357303 0.01032465 -0.9602302 -0.004564106 -0.2791724 -0.2629969 0.9126101 0.3130103 0.5193835 0.7858158 0.3357596 -0.2701303 0.9208857 0.2810682 -0.5490132 0.8357505 0.01028817 -0.5813009 0.5616279 0.5887814 -0.5490159 0.8357485 0.01029908 -0.7828423 0.4484874 -0.4312971 -0.5714455 -0.3402965 0.7467586 -0.5621062 0.5988515 -0.5704504 0.4076515 0.662698 -0.6282131 -0.4499322 0.5076357 -0.7347565 -0.4499531 0.5075882 -0.7347764 0.2339169 0.3816305 -0.8942266 -0.7290698 0.6090373 -0.3122993 0.3269604 0.7594043 0.5624964 0.3268527 0.7594074 0.5625546 0.2338678 0.3815658 -0.894267 0.9808556 0.1894162 0.04521059 -0.003045678 -0.7919508 -0.6105775 0.5758973 -0.8123602 0.09172415 0.9224111 -0.2344323 0.3069192 0.8734975 -0.4099903 0.2625077 -0.003096342 -0.7919556 -0.610571 0.8734893 -0.4099943 0.2625283 0.2656514 -0.8327223 0.4858016 -0.4705212 -0.8186447 0.329288 -0.9685283 -0.2447122 -0.04548603 0.07808631 -0.7996857 -0.5953195 -0.6036643 -0.794733 -0.06315779 -0.9924941 -0.09676516 -0.07478034 -0.8764769 -0.04615455 0.4792265 -0.9685319 -0.2447044 -0.04545146 -0.470597 -0.8185926 0.3293095 -0.4157102 -0.04444479 0.9084107 -0.4076998 0.8760888 0.2573894 -0.8764558 -0.04620009 0.4792608 0.1444696 -0.04608565 0.9884355 0.7032481 -0.02153611 0.7106183 0.3630847 0.8499892 0.3816912 0.8365832 0.06907594 0.5434677 -0.4077525 0.8760588 0.2574078 0.3630909 0.8500009 0.3816592 0.8734707 -0.410022 0.2625474 0.8365824 0.06901216 0.5434771 0.7032841 -0.02151745 0.7105832 0.8734913 -0.4100036 0.2625073 0.9223986 -0.2344006 0.306981 -0.8764479 -0.04621392 0.4792737 -0.4076884 0.8760854 0.2574191 -0.9398553 0.2177566 0.2631615 -0.9685282 -0.244717 -0.04546368 -0.9924897 -0.09679925 -0.07479465 0.4894627 -0.5974883 -0.6351647 0.6889685 0.1854148 -0.7006738 0.7802875 -0.1922354 -0.5951445 0.5643685 0.09323322 -0.8202414 0.4894686 -0.597514 -0.6351359 0.431178 -0.8655329 0.2548303 0.688987 0.1854638 -0.7006427 -0.2408001 8.72836e-6 0.9705747 0.0157094 -0.5413211 0.8406693 -0.9106948 0.053842 0.4095559 -0.9106681 -0.05381643 0.4096188 -0.9140958 -0.3845797 -0.1285592 -0.9142482 0.3842615 -0.1284263 -0.7624521 0.4179378 -0.4939584 -0.7624848 -0.4179693 -0.4938814 -0.7712638 0.4146466 -0.4829289 -0.7711666 -0.4147044 -0.4830347 -0.8999577 0.4321193 -0.05787134 -0.9000366 -0.4319209 -0.05812537 -0.8724108 0.468503 -0.1393002 -0.8724219 -0.4684855 -0.1392892 -0.6661426 -0.3682059 -0.6485974 -0.6662011 0.3682059 -0.6485372 -0.8842263 0.4479158 -0.1323462 -0.8842251 -0.4479165 -0.1323515 0.01573807 0.5413104 0.8406756 -0.3583198 0.680459 0.6392047 -0.9458233 0.2409813 0.217592 -0.3371192 -0.2777541 0.8995574 -0.7939409 0.606886 0.03670775 -0.945545 0.02590405 0.3244591 -0.9563147 0.1171957 0.2678198 -0.9038003 0.3831055 0.1907235 -0.8929261 0.340618 0.2943845 -0.91176 0.2977527 0.2829084 -0.7266314 0.6855893 -0.0444321 -0.8929355 0.3406471 0.2943229 -0.9431335 -0.3184047 -0.0954864 -0.9455469 0.02582788 0.3244597 -0.9431237 -0.3184455 -0.09544676 -0.750796 0.5629162 -0.3455876 -0.8929206 0.3406257 0.2943927 -0.6289695 0.6688709 -0.3962437 -0.8958178 -0.4391678 -0.06813466 -0.9117856 0.2977493 0.2828294 -0.8957983 -0.4391999 -0.06818234 -0.9457926 0.241016 0.2176873 -0.6289449 0.6689028 -0.3962292 -0.8928963 0.3406824 0.2944009 -0.7939303 0.6069002 0.03670084 -0.6289337 0.6688933 -0.3962628 -0.7939357 0.6068921 0.03671628 -0.8957976 -0.4391989 -0.06819772 -0.945814 0.2409684 0.2176472 -0.8957852 -0.4392231 -0.06820696 -0.7939751 0.6068413 0.03670501 -0.7508407 0.5628767 -0.3455552 -0.9037684 0.3831733 0.1907382 -0.9562955 0.1171383 0.2679137 0.363123 -0.8499394 0.3817654 0.1445237 0.04607123 0.9884282 -0.4076837 -0.8760718 0.2574728 -0.4153957 0.04507249 0.9085234 0.1444428 0.04605776 0.9884408 0.3630824 -0.8499377 0.3818079 0.7032584 0.02177602 0.7106008 0.8365855 -0.06908619 0.5434629 0.9224283 0.2343855 0.3069032 0.8734511 0.4100758 0.2625283 0.8365803 -0.06902533 0.5434787 0.7032777 0.0217666 0.710582 0.8734416 0.4100592 0.2625858 0.7032074 0.02177876 0.7106512 0.1444887 0.04601728 0.9884359 -0.4153701 0.04502952 0.9085375 -0.4704795 0.8186368 0.3293676 -0.8760887 0.04636728 0.4799154 -0.9685394 0.2446768 -0.04543805 -0.939882 -0.2175444 0.263242 -0.9924884 0.09681546 -0.07479077 -0.9685261 0.2447191 -0.04549461 0.07835584 0.7997401 -0.5952112 -0.6038359 0.794602 -0.06316524 -0.9924828 0.096843 -0.07483029 -0.4077666 -0.8760325 0.2574756 -0.407706 -0.8760426 0.2575373 -0.3579539 0.872507 -0.3325668 0.2747533 0.9381609 -0.2106296 0.3849273 0.5363765 -0.7510868 -0.3092191 0.6082449 -0.7310415 -0.2412278 0.4966446 -0.8337586 -0.8999956 0.4320457 -0.057832 0.7802731 0.1922652 -0.5951539 0.4895304 0.5971043 -0.6354734 -0.3947551 0.917114 0.05541121 -0.8723996 0.4685293 -0.1392821 -0.7307444 0.678707 -0.07327646 -0.6661919 0.3682523 -0.6485204 -0.8842474 0.4478967 -0.1322701 -0.555528 0.8075413 0.1981565 -0.3116945 0.8726364 -0.3759684 -0.2863062 0.8590291 0.4243795 0.4311665 0.8655858 0.2546699 0.4311441 0.8655883 0.254699 -0.8999469 0.4321387 -0.05789524 -0.8999458 0.4321488 -0.057837 -0.7712498 0.4146823 -0.4829209 -0.5084965 0.7366686 -0.4458148 0.3375732 0.8802757 -0.3334051 0.358657 0.7905471 -0.4963876 0.454554 0.8764434 0.1588321 0.4311186 0.8656047 0.2546866 -0.3116592 0.8726462 -0.375975 0.3376495 0.8802378 -0.3334282 -0.5555301 0.8075373 0.1981656 0.6889201 -0.1854943 -0.7007003 0.8634464 0.4934464 0.1047435 0.4311239 0.865594 0.2547142 0.6601646 0.7494027 0.05077719 0.1929618 0.9676267 -0.1626787 0.8613272 0.5014646 0.081541 0.4895929 0.6696256 0.5584804 0.3027336 0.9529407 0.01601678 0.2634112 0.9436241 0.20047 0.1723896 0.9661691 -0.1918314 0.3059129 0.9313828 0.197341 0.4895861 0.6696132 0.5585013 0.1454294 0.6612683 0.7359175 0.1869476 0.838997 0.5110134 -0.2750614 0.8515668 0.4462905 -0.0348522 0.9980216 0.05232888 -0.6384416 0.7668939 0.06531542 -0.4333156 0.8672253 -0.2452712 -0.536575 0.7706227 -0.343843 -0.2333198 0.9722862 -0.01488518 -0.9451342 0.2288427 -0.2331362 -0.9959793 0.03061032 0.08419263 -0.6537776 0.7155368 -0.2461344 -0.8575257 0.5115736 0.05424237 -0.66758 0.7311771 -0.1404178 -0.4015711 0.888681 -0.2213299 0.5514302 0.315094 0.7724252 -0.05057752 0.1128738 0.9923213 -0.6164756 0.3368369 0.7116873 -0.5159689 0.8230352 -0.2374644 -0.4015593 0.8887137 -0.22122 -0.7616835 0.6211884 -0.1842911 -0.4015209 0.8887084 -0.2213111 -0.5160095 0.8230055 -0.2374789 -0.6759049 0.7072736 -0.2071636 -0.9925877 0.07676994 -0.09421288 -0.9116215 0.05498087 0.4073369 -0.2751192 0.8515759 0.4462378 -0.6164354 0.3368254 0.7117276 -0.2902761 0.9394926 -0.1819161 -0.5692582 0.6931641 -0.4421184 -0.4015342 0.8887073 -0.2212907 -0.7616888 0.6211938 -0.184251 -0.290257 0.939505 -0.1818827 -0.3579497 0.872518 -0.3325424 -0.4333337 0.8671993 -0.245331 -0.5159863 0.8230161 -0.2374927 -0.653738 0.715574 -0.2461311 -0.9470534 -0.3048576 0.1007556 -0.9925788 0.07679361 -0.09428763 -0.9116281 0.05502027 0.4073168 -0.5691512 0.6932407 -0.4421362 -0.9925732 0.07684499 -0.0943045 -0.9470459 -0.3048868 0.1007389 -0.7934179 -0.3152072 -0.5207039 -0.6758856 0.7072854 -0.2071864 -0.5692101 0.6932387 -0.4420633 -0.4618811 0.848776 -0.2573817 -0.2903097 0.9394836 -0.1819089 -0.3579732 0.8725016 -0.3325604 -0.4619194 0.848757 -0.2573756 -0.2851673 0.9047595 -0.3163701 -0.3579584 0.8725121 -0.3325485 -0.1089419 0.9535343 -0.2808988 0.1929615 0.9676243 -0.1626939 -0.1359326 0.9768471 -0.1652036 -0.5691912 0.6932206 -0.4421161 -0.4618589 0.8487975 -0.2573507 -0.793408 -0.3152559 -0.5206893 -0.1089182 0.9535268 -0.2809332 -0.7934324 -0.3151061 -0.520743 0.8105939 -0.5638254 -0.1582354 0.2025846 0.914787 -0.3494629 0.1929454 0.9676256 -0.1627049 0.2026049 0.9147999 -0.3494173 0.8613563 0.501415 0.0815382 0.1929984 0.9676166 -0.1626956 0.8162549 -0.4897489 0.3063887 0.2026306 0.9147737 -0.349471 0.8106446 -0.5637469 -0.1582558 0.2580529 0.9628912 -0.07905387 0.193 0.9676164 -0.1626948 0.6601081 0.7494526 0.050776 0.6601337 0.7494326 0.05073678 0.2634171 0.9436239 0.2004632 0.2580317 0.9628959 -0.07906484 0.2747638 0.9381767 -0.2105455 -0.2850782 0.904787 -0.3163715 -0.3579117 0.8725163 -0.3325875 -0.4618337 0.8488101 -0.2573544 -0.1359491 0.9768409 -0.165226 0.1929517 0.9676235 -0.1627098 0.2026373 0.9147993 -0.3494002 0.8162685 -0.4896653 0.3064861 0.8613426 0.5014443 0.08150112 0.8613361 0.5014469 0.08155483 0.8162624 -0.4897543 0.30636 0.7329704 -0.1933991 0.6521896 0.5514297 0.3151306 0.7724105 -0.1774932 -0.6488389 0.7399353 0.7109836 -0.3578019 -0.6053761 -0.1630084 -0.9616523 -0.2205743 -0.2798808 -0.5579567 0.7812497 -0.8289983 -0.5324558 0.1710343 -0.6659611 -0.2981212 0.6838272 -0.2798203 -0.5579088 0.7813056 -0.1630274 -0.9616552 -0.220548 -0.9071014 -0.281858 -0.3126072 -0.8470084 0.524584 0.08595538 -0.9273839 0.1843161 -0.325556 -0.087116 0.9499715 -0.2999418 -0.335083 0.5142937 0.7894437 -0.6938199 0.2750192 0.6655662 -0.6659543 -0.2982225 0.6837896 -0.08710783 0.9499838 -0.2999054 0.6410769 0.4291641 -0.6362694 -0.1778562 0.6871111 0.7044469 -0.3351146 0.5144207 0.7893477 -0.6006621 -0.6948718 -0.3954216 -0.5489978 -0.8357673 0.009732067 -0.7826672 -0.4487178 -0.4313752 -0.9602167 0.00456947 -0.2792187 0.180742 0.9233841 0.3386654 0.5515692 -0.3151543 0.7723013 -0.05060178 -0.112924 0.9923143 -0.1064192 0.8789481 0.4648928 -0.616333 -0.3371098 0.7116816 -0.1768466 0.9524763 0.2480208 -0.6163231 -0.337046 0.7117204 -0.05058461 -0.1129764 0.9923092 0.551559 -0.3151567 0.7723075 -0.9471828 0.3045665 0.1004194 -0.9924965 -0.09677094 -0.07473981 -0.861396 0.2215705 0.4570598 -0.9398712 0.2176607 0.2631846 -0.9398586 0.2176902 0.2632048 -0.1768168 0.9524571 0.2481154 -0.8613894 0.2215694 0.4570725 -0.7865246 -0.5468904 -0.2868627 -0.9329516 -0.03555703 -0.3582414 -0.4211134 -0.71223 -0.5615978 0.4335386 -0.6866566 -0.5835642 0.497583 -0.7532795 -0.4300945 -0.8284584 0.1637234 -0.5355853 -0.4211072 -0.7122062 -0.5616325 -0.7537186 0.1782727 -0.6325561 -0.7041568 0.4019142 -0.5853446 -0.753741 0.1782523 -0.6325351 -0.7865272 -0.5469053 -0.2868268 -0.595834 0.6271238 0.501695 -0.6373984 -0.3547305 0.6840246 -0.828462 0.163702 -0.5355861 -0.4210599 -0.7122443 -0.5616197 -0.8284228 0.1637026 -0.5356466 -0.6373919 -0.3547056 0.6840435 0.3516916 -0.8877303 -0.2970657 -0.2270181 -0.9605504 -0.1606413 0.07817816 -0.7997127 -0.5952712 -0.6037644 -0.7946556 -0.06317466 0.7400252 -0.5236433 -0.4220904 -0.09957075 -0.9892434 -0.1071604 0.7986323 -0.4593616 -0.3888105 0.6292862 -0.4882889 0.6046263 0.7136061 -0.5955806 0.3688498 0.836578 -0.06903964 0.5434803 0.9224124 0.2344255 0.3069205 0.8365493 -0.06902092 0.5435269 0.1807187 -0.9234501 0.3384981 0.6292937 -0.4882853 0.6046213 -0.6755332 0.2414533 -0.6966744 -0.315814 0.2964283 -0.9013279 -0.6549481 0.5903358 -0.4717485 -0.628233 0.7639274 -0.1474391 -0.878471 0.4635828 -0.1156713 -0.7833501 0.5513613 0.2869901 -0.1927058 0.9809454 0.024715 -0.5554847 0.8075641 0.1981844 0.3375972 0.880236 -0.3334857 0.3938804 0.9167415 0.06665819 0.7493373 0.654158 -0.1028149 0.9163825 0.246712 -0.31524 0.9603435 0.1992832 -0.1950045 0.5599311 0.7979589 -0.2230223 0.3938829 0.9167402 0.06666189 0.749323 0.6541826 -0.1027632 0.5598813 0.7979837 -0.223058 -0.884235 0.4479182 -0.132279 -0.5555426 0.807541 0.1981161 -0.7833757 0.5513432 0.2869554 0.3938965 0.9167289 0.06673806 -0.03496468 0.9690003 -0.2445728 -0.7198068 -0.6780822 0.1486026 -0.4482739 -0.8728997 0.1926051 -0.906239 -0.2215286 0.3600778 -0.628199 0.7639599 -0.1474155 -0.8378837 0.219135 0.4999309 -0.9062018 -0.221625 0.3601121 -0.9470415 -0.2200528 0.2338572 -0.7198004 -0.6780864 0.1486144 -0.9062213 -0.221561 0.3601022 -0.8378779 0.2192327 0.4998975 -0.1666859 0.896767 0.4099085 -0.6282312 0.7639315 -0.147426 -0.03494113 0.969007 -0.2445499 -0.1666832 0.8967792 0.4098826 -0.2525312 0.6081901 0.7525508 -0.8378754 0.219202 0.4999155 -0.6282028 0.7639523 -0.1474389 -0.1666834 0.8967714 0.4098997 -0.837903 0.2191352 0.4998983 -0.2525209 0.6082144 0.7525346 -0.8516594 0.4068789 0.3303421 -0.8378747 0.2191762 0.4999277 -0.9470197 -0.2201035 0.2338978 -0.8378973 0.2191395 0.4999061 -0.8516836 0.4068579 0.3303058 -0.7673531 0.6390931 0.05224359 -0.3708187 0.6961557 0.6147038 -0.1681247 0.9789096 0.1160603 -0.1227431 0.9923862 -0.01018738 -0.8006044 0.5979325 -0.03885358 -0.5611708 0.7227027 -0.4034703 0.06065702 0.917061 -0.3941065 0.4065802 0.7239577 -0.5572952 0.4142382 0.90017 -0.1345395 0.7546498 0.3440395 -0.5586954 -0.2525107 0.6082077 0.7525436 -0.6036643 -0.7947357 -0.06312495 -0.7683714 -0.5289988 -0.3602303 -0.7865003 -0.5469056 -0.2868998 -0.7041593 0.4019094 -0.5853449 -0.829784 0.2855107 -0.4795227 -0.9924917 -0.09676182 -0.07481563 0.412828 0.9072426 0.08052295 0.2887799 0.7796866 0.5556033 -0.3708097 0.6961733 0.6146894 -0.2524865 0.6081892 0.7525666 0.7979289 -0.5135252 -0.315597 0.6576195 -0.4723519 -0.5868733 0.8559127 0.4405477 -0.2707974 0.878034 0.4779986 -0.02395546 0.801488 0.3540217 0.4819604 0.803758 -0.5651875 -0.1858392 0.8585599 -0.512407 0.01772201 0.2948197 0.6722954 0.6790437 0.7878459 0.2364211 0.5686863 0.8014946 0.353981 0.4819793 0.8585788 -0.512376 0.01770347 0.8014479 0.3540183 0.4820294 0.7878432 0.236409 0.5686948 0.2940031 0.8965605 0.3312725 0.8039706 0.5365862 0.256333 0.7879 0.2364104 0.5686157 0.8039643 0.5365841 0.2563571 0.8585556 -0.5124143 0.01772058 0.7878552 0.2364451 0.5686634 0.8585807 -0.5123712 0.01774746 0.803944 0.5366057 0.2563754 0.9132645 -0.2341414 -0.3333552 0.9132916 -0.2341507 -0.3332746 0.8039425 0.5366263 0.2563371 0.9603399 0.1992676 -0.195038 0.5793477 0.131483 -0.8044057 0.5599058 0.7979871 -0.2229845 0.9603425 0.1992601 -0.1950331 0.803973 0.5365821 0.2563343 0.2025491 0.9703261 -0.1320647 0.3938478 0.9167512 0.06671875 -0.03495961 0.9690185 -0.2445016 0.2939659 0.8965715 0.3312757 -0.1666454 0.8967683 0.4099219 0.2948186 0.6723756 0.6789647 -0.2524869 0.6081688 0.7525829 0.803986 0.5365658 0.2563274 0.7878597 0.2364214 0.5686668 0.2948278 0.672294 0.6790415 0.801494 0.3539822 0.4819794 0.2888152 0.7796595 0.5556229 -0.2525105 0.6081568 0.7525848 0.9132302 -0.2342413 -0.333379 0.5793472 0.1315691 -0.8043919 -0.1057016 -0.7803954 -0.6162875 0.8585943 -0.5123482 0.01775395 0.9132811 -0.2341457 -0.333307 -0.03701901 -0.9634838 0.2651956 -0.4334173 -0.8672033 -0.2451694 -0.6536225 -0.7155286 -0.2465695 -0.5160245 -0.8228815 -0.2378761 -0.6386128 0.7200043 0.271602 -0.6680559 0.7134454 -0.2114169 -0.79361 0.5368027 -0.2864021 -0.9601824 0.004646778 -0.2793356 -0.8426856 -0.2868446 -0.4556328 -0.3616107 -0.8490024 -0.3852697 0.5930931 -0.06485402 -0.8025178 0.4723768 -0.8497245 -0.2341546 0.7858375 -0.6164668 0.04927682 -0.361632 -0.8490338 -0.3851803 0.9017899 -0.05209374 -0.4290238 0.47237 -0.8497382 -0.2341185 0.5930769 -0.06498134 -0.8025194 0.9808542 0.1894161 0.04523986 0.5930899 -0.06493139 -0.8025138 0.7857993 -0.6165221 0.04919505 0.5033254 -0.8486537 0.1626364 -0.3616104 -0.8490226 -0.3852252 -0.2942514 -0.9551421 0.03345948 -0.9541921 -0.0956853 -0.2834817 0.5930481 -0.06489312 -0.8025477 0.4076295 0.6627289 -0.6281948 0.9018071 -0.05211031 -0.4289855 0.5930643 -0.06496858 -0.8025296 0.980871 0.1893206 0.04527747 0.2339374 0.3815761 -0.8942444 0.5930343 -0.06493997 -0.8025541 0.2338833 0.3815836 -0.8942553 0.4076131 0.6627486 -0.6281846 0.4076879 0.6627312 -0.6281545 0.2338775 0.3815605 -0.8942667 -0.44998 0.5076661 -0.7347062 -0.72905 0.6090214 -0.3123764 -0.9541857 -0.09572136 -0.2834907 -0.4499598 0.5076325 -0.7347418 -0.6806628 -0.216109 -0.6999965 -0.3616721 -0.8489837 -0.3852533 -0.8426837 -0.2868144 -0.4556553 -0.449956 0.5075768 -0.7347826 -0.5620362 0.5989156 -0.5704519 -0.4499675 0.507602 -0.7347581 -0.8426855 -0.2868274 -0.455644 -0.5714088 -0.3402278 0.746818 -0.6373582 -0.3547291 0.6840628 -0.5812844 0.5616194 0.5888058 -0.5958108 0.6270442 0.5018219 -0.7865164 -0.5468855 -0.2868942 -0.7537143 0.1783157 -0.6325491 -0.932961 -0.03557348 -0.3582154 -0.4210127 -0.7122641 -0.56163 -0.8284665 -0.1637731 -0.5355574 -0.267993 -0.7490208 -0.6059271 -0.7537823 -0.1782918 -0.6324747 -0.5959002 -0.6270895 0.501659 -0.2679678 -0.7489804 -0.6059882 -0.8284813 -0.1636873 -0.5355607 -0.7537707 -0.1783078 -0.6324841 -0.09194463 -0.7145189 -0.6935482 -0.7042286 -0.4018914 -0.5852738 -0.331391 -0.9278515 -0.17109 -0.7537406 -0.1782833 -0.6325269 -0.2679276 -0.7490469 -0.6059237 -0.09196382 -0.7145171 -0.6935474 -0.5958527 -0.6271239 0.5016723 -0.2628471 -0.9127281 0.3127923 -0.2679232 -0.7490055 -0.6059769 -0.54903 -0.8357465 0.009694337 -0.2629216 -0.9127407 0.3126929 -0.5958733 -0.6271224 0.5016499 -0.2628464 -0.9127308 0.312785 -0.5489437 -0.8358032 0.009684681 -0.2701227 -0.9208877 0.2810689 0.5193278 -0.7858793 0.3356969 -0.829761 -0.2855396 -0.4795456 -0.7042079 -0.401906 -0.5852887 -0.331387 -0.9278413 -0.1711534 -0.793392 -0.3152464 -0.5207197 -0.9470649 -0.3048447 0.1006864 -0.9924889 0.09678274 -0.07482689 0.5931174 0.0649417 -0.8024927 0.4723939 0.8497427 -0.2340546 0.9017587 0.05207026 -0.4290919 0.5931692 0.06493109 -0.8024552 0.9808604 -0.1893811 0.04525429 0.7858424 0.6164538 0.04936021 0.5032816 0.8488183 0.161911 -0.3618426 0.849141 -0.3847462 -0.2936506 0.955379 0.03194648 -0.9541867 0.09582805 -0.2834516 0.901767 0.0520488 -0.4290771 0.4076721 -0.6627222 -0.6281741 0.5931292 0.06489396 -0.8024879 0.2338804 -0.3819787 -0.8940874 0.9808667 -0.1893509 0.0452423 0.5931494 0.06495857 -0.8024676 0.4076719 -0.662717 -0.6281799 0.2339072 -0.3819711 -0.8940836 0.5931112 0.06487578 -0.8025025 -0.4501999 -0.5078505 -0.734444 0.2338696 -0.381935 -0.894109 0.4076374 -0.6627451 -0.6281726 -0.3618344 0.849121 -0.3847979 -0.8427434 0.2867305 -0.4555979 -0.2346284 0.93271 -0.273864 0.4723141 0.8497717 -0.2341102 0.7858546 0.6164267 0.04950702 0.5931333 0.06493198 -0.8024817 -0.4502387 -0.5077415 -0.7344955 -0.8427631 0.286729 -0.4555621 -0.6806613 0.2163624 -0.6999197 -0.4501879 -0.5077912 -0.7344924 -0.7289218 -0.6092086 -0.3123107 -0.8427314 0.2867783 -0.4555899 -0.4502453 -0.5077753 -0.7344681 -0.5620419 -0.5989299 -0.5704314 -0.7936026 0.5368012 -0.2864257 -0.9601964 0.004626572 -0.2792874 -0.7826382 -0.4487254 -0.4314197 -0.7935939 0.5368196 -0.2864152 -0.7826311 -0.4487637 -0.4313929 -0.5714447 0.3400924 0.7468522 -0.6386132 0.7200357 0.2715177 -0.7935847 0.5368261 -0.2864283 -0.5713666 0.3401674 0.7468777 -0.8956649 0.4394695 -0.06819772 -0.9117338 -0.2976953 0.2830531 -0.9459064 -0.2407405 0.2174972 -0.9117497 -0.2977827 0.2829102 -0.8956889 0.4394149 -0.06823629 -0.6287477 -0.6690853 -0.3962337 -0.8929275 -0.3405885 0.2944147 -0.9140963 -0.3845975 -0.1285018 -0.9038076 -0.3830719 0.1907559 -0.750834 -0.5628866 -0.3455533 -0.9430412 0.3186695 -0.09551441 -0.8929225 -0.3405979 0.2944191 -0.7940291 -0.6067748 0.03663653 -0.9455918 -0.025559 0.3243499 -0.3370795 0.2776979 0.8995895 -0.9562873 -0.1177284 0.2676838 -0.7264342 -0.6857836 -0.04465591 -0.9459269 -0.2407033 0.2174494 -0.3582956 -0.6804767 0.6391994 -0.3371067 0.2777407 0.8995662 -0.910663 -0.05392378 0.4096159 -0.9562731 -0.1178333 0.2676884 -0.9106966 -0.05383384 0.4095529 -0.9562761 -0.1177917 0.267696 -0.9038249 -0.3830849 0.1906477 -0.7508732 -0.5628435 -0.345538 -0.9562582 -0.1177555 0.2677759 -0.6287482 -0.6690754 -0.3962496 -0.7939672 -0.606849 0.03674793 -0.8929466 -0.3406195 0.2943209 -0.895671 0.43945 -0.06824338 -0.794085 -0.6066993 0.03667646 -0.6287675 -0.6690436 -0.3962729 -0.7940171 -0.6067886 0.03666824 -0.8956511 0.4394894 -0.06825202 -0.9458951 -0.2408281 0.2174497 -0.9455938 -0.02545207 0.3243527 -0.9562699 -0.1178165 0.2677074 -0.9430174 0.3187346 -0.09553283 -0.7508412 -0.5629062 -0.3455056 -0.007152199 0.8474836 0.5307735 0.6189838 0.6472381 -0.4449069 -0.514786 0.5113767 -0.6881056 -0.007143855 0.847491 0.5307618 -0.5148993 0.5113816 -0.6880172 -0.8916641 0.4477569 0.06670016 0.1205655 0.9879807 0.09673774 -0.5866307 0.8029361 0.1056314 -0.3392488 0.7466311 -0.5722345 0.07615119 0.6478892 0.7579187 0.6190145 0.6472746 -0.4448108 -0.1148596 0.395448 -0.9112784 0.9455724 0.3241277 0.02888345 -0.1148278 0.3954178 -0.9112955 0.1205145 0.9879913 0.09669232 0.9829006 0.1776621 -0.04840129 0.9455674 0.3241394 0.02891451 -0.6964758 -0.71498 0.0610345 -0.6482958 -0.7100328 -0.2748927 -0.5770332 -0.3306323 -0.7468033 0.3985875 -0.6409019 -0.6560282 0.7720614 -0.6355118 0.006785631 0.9455742 0.3241256 0.02884531 0.9829131 0.1775845 -0.04843187 0.5957663 -0.6599061 0.4578062 0.6187211 0.3664917 0.6948871 0.487618 0.5153396 -0.7047367 -0.00414431 0.9997953 -0.0198093 -0.5147812 0.5113621 -0.6881201 -0.6965053 -0.7149537 0.0610063 0.6583833 0.5961593 -0.4594842 0.2654457 -0.4729699 -0.8401417 0.07610148 0.6479402 0.7578801 0.6187629 0.3663634 0.6949177 -0.004175603 0.9997938 -0.01987361 0.07616049 0.6479544 0.757862 0.5958493 -0.6598752 0.4577428 0.6187394 0.3664233 0.6949068 -0.5148391 0.5113385 -0.6880943 0.6190906 0.6471779 -0.4448457 -0.1148599 0.3954271 -0.9112873 0.2654672 -0.4729332 -0.8401555 -0.5462843 0.4649097 -0.6967298 -0.5462468 0.4648989 -0.6967665 0.6583734 0.5961374 -0.4595266 0.2654733 -0.4729034 -0.8401705 0.9455743 0.3241261 0.02883619 0.6584125 0.5961174 -0.4594966 -0.1979147 0.7634686 0.6147727 -0.5462846 0.4649128 -0.6967276 -0.1979462 0.7634693 0.6147616 0.6583451 0.5961576 -0.4595411 -0.5462881 0.4648783 -0.6967479 -0.1148407 0.3954367 -0.9112857 -0.1979243 0.7635309 0.6146924 0.9455614 0.3241551 0.02893358 -0.197883 0.7635046 0.6147383 -0.1149159 0.3955116 -0.9112436 -0.05062019 0.1128901 0.9923172 0.5514512 0.3150386 0.7724327 0.1807585 -0.9234762 0.3384051 -0.1063911 -0.8788636 0.4650591 -0.6164383 0.3368713 0.7117033 -0.176909 -0.9524638 0.2480242 0.6190371 -0.6472702 -0.4447858 -0.007135629 -0.8474864 0.5307691 -0.514757 -0.5115392 -0.6880065 -0.8916448 -0.4477779 0.06681811 -0.5147866 -0.511611 -0.687931 -0.007129073 -0.8474937 0.5307578 0.1205648 -0.9879776 0.0967704 0.6190603 -0.6472545 -0.4447765 -0.1145865 -0.3955373 -0.911274 0.1205554 -0.9879889 0.09666657 -0.1145094 -0.3955217 -0.9112905 0.945613 -0.3240176 0.02878534 -0.3389905 -0.7465887 -0.5724428 0.1205443 -0.9879902 0.09666824 0.9829002 -0.177672 -0.04837417 0.9456094 -0.3240274 0.02879363 0.07654529 -0.648349 0.7574856 -0.5866462 -0.8028864 0.105923 -0.338936 -0.7466371 -0.5724119 -0.6965178 0.7149161 0.06130248 -0.6482639 0.7100904 -0.2748191 -0.5770245 0.3305919 -0.7468279 0.3986202 0.6409102 -0.656 -0.1145403 -0.3955336 -0.9112814 0.2655357 0.4730108 -0.8400902 -0.5462588 -0.4647351 -0.6968663 -0.5147449 -0.5116051 -0.6879665 0.6190103 -0.6472703 -0.4448229 0.2655172 0.4729037 -0.8401563 0.6584734 -0.5959408 -0.4596385 -0.5462948 -0.4646961 -0.6968641 0.6190297 -0.6472526 -0.4448216 -0.5147347 -0.5115716 -0.6879991 -0.5770354 0.3305686 -0.7468298 -0.6965453 0.7148813 0.061396 0.5958552 0.6598232 0.4578099 0.7720846 0.6354835 0.006791472 0.9456066 -0.3240371 0.0287804 0.2654772 0.4730045 -0.8401122 0.658475 -0.596 -0.4595593 0.9829127 -0.1775967 -0.04839533 0.5958604 0.6598628 0.4577461 0.618866 -0.3662871 0.694866 0.4876216 -0.5153405 -0.7047336 -0.004109025 -0.9997946 -0.01984763 0.6189052 -0.3662602 0.6948452 0.07646685 -0.6483666 0.7574784 -0.004205524 -0.9997938 -0.01986807 0.07643014 -0.6483951 0.7574577 0.6188337 -0.3663051 0.6948853 0.5958364 0.6598834 0.4577476 -0.1978596 -0.7636739 0.6145355 0.6584625 -0.5959782 -0.4596055 0.9456077 -0.3240349 0.02876663 0.6584678 -0.5959821 -0.4595928 -0.1978291 -0.763602 0.6146346 -0.5462118 -0.4647703 -0.6968797 -0.1978853 -0.763602 0.6146165 -0.1144847 -0.3954836 -0.91131 -0.546298 -0.4647625 -0.6968174 -0.1146227 -0.3955688 -0.9112557 -0.1978459 -0.7636485 0.6145715 0.94563 -0.3239604 0.02887237 -0.6281965 0.7639657 -0.1473963 -0.9061861 -0.2216494 0.3601369 -0.6755492 0.2414099 -0.696674 -0.4482565 -0.872911 0.1925944 -0.9774119 0.00266546 -0.2113264 -0.9984624 0.01526027 -0.05329221 -0.708074 -0.7010018 -0.08501625 -0.7197838 -0.678101 0.1486287 -0.03697943 -0.9634815 0.2652094 -0.7976967 -0.5986965 -0.07240515 -0.797702 -0.5986896 -0.07240521 0.8585812 -0.5123711 0.01772719 -0.03699845 -0.9634917 0.2651693 0.8038 -0.5651549 -0.1857572 0.7979435 -0.5135161 -0.3155747 0.0453943 -0.9847847 -0.167745 0.6576222 -0.472311 -0.5869034 0.2174353 -0.8714953 -0.4395658 -0.6764501 -0.369921 -0.6368468 -0.797716 -0.5986748 -0.07237148 0.02311778 0.003571212 0.9997265 0.9436069 0.005690038 0.3310192 0.7802002 0.5972791 0.1858642 0.7293504 0.5148838 -0.4504917 0.7991798 -0.4171575 -0.4327717 0.6646199 0.6822267 -0.3047086 0.7302763 -0.6454765 -0.2237336 -0.03894096 -0.8059976 0.5906365 0.765156 -0.5937125 0.2490823 0.02315372 0.003564357 0.9997256 -0.1182014 -0.6550769 0.7462591 -0.07747149 0.77069 0.6324833 0.02314424 0.003504931 0.999726 0.7802094 0.5972765 0.1858333 -0.1181424 -0.6550573 0.7462858 -0.03895425 -0.8060027 0.5906288 0.7651596 -0.5937066 0.249085 -0.3389139 -0.7466273 -0.572438 0.4875483 -0.5153732 -0.7047604 -0.004229664 -0.999795 -0.01980406 0.07657349 -0.648431 0.7574127 0.9829066 -0.1776166 -0.04844641 0.4876293 -0.5153289 -0.7047368 -0.338966 -0.7465766 -0.5724731 0.4849582 0.587431 0.6478738 -0.2332751 0.9722975 -0.01484501 0.4026775 0.6325944 0.6615703 0.2619078 0.6690751 0.6955163 -0.3582879 0.6805029 0.6391757 -0.7265956 0.6856287 -0.04440808 -0.03477668 0.9980256 0.05230259 -0.233276 0.9722973 -0.01484149 0.1869122 0.8390002 0.5110213 0.484925 0.5874578 0.6478742 0.3058564 0.9314169 0.1972672 0.1869511 0.8389958 0.511014 -0.2332434 0.9723036 -0.01493769 -0.9924896 0.09680974 -0.07478201 -0.9470492 -0.3048604 0.1007872 -0.8614239 -0.2215474 0.4570184 -0.939885 -0.2174863 0.2632791 -0.8613873 -0.221552 0.457085 -0.1768637 -0.9524552 0.2480893 -0.9398853 -0.2174928 0.2632727 0.7109588 0.3578777 -0.6053603 -0.1774942 0.6488416 0.7399327 -0.1630493 0.9616411 -0.2205929 -0.2799018 0.5578113 0.7813461 -0.6659741 0.2981163 0.6838166 -0.8289985 0.5324558 0.1710343 -0.2798559 0.5577627 0.7813972 -0.1630232 0.9616569 -0.2205438 -0.9071081 0.2817819 -0.3126562 -0.8459156 -0.5268116 0.08304429 -0.9273876 -0.184336 -0.3255342 -0.08865201 -0.9498667 -0.2998238 -0.3009239 -0.6381308 0.7086846 -0.174009 -0.6864897 0.7060119 0.6410463 -0.4291922 -0.6362812 -0.6659438 0.2981744 0.6838209 -0.6928358 -0.275457 0.6664098 -0.3008956 -0.638123 0.7087036 -0.3893737 0.8329917 -0.3930814 0.1284772 0.9839546 -0.1238026 -0.00308758 0.7921754 -0.6102856 0.5759471 0.812349 0.09151029 0.3056647 -0.9315537 0.1969186 0.4440678 -0.8259072 -0.3473921 0.4849014 -0.5876765 0.6476935 0.4441174 -0.8258869 -0.3473767 0.3056943 -0.9315391 0.1969418 0.172191 -0.9661545 -0.1920825 0.4068046 -0.8448989 -0.3473557 0.2576243 -0.865857 -0.4288609 -0.21217 -0.9569224 0.1982005 0.2539759 -0.7780339 0.574595 -0.857913 -0.5109298 0.05418604 -0.7976946 -0.2868521 0.5304707 -0.7977 -0.2868082 0.5304865 -0.8578666 -0.5110051 0.05421054 -0.9959741 -0.03067266 0.0842303 -0.8055595 -0.5600596 -0.1934095 0.2576222 -0.8658434 -0.4288893 0.406848 -0.8448769 -0.3473583 0.4027633 -0.3183063 -0.8581742 0.09341019 -0.4929512 -0.8650282 -0.1023154 0.1968654 -0.9750772 -0.3031103 -0.2915466 -0.9072623 -0.3031218 -0.2915384 -0.907261 -0.1022564 0.1968215 -0.9750923 -0.881769 -0.0463922 -0.4693946 -0.9452323 -0.2287621 -0.2328172 -0.8929362 -0.3406355 0.2943339 -0.9455857 -0.02551764 0.3243708 -0.9430349 0.3186937 -0.09549659 0.48494 0.5874353 0.6478835 0.444274 0.8258203 -0.3473349 0.305832 0.9314208 0.1972874 0.1724119 0.9661588 -0.1918634 -0.9959785 0.03061532 0.08420038 -0.8054599 0.5601555 -0.1935462 -0.9451305 0.2287648 -0.2332276 -0.8816962 0.04620677 -0.4695495 0.4069265 0.8448262 -0.3473896 0.2574377 0.8659138 -0.428858 0.4028086 0.3182551 -0.8581719 0.09307426 0.4928446 -0.8651251 -0.1021876 -0.1965343 -0.9751574 -0.3036856 0.2910671 -0.9072238 0.2574298 0.8659501 -0.4287895 0.4069604 0.8447996 -0.3474144 -0.2121675 0.9569194 0.1982178 0.2539643 0.7780225 0.5746157 -0.8575409 0.5115465 0.0542581 -0.7977089 0.2868135 0.5304701 -0.7934007 -0.3152128 -0.5207267 -0.3313722 -0.9278523 -0.1711217 0.8106131 -0.5637989 -0.1582315 0.3146383 -0.9460008 -0.07800877 0.1284875 -0.98395 -0.1238276 -0.3894334 -0.8330456 -0.392908 -0.003108441 -0.7919138 -0.610625 0.5759658 -0.8123223 0.09162944 -0.5490503 0.8357253 0.01034319 -0.6008581 0.6947568 -0.3953258 -0.7828356 0.4484952 -0.4313013 -0.9602064 -0.004581928 -0.2792539 -0.7931273 0.3156024 -0.5209071 0.8107848 0.5635259 -0.1583243 -0.3314033 0.9278376 -0.1711412 0.3145509 0.9460285 -0.07802367 0.4896414 0.5970718 -0.6354185 0.7802996 0.1922427 -0.5951263 0.6889564 -0.1854577 -0.7006744 0.5643814 -0.09324657 -0.8202309 0.6889746 -0.1854636 -0.7006549 0.4311226 0.8656065 0.2546737 0.4895643 0.5971038 -0.6354478 -0.5866544 -0.8028814 0.1059165 0.3269609 -0.759413 0.5624842 -0.7288771 -0.60925 -0.3123344 0.326982 -0.7593954 0.5624958 -0.5866889 -0.802854 0.1059325 0.07646864 -0.6483708 0.7574748 0.980879 -0.1892814 0.04526597 0.3269773 -0.7594349 0.5624453 0.07652366 -0.6483572 0.7574809 0.07648289 -0.6483812 0.7574644 0.5958787 0.659867 0.4577164 0.9808633 -0.1893742 0.04521727 0.503314 0.8487864 0.1619783 0.5032405 0.8488373 0.1619395 0.5958839 0.6598163 0.4577826 -0.2935733 0.9554019 0.03196704 -0.6965304 0.7148976 0.06137514 -0.6964899 0.7149341 0.06140911 -0.9541969 0.09576904 -0.2834373 -0.2936089 0.9553924 0.03192603 -0.9541987 0.09573584 -0.2834423 -0.6965109 0.7149215 0.06131863 -0.5866591 -0.8028631 0.1060279 -0.7288872 -0.6092182 -0.3123726 -0.8870845 0.138461 0.4403518 -0.8842073 0.4479693 -0.1322917 -0.7834026 0.5513013 0.2869625 -0.884188 0.4480224 -0.1322407 -0.887106 0.138458 0.4403094 -0.8842485 -0.4478875 -0.1322931 -0.6682577 -0.7132478 -0.2114461 -0.6386169 -0.7200255 0.2715361 -0.7937183 -0.5366518 -0.2863851 -0.9602381 -0.004645109 -0.2791438 -0.1481121 -0.9879987 0.04383468 0.5949271 -0.6420576 0.4835534 0.8146249 -0.4812784 -0.323663 -0.1196868 -0.9928033 -0.004080414 -0.8197157 -0.5394638 0.1924712 -0.9058724 -0.3990235 0.1420409 -0.821806 0.5353997 0.1948903 -0.8920562 0.4444211 0.08200955 -0.09956747 0.9892351 -0.1072394 -0.1249131 0.9921598 -0.003977 0.7986941 0.4592453 -0.3888207 0.6342059 0.6342458 0.4421709 0.8146133 0.4812992 -0.3236609 0.5949178 0.6421509 0.4834408 -0.1481202 0.9880008 0.04375892 -0.1196682 0.9928052 -0.004178881 -0.8197363 0.5394459 0.1924329 -0.9058473 0.3991011 0.141983 -0.8218204 -0.5353739 0.1949003 -0.8919771 -0.4445856 0.0819801 -0.09960073 -0.9892394 -0.1071687 -0.1249626 -0.9921532 -0.004039585 0.7986202 -0.4593389 -0.3888623 0.6342605 -0.6341689 0.4422029 0.8146601 0.481246 -0.3236219 -0.1197365 0.9927967 -0.004233121 0.7604166 0.530546 -0.3745501 0.943609 -0.005657196 0.3310138 0.02317303 -0.003502845 0.9997254 0.7800534 -0.5974291 0.1859976 0.7292611 -0.5150325 -0.4504662 0.7991869 0.4171037 -0.4328104 0.6645528 -0.6822478 -0.3048074 0.7303193 0.6454175 -0.2237635 -0.03889989 0.8060147 0.5906159 0.7651566 0.5937169 0.2490698 0.02311861 -0.003491222 0.9997267 -0.1182389 0.655107 0.7462269 0.7800378 -0.5974582 0.1859698 0.0231899 -0.003450632 0.9997252 -0.07768642 -0.7705463 0.6326319 0.7651497 0.593712 0.2491026 -0.0388571 0.8059947 0.590646 -0.1181234 0.6550461 0.7462986 -0.5611976 0.7226877 -0.4034599 0.06067872 0.9170287 -0.3941785 -0.1630321 0.9616456 -0.2205865 0.4065546 0.7239373 -0.5573403 0.7109078 0.3578606 -0.6054304 0.7546328 0.3440212 -0.5587295 0.6576153 -0.4723031 -0.5869173 0.6410139 -0.429226 -0.6362912 0.2174522 -0.8714463 -0.4396544 -0.08861291 -0.9498481 -0.2998939 -0.6765568 -0.3699659 -0.6367073 -0.676531 -0.3699309 -0.636755 -0.7977134 -0.5986772 -0.07238227 -0.9273593 -0.1843295 -0.3256186 -0.9774112 0.002684533 -0.2113295 -0.9070852 0.2817714 -0.3127319 -0.8006107 0.5979232 -0.03886616 -0.5611701 0.7227355 -0.4034125 -0.1630538 0.9616367 -0.2206093 -0.08708173 0.9499652 -0.2999715 -0.6764836 0.3700718 -0.6367235 0.2174705 0.8713974 -0.4397422 0.6410225 0.4291972 -0.6363018 0.6576482 0.4722631 -0.5869126 0.7109626 -0.3578138 -0.6053937 0.7546369 -0.3440023 -0.5587359 0.4066844 -0.7238593 -0.5573469 -0.1630345 -0.9616503 -0.2205642 0.06077522 -0.9170289 -0.394163 -0.5611982 -0.7226937 -0.4034481 -0.9070758 -0.2818539 -0.312685 -0.163032 -0.9616531 -0.2205535 -0.5611333 -0.7227342 -0.4034659 -0.8006361 -0.5978912 -0.03883677 -0.9774082 -0.002745449 -0.2113426 -0.9273633 0.184314 -0.325616 -0.9070836 -0.2818665 -0.3126512 -0.9774172 -0.002702534 -0.2113015 -0.7977321 0.5986551 -0.07235813 -0.6764855 0.3700919 -0.6367099 -0.9541918 -0.09565067 -0.2834944 -0.7290862 0.608989 -0.312355 -0.5866101 0.8029469 0.1056637 -0.6965532 -0.7148979 0.06111276 -0.2939625 -0.955279 0.03206747 -0.9541767 -0.09575158 -0.2835112 -0.6964753 -0.7149786 0.06105577 -0.6965132 -0.7149391 0.06108605 0.5957591 -0.6598914 0.4578369 -0.29396 -0.955279 0.03208887 0.5032906 -0.8486617 0.162702 0.9808676 0.1893423 0.04525738 0.9808696 0.1893336 0.04525065 0.5957925 -0.6598964 0.4577862 0.07612431 0.6478734 0.7579349 0.3269021 0.7594406 0.5624812 0.9808621 0.1893713 0.04525631 0.07612848 0.6479197 0.7578949 -0.7290428 0.6090384 -0.3123602 0.3268963 0.7594227 0.5625087 -0.5866197 0.8029434 0.1056385 0.07612341 0.6479586 0.7578621 0.634219 0.6342294 0.4421758 0.3946705 0.6060419 0.6906146 -0.1249543 0.9921543 -0.004050254 0.05480372 0.9970442 0.0538457 -0.8217955 0.5354058 0.1949175 0.6348775 0.6920889 0.3434293 0.6208437 0.6169743 -0.4836279 -0.1703776 0.7328169 -0.6587495 -0.02445954 0.9866198 0.1611931 0.147825 0.6333928 -0.7595798 0.3058757 0.7022581 -0.6428636 -0.3906692 0.9016303 0.1855814 -0.933709 0.3241465 0.1520413 -0.7399295 0.3024483 -0.6008572 -0.3112609 0.7301245 -0.6083049 0.4420753 0.6826682 0.5818364 0.3947024 -0.6060169 0.6906183 0.6343003 -0.6341886 0.4421178 -0.1249913 -0.9921495 -0.004081547 0.05485832 -0.9970433 0.05380779 -0.8218058 -0.5353799 0.1949458 0.6209329 -0.616958 -0.4835341 0.6349045 -0.692086 0.343385 -0.1704423 -0.7328087 -0.658742 -0.02447479 -0.9866209 0.161184 0.1478549 -0.6333897 -0.7595766 0.3059306 -0.7022088 -0.6428914 -0.3906372 -0.9016276 0.1856617 -0.933725 -0.3240927 0.1520579 -0.7399994 -0.3023625 -0.6008144 -0.3111466 -0.7301978 -0.6082754 0.4420926 -0.6827553 0.581721 -0.5813599 0.5615997 0.58875 -0.5958486 0.6270602 0.5017569 -0.5490357 0.8357352 0.01032507 -0.1768388 0.9524591 0.2480923 -0.9398946 0.2176464 0.2631127 -0.4077716 0.8760463 0.2574204 0.3631614 0.8499392 0.3817293 0.8365548 0.06899189 0.543522 0.1807346 0.923378 0.3386861 0.3630893 0.8499724 0.381724 0.1807319 0.9233865 0.3386643 -0.1063767 0.8789029 0.4649882 0.3631578 0.849945 0.3817198 -0.1768469 0.9524546 0.2481034 -0.9107127 -0.05379772 0.4095222 -0.337123 0.2776416 0.8995906 0.01573199 0.5412907 0.8406884 0.3635288 0.3107022 0.8782432 0.4836922 0.5031058 0.7161889 0.4167847 0.1879071 0.8893714 0.2539759 -0.7779803 0.5746676 -0.7977145 -0.2868208 0.5304577 -0.8055413 -0.5600585 -0.1934882 0.4069073 -0.844836 -0.3473884 0.4028342 -0.3182891 -0.8581473 -0.8817384 -0.0463773 -0.4694536 -0.1022474 0.196847 -0.9750881 -0.4077506 -0.8760259 0.2575232 -0.9399006 -0.2174755 0.2632324 -0.176864 -0.9524652 0.2480511 0.3630922 -0.8498981 0.3818866 0.8365778 -0.06902319 0.5434827 0.363144 -0.8498968 0.3818401 0.1807778 -0.923451 0.338464 0.1806945 -0.9234675 0.3384634 0.3631277 -0.8498946 0.3818607 -0.1063951 -0.8788145 0.4651508 -0.1769056 -0.9524639 0.2480262 -0.9106533 0.05384707 0.4096476 0.01575249 -0.5412904 0.8406882 -0.3370958 -0.2776387 0.8996018 0.363542 -0.3107023 0.8782377 0.4837225 -0.5030269 0.7162238 0.416695 -0.18791 0.8894128 0.3849151 -0.5369091 -0.7507124 0.7802801 -0.1922627 -0.5951455 0.274854 -0.9381167 -0.2106955 0.5005577 -0.8623544 0.07607197 0.7293246 -0.6498614 0.2139298 0.9193522 -0.07212996 -0.3867672 0.8638869 -0.06705462 0.4992025 0.7824689 0.3533901 0.5126968 0.7009517 -0.2775396 0.6569921 0.3437954 0.5213021 0.7810562 0.2747891 -0.9381188 -0.2107702 0.5006211 -0.8623173 0.0760762 0.2633035 -0.9435895 0.2007738 0.4440515 -0.8259034 -0.3474217 0.4848995 -0.5876967 0.6476768 0.4440245 -0.8259367 -0.3473775 0.1722066 -0.9661466 -0.1921085 0.4351124 -0.8456717 -0.3090578 0.4441073 -0.8259189 -0.3473137 0.4350309 -0.8456991 -0.3090973 0.177749 -0.9723032 0.151762 0.2633605 -0.9435868 0.2007122 0.1722288 -0.9661521 -0.1920615 0.3438587 0.5212761 0.7810457 0.5689752 0.03476148 0.8216198 0.7008997 -0.2774889 0.6570689 0.4848611 -0.5877301 0.6476751 0.5689684 0.03475743 0.8216246 0.4167807 0.1879161 0.8893714 0.4848756 -0.5877149 0.6476782 0.4836989 0.5031349 0.716164 0.4026612 -0.6324571 0.6617115 0.261835 -0.6690199 0.6955968 0.3635678 0.3107801 0.8781995 -0.3582628 -0.6804725 0.6392222 -0.3371614 0.2777041 0.899557 0.6294953 0.4884956 0.6042416 0.8164144 0.4895721 0.3062465 0.7329571 0.193809 0.6520829 0.1807587 0.9233753 0.3386804 0.6294804 0.4885715 0.6041957 0.7329518 0.1938064 0.6520895 0.5516065 -0.3151875 0.7722612 -0.3313989 0.9278365 -0.1711553 -0.7041779 0.4019338 -0.5853058 -0.8297528 0.2855795 -0.4795359 -0.7931662 0.3155983 -0.5208506 -0.947184 0.3045791 0.1003705 -0.9924914 -0.09677308 -0.07480555 -0.09958231 0.9892324 -0.1072508 0.7399849 0.5236822 -0.4221129 0.7986766 0.4592711 -0.3888262 0.2287622 0.02937048 0.9730392 0.7109912 -0.3578076 -0.6053638 -0.1774072 -0.6488471 0.7399488 0.7109354 -0.3578281 -0.6054173 0.2287647 0.02938407 0.9730382 0.6410227 0.4292346 -0.6362765 -0.1779402 0.6871331 0.7044043 0.5644339 -0.09330612 -0.8201881 0.8634601 0.493421 0.104749 0.6889187 -0.1854575 -0.7007116 0.8162351 -0.4897395 0.3064568 0.8106268 -0.5637753 -0.1582465 0.7135947 -0.5956059 0.3688308 0.6292811 -0.4883027 0.6046205 -0.3438109 -0.7098373 -0.6147561 -0.7238855 -0.3905332 -0.5687474 -0.7399831 0.3023837 -0.6008238 -0.311267 0.7301827 -0.608232 0.3058253 0.7023099 -0.642831 0.2214626 -0.7633916 -0.6067848 0.1478399 0.6334536 -0.7595262 0.1400977 -0.6703886 -0.7286643 -0.1704413 0.7328654 -0.6586791 -0.1200313 -0.7830839 -0.6102231 0.6008538 -0.6055043 -0.5218614 0.8415428 -0.07800263 -0.534529 0.620918 0.6169693 -0.4835388 -0.7239564 0.3903445 -0.5687867 -0.3437426 0.7099031 -0.6147183 -0.7399598 -0.3025165 -0.6007855 -0.311178 -0.7302206 -0.608232 0.3059636 -0.7022756 -0.6428027 0.2214794 0.7633905 -0.6067799 0.147838 -0.633453 -0.7595272 0.1400194 0.6703668 -0.7286995 -0.1703703 -0.7328745 -0.6586872 -0.1201195 0.7830771 -0.6102144 0.6007968 0.6056271 -0.5217846 0.8415417 0.07801556 -0.5345289 0.6208994 -0.6169872 -0.4835398 -0.3392382 0.7466422 -0.5722263 0.07623708 0.6479853 0.7578278 -0.004205226 0.9997947 -0.01982063 0.4875374 0.5153309 -0.7047989 0.5948469 0.6421674 0.4835063 0.6342729 -0.6342126 0.4421226 0.3946139 -0.6060746 0.6906182 0.4179037 0.6118924 0.6715239 0.6985543 0.05392748 0.713522 0.4866376 0.7088128 0.5106548 0.9260696 0.08404922 0.3678736 0.4420469 -0.6827758 0.5817318 0.6348616 -0.6921294 0.3433769 0.6208948 -0.6169853 -0.4835482 0.8415035 0.07803273 -0.5345865 0.6007897 0.6056079 -0.5218151 0.641634 0.7131389 0.2823807 -0.1200727 0.7830531 -0.6102544 0.03095489 0.9761209 0.2150111 0.1399771 0.6703006 -0.7287685 -0.04042351 0.9962297 0.07676315 0.2214927 0.7633381 -0.606841 -0.3437648 0.7098441 -0.6147741 -0.4486456 0.8840639 0.130951 -0.9107894 0.3847609 0.1497397 -0.7239238 0.3903641 -0.5688148 -0.739945 -0.3023853 -0.6008698 -0.9337595 -0.3240001 0.1520434 -0.8218016 -0.5353922 0.1949297 -0.8197357 0.5394461 0.1924357 -0.1481736 0.9879966 0.04367291 0.4178878 0.6118624 0.6715611 0.5949003 0.6421321 0.4834876 0.4866338 0.7088301 0.5106344 -0.6375289 0.3547663 0.6838844 -0.6386482 0.7199854 0.2715687 -0.5714911 0.3401636 0.7467842 0.4179435 -0.6118741 0.6715157 0.5949035 -0.6420688 0.4835675 -0.1481471 -0.9879968 0.04375886 -0.04044681 -0.9962308 0.07673633 -0.8197088 -0.5394807 0.1924527 0.03101301 -0.9761275 0.2149731 0.4866093 -0.7087975 0.510703 0.6416121 -0.713164 0.2823669 -0.1200389 -0.7830241 -0.6102982 0.1401035 -0.6703352 -0.7287124 0.2214159 -0.7633467 -0.6068582 -0.3437558 -0.709838 -0.6147862 -0.4487199 -0.8840379 0.1308715 -0.9107985 -0.384743 0.1497301 -0.821783 0.5354316 0.1948992 -0.9337247 0.3240947 0.1520561 -0.7399411 0.302502 -0.6008158 -0.723895 -0.390496 -0.5687609 0.6008537 -0.6054631 -0.5219093 0.9260708 -0.08402234 0.3678767 0.4866234 -0.7088034 0.5106813 0.8415055 -0.07800859 -0.5345872 0.6208887 0.6170006 -0.4835365 0.6348474 0.6921316 0.3433988 0.4420408 0.6826811 0.5818476 0.6985681 -0.05399489 0.7135035 0.3946669 0.6060792 0.6905839 0.4178953 -0.6119338 0.6714913 0.594884 -0.6420949 0.4835568 0.6341826 0.6342706 0.4421689 0.4866412 -0.7087779 0.5106999 -0.1773629 0.8266291 0.5340663 0.2287863 0.02938687 0.9730331 -0.07745903 0.7706691 0.6325102 0.02323704 0.003521025 0.9997238 -0.1181893 -0.6550876 0.7462517 -0.03897303 -0.8060227 0.5906002 -0.1774299 -0.6488382 0.7399511 0.2287861 0.02938258 0.9730333 -0.1773557 0.8266171 0.5340872 -0.1779314 0.6871505 0.7043896 -0.6755461 0.2414055 -0.6966785 -0.4482415 -0.8729076 0.1926445 -0.1018708 -0.8141978 0.5715805 -0.1055464 -0.7804248 -0.6162769 -0.7197836 -0.6781075 0.1485998 -0.03694862 -0.9634959 0.2651616 -0.1018698 -0.8141555 0.5716412 -0.03698348 -0.9635007 0.2651391 0.9132796 -0.2341572 -0.3333031 -0.1018354 -0.8141847 0.5716055 -0.1055635 -0.7804529 -0.6162383 -0.3392718 0.7466082 -0.5722507 0.4875777 0.5153296 -0.7047719 0.9828965 0.1776698 -0.04845702 -0.3031123 -0.2915299 -0.9072669 -0.9452203 -0.2288103 -0.2328186 -0.2332471 -0.9723035 -0.01489156 -0.7264152 -0.6858044 -0.0446462 0.09341293 -0.4929353 -0.8650369 0.2576606 -0.8658417 -0.42887 -0.9140782 -0.3846344 -0.1285201 -0.2121794 -0.9569189 0.1982077 -0.7624571 -0.4179852 -0.4939105 -0.8578896 -0.510961 0.05426347 -0.5084146 -0.7367438 -0.4457839 -0.7711578 -0.4147162 -0.4830387 -0.1773384 0.8266418 0.5340548 -0.116088 0.7841075 0.6096712 -0.1779357 0.6871742 0.7043653 -0.3351034 0.5143328 0.7894097 -0.6937666 0.2749643 0.6656445 -0.6914864 0.5451396 0.4739932 -0.8692523 0.00314033 0.494359 -0.6659311 -0.2981727 0.683834 -0.6938053 -0.5437563 0.47219 -0.05648314 -0.8146817 0.5771512 -0.2798395 -0.5579234 0.7812883 -0.1774959 -0.6488814 0.7398974 -0.03893506 -0.8060207 0.5906055 -0.7712483 0.414621 -0.4829758 -0.7624127 0.4179828 -0.4939811 -0.5084464 0.736702 -0.4458167 -0.8575654 0.5115007 0.05430376 -0.2122003 0.9569166 0.1981961 -0.9142317 0.3842973 -0.1284373 0.2574805 0.8658847 -0.4288911 -0.7266043 0.6856147 -0.04448306 0.09310132 0.4928565 -0.8651155 -0.3036995 0.291065 -0.9072198 -0.2332753 0.9722973 -0.01485246 -0.9451339 0.2288488 -0.2331313 -0.3037272 0.2910428 -0.9072178 -0.9451598 0.2287326 -0.2331401 -0.8816947 0.04625928 -0.4695472 -0.1021317 -0.1965315 -0.9751639 0.4028819 0.3181868 -0.8581628 -0.1021626 -0.1965793 -0.975151 -0.8817136 0.04624402 -0.469513 -0.8054748 0.5601423 -0.1935231 0.4070256 0.844797 -0.3473443 0.2540412 0.778006 0.574604 -0.7976757 0.2868403 0.5305058 -0.8054658 0.5601179 -0.1936308 -0.9959742 0.03061342 0.08425152 -0.7977105 0.2868393 0.5304538 -0.8575481 0.5115278 0.0543195 0.8108052 0.563524 -0.1582266 0.8163619 0.489609 0.3063274 0.7138869 0.5952962 0.3687658 0.6294559 0.4885729 0.6042202 -0.4501792 -0.5077951 -0.7344951 0.4076129 -0.6626896 -0.628247 -0.5621038 -0.5988674 -0.570436 0.2338904 -0.3819795 -0.8940844 -0.450222 -0.5077275 -0.7345154 -0.7289186 -0.6091925 -0.3123497 0.3269593 -0.7593977 0.5625059 0.3269509 -0.7594059 0.5624997 0.9808588 -0.1893985 0.04521602 0.2339602 -0.3818849 -0.8941066 0.3375951 0.8802546 -0.3334388 0.3587149 0.790511 -0.4964033 0.9163945 0.2467051 -0.3152108 -0.5813207 -0.5616443 0.5887462 -0.5490369 -0.8357425 0.009648263 -0.5959278 -0.627076 0.5016432 0.9112761 0.3240041 0.2541603 0.4311462 0.8655976 0.2546644 0.8634517 0.4934346 0.1047548 -0.8613966 -0.2215919 0.4570484 -0.9470712 -0.3048014 0.1007595 -0.9116062 0.05507051 0.4073591 -0.6164411 0.336827 0.7117219 -0.1768571 -0.9524444 0.2481358 -0.1100109 -0.8252199 0.5539942 -0.1774801 -0.8266227 0.5340372 -0.1739227 -0.6865134 0.7060101 -0.3009212 -0.6381394 0.7086781 -0.6927846 -0.2754327 0.6664731 -0.691502 -0.5450906 0.4740267 -0.8692477 -0.003083705 0.4943673 -0.6659145 0.2981675 0.6838524 -0.6937837 0.5437385 0.4722422 -0.05646705 0.8146936 0.5771359 -0.2798813 0.5577759 0.7813787 -0.1774556 0.6489123 0.73988 -0.03884845 0.8060298 0.5905987 0.2287434 -0.02923583 0.9730477 -0.1774475 -0.8265913 0.5340968 -0.07764637 -0.7704571 0.6327456 0.02318871 -0.003552317 0.9997248 -0.1181837 0.655081 0.7462584 -0.03891986 0.8060292 0.5905948 -0.1774966 0.6489072 0.7398746 -0.177439 -0.8265786 0.5341192 0.2287441 -0.02925968 0.9730468 -0.1739463 -0.6864694 0.7060471 -0.1768237 0.9524558 0.248116 -0.6163374 -0.3370894 0.7116875 -0.861369 0.221642 0.4570758 -0.9115864 -0.05531382 0.4073703 -0.947183 0.3045675 0.1004151 0.7329949 -0.1933162 0.6521866 0.8162721 -0.4896743 0.3064616 0.6292931 -0.4882934 0.6046155 0.1807122 -0.9234631 0.3384658 0.5514853 0.3150619 0.7723989 -0.489835 2.74181e-5 0.8718153 -0.3601511 0.4045707 0.8406032 -0.04878866 0.04172879 0.9979372 -0.4898352 -2.49147e-5 0.8718151 -0.04882842 -0.04176127 0.9979338 -0.3601252 -0.4046564 0.8405731 -0.4482543 -0.8728977 0.1926602 -0.7197931 -0.6780987 0.1485934 -0.1019039 -0.814161 0.5716273 -0.6755354 0.2413417 -0.696711 -0.1057267 -0.7804244 -0.6162465 -0.3157768 0.2964381 -0.9013376 -0.7198293 0.6780643 0.1485752 -0.4481619 0.8728961 0.1928816 -0.1018826 0.8141502 0.5716463 -0.08858591 -0.94986 -0.2998641 -0.6765125 -0.3699245 -0.6367785 -0.9273853 -0.1843306 -0.3255439 -0.08706712 0.9499884 -0.2999024 -0.9274047 0.1842842 -0.325515 -0.6765499 0.3700734 -0.6366521 -0.07764297 -0.7705121 0.6326792 -0.1774911 -0.8265913 0.5340822 0.7800571 -0.5974133 0.186033 0.7292503 -0.5149765 -0.4505478 0.6646162 -0.6821962 -0.3047848 -0.7197825 0.6781117 0.1485856 -0.947108 0.2199221 0.2337112 -0.9062969 0.2215012 0.3599491 -0.837925 -0.219161 0.4998502 -0.9959769 -0.03062671 0.0842148 -0.9452139 -0.2288408 -0.2328145 -0.8055151 -0.5601014 -0.1934737 -0.8817352 -0.04644435 -0.4694529 -0.1774665 0.6489078 0.7398813 0.7109351 0.3578879 -0.6053823 0.2287928 -0.02933686 0.9730331 0.2287504 -0.02928078 0.9730447 0.7109017 0.3579213 -0.6054016 0.6410097 -0.4292324 -0.636291 -0.1739246 -0.6864918 0.7060306 -0.9431532 -0.3183504 -0.09547263 -0.7507988 0.5629035 -0.3456022 -0.9562872 0.117303 0.2678713 -0.9431217 -0.3184399 -0.0954861 -0.9562917 0.117166 0.2679149 -0.9455258 0.02596598 0.32451 -0.7863134 0.5472249 -0.2868036 -0.7537688 -0.1782648 -0.6324985 -0.704216 -0.4018548 -0.5853142 -0.3602278 0.4045962 0.8405581 -0.4898703 4.01735e-5 0.8717954 -0.3602411 -0.4045843 0.8405581 0.9200228 -1.79979e-4 -0.3918651 0.9170796 -1.53476e-6 -0.3987044 0.9193679 -9.69229e-4 -0.3933979 0.9170535 0 -0.3987641 -0.04769766 0.9629896 0.2652848 -0.04770433 0.9629853 0.2652996 -0.05367302 -0.929459 0.3650004 -0.05337202 -0.9295331 0.3648557 -0.0534867 -0.929582 0.3647143 -0.05323845 -0.929744 0.3643375 -0.3379828 -0.7497673 -0.5688731 -0.3379601 -0.7498887 -0.5687265 -0.3379577 -0.7498893 -0.5687272 -0.3379617 -0.7498615 -0.5687615 -0.3379602 -0.7498618 -0.568762 -0.3379597 -0.7498619 -0.5687621 -0.4218012 -0.9051147 -0.05339884 -0.4218132 -0.9051145 -0.05330348 -0.4218104 -0.9051103 -0.05339938 -0.4219481 -0.9050391 -0.05351883 -0.4217996 -0.9051253 -0.05323046 -0.4216417 -0.9052309 -0.05268275 -0.421827 -0.9051483 -0.05261844 -0.4215689 -0.9052326 -0.05323219 -0.4215531 -0.9052412 -0.0532127 -0.4216488 -0.9052094 -0.0529952 -0.421426 -0.9052821 -0.05352056 -0.329741 0.7521278 -0.5705915 -0.3297026 0.7523691 -0.5702955 -0.3297433 0.7521274 -0.5705909 -0.3297519 0.75212 -0.5705956 -0.3297349 0.7522404 -0.5704467 -0.3297266 0.7522417 -0.5704495 -0.421812 0.9051553 -0.05261856 -0.4215856 0.9052301 -0.05314207 -0.4216052 0.9052247 -0.05308067 -0.4214171 0.9052864 -0.05351728 -0.4218754 0.9050996 -0.05306398 -0.4218244 0.9051301 -0.05295139 -0.4218142 0.9051544 -0.05261683 -0.4218531 0.9051181 -0.05292761 -0.4218726 0.9051145 -0.05283379 -0.4218237 0.9051206 -0.05311715 -0.9925378 0 -0.1219375 -0.9924969 0 -0.1222705 -0.9924966 0 -0.1222724 -0.9925376 -1.60841e-7 -0.1219394 -0.9935837 0 -0.1130996 -0.9935833 0 -0.1131033 0.9206246 0 0.3904489 0.9206216 0 0.3904562 0.9170281 0 -0.3988226 0.9170604 -5.78095e-6 -0.3987486 0.9193878 0.001430034 -0.39335 0.9200458 1.98199e-4 -0.3918109 0.9193909 0.001396715 -0.3933426 0.9200524 2.24946e-4 -0.3917954 0.9205197 6.93585e-6 -0.3906962 0.9205157 6.2382e-6 -0.3907058 0.9200348 1.98924e-4 -0.3918368 0.9203282 0 -0.391147 0.9193645 -9.69079e-4 -0.393406 0.9205198 -5.74591e-6 -0.390696 0.9200365 -1.99014e-4 -0.3918326 0.9200285 -1.74861e-4 -0.3918515 0.9205157 -1.56624e-5 -0.3907057 0.9204034 0 -0.3909704 -0.9982106 4.06618e-7 -0.0597977 -0.9982106 4.06618e-7 -0.05979776 -0.9982106 4.06618e-7 -0.0597977 0.852383 0.339363 0.3978394 0.8523831 0.339363 0.397839 0.8523831 0.339363 0.397839 0.8523833 0.339363 0.3978385 -0.9982106 4.06618e-7 -0.05979764 -0.1196713 0.7297422 0.673168 -0.1196723 0.729742 0.673168 -0.1196723 0.7297419 0.6731681 -0.1196733 0.7297418 0.6731681 -0.1293242 -0.7298352 0.6712793 -0.1293281 -0.7298356 0.671278 -0.1293202 -0.7298347 0.6712806</float_array>
          <technique_common>
            <accessor source="#chest_base-mesh-normals-array" count="2343" stride="3">
              <param name="X" type="float"/>
              <param name="Y" type="float"/>
              <param name="Z" type="float"/>
            </accessor>
          </technique_common>
        </source>
        <source id="chest_base-mesh-map-0">
          <float_array id="chest_base-mesh-map-0-array" count="9972">0.8779627 0.9342469 0.8779627 0.877887 0.9901142 0.9342469 0.9901142 0.9342469 0.8779627 0.877887 0.9901142 0.877887 0.9724892 0.07503485 0.8898332 0.09382146 0.8997302 0.07815575 0.8997302 0.07815575 0.8898332 0.09382146 0.8601721 0.07815575 0.8601721 0.07815575 0.8898332 0.09382146 0.8305112 0.09382146 0.8305112 0.09382146 0.8898332 0.09382146 0.8291855 0.1441689 0.8305112 0.09382146 0.8291855 0.1441689 0.748111 0.07503485 0.8911588 0.1441689 0.8291855 0.1441689 0.8898332 0.09382146 0.8911588 0.1441689 0.8898332 0.09382146 0.9724892 0.07503485 0.9724742 0.06190866 0.9724892 0.07503485 0.8997302 0.07815575 0.9724742 0.06190866 0.8997302 0.07815575 0.9726248 0.04469782 0.9726248 0.04469782 0.8997302 0.07815575 0.8984196 0.02503919 0.8984196 0.02503919 0.8997302 0.07815575 0.8601721 0.07815575 0.8984196 0.02503919 0.8601721 0.07815575 0.8601721 0.02497804 0.8601721 0.02497804 0.8601721 0.07815575 0.8219397 0.02491682 0.8601721 0.02497804 0.8219397 0.02491682 0.832846 0.006573855 0.832846 0.006573855 0.8219397 0.02491682 0.7480809 0.03753811 0.9726248 0.04469782 0.8984196 0.02503919 0.8874982 0.006573855 0.8874982 0.006573855 0.8984196 0.02503919 0.8601721 0.02497804 0.8874982 0.006573855 0.8601721 0.02497804 0.832846 0.006573855 0.8325749 0.1581823 0.8099036 0.1508238 0.748111 0.07503485 0.748111 0.07503485 0.820614 0.07815575 0.8305112 0.09382146 0.8305112 0.09382146 0.820614 0.07815575 0.8601721 0.07815575 0.8601721 0.07815575 0.820614 0.07815575 0.8219397 0.02491682 0.8219397 0.02491682 0.820614 0.07815575 0.7480809 0.03753811 0.7480809 0.03753811 0.820614 0.07815575 0.7479453 0.05474901 0.7480809 0.03753811 0.7479453 0.05474901 0.6720228 0.03756868 0.6720228 0.03756868 0.7479453 0.05474901 0.6723693 0.06005758 0.6720228 0.03756868 0.6723693 0.06005758 0.6555277 0.04826241 0.6720228 0.03756868 0.6555277 0.04826241 0.6556783 0.02633959 0.6556783 0.02633959 0.6555277 0.04826241 0.6033611 0.02618658 0.6033611 0.02618658 0.6555277 0.04826241 0.5815183 0.04875195 0.5815183 0.04875195 0.6555277 0.04826241 0.558606 0.1048821 0.558606 0.1048821 0.6555277 0.04826241 0.6555277 0.07569271 0.6555277 0.07569271 0.6555277 0.04826241 0.6723693 0.06005758 0.6555277 0.07569271 0.6723693 0.06005758 0.748111 0.07503485 0.748111 0.07503485 0.6723693 0.06005758 0.7479453 0.05474901 0.748111 0.07503485 0.7479453 0.05474901 0.820614 0.07815575 0.7481261 0.026156 0.832846 0.006573855 0.7480809 0.03753811 0.7481261 0.026156 0.7480809 0.03753811 0.6720228 0.03756868 0.7481261 0.026156 0.6720228 0.03756868 0.6556783 0.02633959 0.6555277 0.07569271 0.748111 0.07503485 0.7480357 0.0869677 0.6555277 0.07569271 0.7480357 0.0869677 0.6494871 0.08656996 0.6555277 0.07569271 0.6494871 0.08656996 0.558606 0.1048821 0.558606 0.1048821 0.6494871 0.08656996 0.5578227 0.1132811 0.5578227 0.1132811 0.6494871 0.08656996 0.6434615 0.09746253 0.6434615 0.09746253 0.6494871 0.08656996 0.7479604 0.09890061 0.6434615 0.09746253 0.7479604 0.09890061 0.6436573 0.1185745 0.6436573 0.1185745 0.7479604 0.09890061 0.7480357 0.1245409 0.6494871 0.08656996 0.7480357 0.0869677 0.7479604 0.09890061 0.7479604 0.09890061 0.7480357 0.0869677 0.7906367 0.1574785 0.5578227 0.1132811 0.6434615 0.09746253 0.5570243 0.12168 0.5570243 0.12168 0.6434615 0.09746253 0.6436573 0.1185745 0.5570243 0.12168 0.6436573 0.1185745 0.5537704 0.1470755 0.5537704 0.1470755 0.6436573 0.1185745 0.622628 0.1492632 0.5537704 0.1470755 0.622628 0.1492632 0.5756735 0.170773 0.5756735 0.170773 0.622628 0.1492632 0.569422 0.2239202 0.5756735 0.170773 0.569422 0.2239202 0.563321 0.2262609 0.5756735 0.170773 0.563321 0.2262609 0.5528215 0.1526749 0.5528215 0.1526749 0.563321 0.2262609 0.5396856 0.230269 0.5756735 0.170773 0.5528215 0.1526749 0.5537704 0.1470755 0.569422 0.2239202 0.622628 0.1492632 0.6030297 0.2195296 0.569422 0.2239202 0.6030297 0.2195296 0.6083473 0.2538289 0.6083473 0.2538289 0.6030297 0.2195296 0.6173104 0.2160415 0.6083473 0.2538289 0.6173104 0.2160415 0.6226431 0.2448179 0.6226431 0.2448179 0.6173104 0.2160415 0.6333987 0.2136089 0.6226431 0.2448179 0.6333987 0.2136089 0.6397407 0.2453382 0.6226431 0.2448179 0.6397407 0.2453382 0.633474 0.2668633 0.633474 0.2668633 0.6397407 0.2453382 0.6483573 0.2580972 0.6030297 0.2195296 0.6241495 0.1628943 0.6173104 0.2160415 0.644531 0.1902787 0.6333987 0.2136089 0.6173104 0.2160415 0.6397407 0.2453382 0.6333987 0.2136089 0.644772 0.2161791 0.644772 0.2161791 0.6333987 0.2136089 0.644531 0.1902787 0.644772 0.2161791 0.644531 0.1902787 0.6544733 0.2002228 0.6318321 0.1737409 0.644531 0.1902787 0.6173104 0.2160415 0.6318321 0.1737409 0.6173104 0.2160415 0.6241495 0.1628943 0.6318321 0.1737409 0.6241495 0.1628943 0.6436573 0.1185745 0.6144331 0.1550921 0.6436573 0.1185745 0.6241495 0.1628943 0.6144331 0.1550921 0.6241495 0.1628943 0.6030297 0.2195296 0.6436573 0.1185745 0.6496227 0.1442453 0.6318321 0.1737409 0.6318321 0.1737409 0.6516563 0.1660305 0.644531 0.1902787 0.644531 0.1902787 0.6516563 0.1660305 0.663843 0.1856892 0.644531 0.1902787 0.663843 0.1856892 0.6544733 0.2002228 0.6516563 0.1660305 0.7067905 0.1624965 0.663843 0.1856892 0.5913099 0.3081693 0.6670818 0.2880824 0.7440287 0.3051249 0.7440287 0.3051249 0.6670818 0.2880824 0.7205138 0.2880365 0.7205138 0.2880365 0.7343125 0.2116661 0.7479755 0.2133948 0.7479755 0.2133948 0.7343125 0.2116661 0.7480357 0.1245409 0.7480357 0.1245409 0.7343125 0.2116661 0.7220653 0.2110542 0.7220653 0.2110542 0.7343125 0.2116661 0.7068055 0.2662361 0.7220653 0.2110542 0.7068055 0.2662361 0.7124546 0.2105187 0.7220653 0.2110542 0.7124546 0.2105187 0.7067905 0.1624965 0.6670818 0.2880824 0.5913099 0.3081693 0.6136498 0.2881283 0.5526707 0.3080623 0.5913099 0.3081693 0.5918673 0.3574305 0.5918673 0.3574305 0.5913099 0.3081693 0.6142373 0.3573389 0.6142373 0.3573389 0.5913099 0.3081693 0.6454198 0.3422086 0.6454198 0.3422086 0.5913099 0.3081693 0.7440287 0.3051249 0.5913099 0.3081693 0.5745286 0.282835 0.5889148 0.266389 0.5889148 0.266389 0.5745286 0.282835 0.5396856 0.230269 0.5889148 0.266389 0.5396856 0.230269 0.563321 0.2262609 0.5889148 0.266389 0.563321 0.2262609 0.6083473 0.2538289 0.6136498 0.2881283 0.5913099 0.3081693 0.5889148 0.266389 0.6136498 0.2881283 0.5889148 0.266389 0.6083473 0.2538289 0.6136498 0.2881283 0.6083473 0.2538289 0.6226431 0.2448179 0.6136498 0.2881283 0.6226431 0.2448179 0.633474 0.2668633 0.6136498 0.2881283 0.633474 0.2668633 0.6670818 0.2880824 0.6670818 0.2880824 0.633474 0.2668633 0.6697934 0.2703208 0.6670818 0.2880824 0.6697934 0.2703208 0.7205138 0.2880365 0.7205138 0.2880365 0.6697934 0.2703208 0.7068055 0.2662361 0.7205138 0.2880365 0.7068055 0.2662361 0.7343125 0.2116661 0.691139 0.2606827 0.7034012 0.2413606 0.7068055 0.2662361 0.691139 0.2606827 0.7068055 0.2662361 0.6697934 0.2703208 0.7124546 0.2105187 0.7068055 0.2662361 0.7034012 0.2413606 0.7124546 0.2105187 0.7034012 0.2413606 0.7042899 0.2108858 0.7124546 0.2105187 0.7042899 0.2108858 0.6918621 0.1872496 0.6918621 0.1872496 0.6924195 0.1999015 0.663843 0.1856892 0.663843 0.1856892 0.6924195 0.1999015 0.6544733 0.2002228 0.7067905 0.1624965 0.6918621 0.1872496 0.663843 0.1856892 0.7124546 0.2105187 0.6918621 0.1872496 0.7067905 0.1624965 0.6924195 0.1999015 0.6918621 0.1872496 0.7042899 0.2108858 0.7211315 0.1398394 0.7220653 0.2110542 0.7067905 0.1624965 0.7220653 0.2110542 0.7211315 0.1398394 0.7480357 0.1245409 0.7480357 0.1245409 0.7211315 0.1398394 0.7295973 0.1141378 0.7295973 0.1141378 0.7211315 0.1398394 0.6496227 0.1442453 0.7295973 0.1141378 0.6496227 0.1442453 0.6436573 0.1185745 0.6516563 0.1660305 0.6318321 0.1737409 0.6496227 0.1442453 0.6516563 0.1660305 0.6496227 0.1442453 0.7211315 0.1398394 0.6516563 0.1660305 0.7211315 0.1398394 0.7067905 0.1624965 0.3282172 0.1550614 0.3863492 0.1551225 0.3792992 0.05767101 0.3282172 0.1550614 0.3792992 0.05767101 0.3414885 0.05764037 0.3414885 0.05764037 0.3792992 0.05767101 0.3782296 0.042602 0.3414885 0.05764037 0.3782296 0.042602 0.3442904 0.042602 0.3442904 0.042602 0.3782296 0.042602 0.3835171 0.01865971 0.3442904 0.042602 0.3835171 0.01865971 0.3341675 0.01865971 0.2649032 0.1767854 0.296643 0.2039861 0.3282172 0.1550614 0.2649032 0.1767854 0.3282172 0.1550614 0.2460129 0.1350203 0.2460129 0.1350203 0.3282172 0.1550614 0.2974867 0.08601921 0.2460129 0.1350203 0.2974867 0.08601921 0.2279964 0.07647293 0.2460129 0.1350203 0.2279964 0.07647293 0.2004745 0.1169986 0.2004745 0.1169986 0.2279964 0.07647293 0.1952171 0.06340795 0.2004745 0.1169986 0.1952171 0.06340795 0.1519383 0.06340795 0.2004745 0.1169986 0.1519383 0.06340795 0.1448884 0.1169986 0.2004745 0.1169986 0.1448884 0.1169986 0.1737058 0.1317465 0.2004745 0.1169986 0.1737058 0.1317465 0.2025985 0.1317465 0.2025985 0.1317465 0.1737058 0.1317465 0.1988325 0.1559947 0.2025985 0.1317465 0.1988325 0.1559947 0.2460129 0.1350203 0.2460129 0.1350203 0.1988325 0.1559947 0.2649032 0.1767854 0.2004745 0.1169986 0.2025985 0.1317465 0.2460129 0.1350203 0.1734045 0.1558569 0.1988325 0.1559947 0.1737058 0.1317465 0.1734045 0.1558569 0.1737058 0.1317465 0.1504169 0.1557192 0.1504169 0.1557192 0.1737058 0.1317465 0.1448281 0.1317465 0.1504169 0.1557192 0.1448281 0.1317465 0.09614127 0.1344084 0.09614127 0.1344084 0.1448281 0.1317465 0.1448884 0.1169986 0.09614127 0.1344084 0.1448884 0.1169986 0.1121693 0.07647293 0.1121693 0.07647293 0.1448884 0.1169986 0.1519383 0.06340795 0.1737058 0.1317465 0.1448884 0.1169986 0.1448281 0.1317465 0.0782603 0.177841 0.1504169 0.1557192 0.09614127 0.1344084 0.0782603 0.177841 0.09614127 0.1344084 0.007097959 0.1545872 0.007097959 0.1545872 0.09614127 0.1344084 0.04454708 0.08583563 0.04454708 0.08583563 0.09614127 0.1344084 0.1121693 0.07647293 0.0782603 0.177841 0.007097959 0.1545872 0.04218196 0.2081167 0.8325749 0.1581823 0.748111 0.07503485 0.8291855 0.1441689 0.8325749 0.1581823 0.8291855 0.1441689 0.8911588 0.1441689 0.8877694 0.1581823 0.8325749 0.1581823 0.8911588 0.1441689 0.8099036 0.1508238 0.8325749 0.1581823 0.8359643 0.1721805 0.8359643 0.1721805 0.8325749 0.1581823 0.8877694 0.1581823 0.8359643 0.1721805 0.8877694 0.1581823 0.8843799 0.1721805 0.8359643 0.1721805 0.8843799 0.1721805 0.8317314 0.1805183 0.8317314 0.1805183 0.8843799 0.1721805 0.8886129 0.1805183 0.8886129 0.1805183 0.8843799 0.1721805 0.9297075 0.1574785 0.7906367 0.1574785 0.8359643 0.1721805 0.8317314 0.1805183 0.8321983 0.2024716 0.8317314 0.1805183 0.8901043 0.1805183 0.8321983 0.2024716 0.8901043 0.1805183 0.8900741 0.2024716 0.8900741 0.2024716 0.8901043 0.1805183 0.9436116 0.2182444 0.9436116 0.2182444 0.8901043 0.1805183 0.9297075 0.1574785 0.9436116 0.2182444 0.9297075 0.1574785 0.9435815 0.1747354 0.8378322 0.2081781 0.8292457 0.2237672 0.8321983 0.2024716 0.8378322 0.2081781 0.8321983 0.2024716 0.8857056 0.2079945 0.8857056 0.2079945 0.8321983 0.2024716 0.8900741 0.2024716 0.832138 0.2407333 0.8292457 0.2237672 0.8378322 0.2081781 0.7848522 0.2757824 0.8282817 0.2364344 0.832138 0.2407333 0.832138 0.2407333 0.8282817 0.2364344 0.8292457 0.2237672 0.8378322 0.2081781 0.8857056 0.2079945 0.8919571 0.240458 0.8378322 0.2081781 0.8919571 0.240458 0.832138 0.2407333 0.832138 0.2407333 0.8919571 0.240458 0.8380431 0.2595047 0.832138 0.2407333 0.8380431 0.2595047 0.7848522 0.2757824 0.7848522 0.2757824 0.8380431 0.2595047 0.7867351 0.3051249 0.7867351 0.3051249 0.8380431 0.2595047 0.8395494 0.2776947 0.7867351 0.3051249 0.8395494 0.2776947 0.802718 0.3126364 0.7867351 0.3051249 0.802718 0.3126364 0.8157936 0.4380846 0.8157936 0.4380846 0.802718 0.3126364 0.8207195 0.3959065 0.8157936 0.4380846 0.8207195 0.3959065 0.8602173 0.4232296 0.8602173 0.4232296 0.8207195 0.3959065 0.8602173 0.4083748 0.8602173 0.4232296 0.8602173 0.4380846 0.8157936 0.4380846 0.8207195 0.3959065 0.802718 0.3126364 0.8256453 0.3537131 0.8207195 0.3959065 0.8256453 0.3537131 0.8397303 0.4083748 0.8397303 0.4083748 0.8256453 0.3537131 0.8807044 0.4083748 0.8807044 0.4083748 0.8256453 0.3537131 0.8947892 0.3537131 0.8807044 0.4083748 0.8947892 0.3537131 0.8997151 0.3959065 0.8997151 0.3959065 0.8947892 0.3537131 0.9177166 0.3126364 0.8602173 0.4083748 0.8997151 0.3959065 0.8602173 0.4232296 0.8602173 0.4232296 0.8997151 0.3959065 0.904641 0.4380846 0.8602173 0.4232296 0.904641 0.4380846 0.8602173 0.4380846 0.904641 0.4380846 0.8997151 0.3959065 0.9177166 0.3126364 0.904641 0.4380846 0.9177166 0.3126364 0.9336994 0.3051249 0.9336994 0.3051249 0.9177166 0.3126364 0.88084 0.2776947 0.88084 0.2776947 0.9177166 0.3126364 0.8793637 0.2958846 0.88084 0.2776947 0.8793637 0.2958846 0.841071 0.2958846 0.841071 0.2958846 0.8793637 0.2958846 0.8256453 0.3537131 0.841071 0.2958846 0.8256453 0.3537131 0.802718 0.3126364 0.841071 0.2958846 0.802718 0.3126364 0.8395494 0.2776947 0.841071 0.2958846 0.8395494 0.2776947 0.88084 0.2776947 0.88084 0.2776947 0.8395494 0.2776947 0.8823012 0.2595047 0.88084 0.2776947 0.8823012 0.2595047 0.9336994 0.3051249 0.9336994 0.3051249 0.8823012 0.2595047 0.9352661 0.2741148 0.9352661 0.2741148 0.8823012 0.2595047 0.8919571 0.240458 0.8919571 0.240458 0.8823012 0.2595047 0.8380431 0.2595047 0.8380431 0.2595047 0.8823012 0.2595047 0.8395494 0.2776947 0.9177166 0.3126364 0.8947892 0.3537131 0.8793637 0.2958846 0.8793637 0.2958846 0.8947892 0.3537131 0.8256453 0.3537131 0.8953917 0.2378572 0.9352661 0.2741148 0.8919571 0.240458 0.8942167 0.2245627 0.8919571 0.240458 0.8857056 0.2079945 0.8942167 0.2245627 0.8857056 0.2079945 0.8900741 0.2024716 0.8942167 0.2245627 0.8900741 0.2024716 0.9436116 0.2182444 0.8942167 0.2245627 0.9436116 0.2182444 0.9400414 0.2665114 0.8942167 0.2245627 0.9400414 0.2665114 0.8953917 0.2378572 0.8942167 0.2245627 0.8953917 0.2378572 0.8919571 0.240458 0.9352661 0.2741148 0.8953917 0.2378572 0.9400414 0.2665114 0.9352661 0.2741148 0.9400414 0.2665114 0.9758636 0.3051249 0.9336994 0.3051249 0.9352661 0.2741148 0.9758636 0.3051249 0.9336994 0.3051249 0.9758636 0.3051249 0.9297979 0.3830863 0.9297979 0.3830863 0.9758636 0.3051249 0.9761799 0.3830863 0.9297979 0.3830863 0.9761799 0.3830863 0.9761799 0.4166513 0.9297979 0.3830863 0.9761799 0.4166513 0.9297979 0.4404252 0.9297979 0.4404252 0.9761799 0.4166513 0.9761799 0.4390177 0.9297979 0.4404252 0.9761799 0.4390177 0.9297979 0.4627764 0.9666143 0.2325485 0.9758636 0.3051249 0.9400414 0.2665114 0.9666143 0.2325485 0.9400414 0.2665114 0.9436116 0.2182444 0.9666143 0.2325485 0.9465491 0.2151541 0.9666143 0.2267658 0.9666143 0.2325485 0.9436116 0.2182444 0.9465491 0.2151541 0.9465491 0.2151541 0.9436116 0.2182444 0.946519 0.1757605 0.9465491 0.2151541 0.946519 0.1757605 0.9666143 0.2267658 0.9666143 0.2267658 0.946519 0.1757605 0.9726248 0.1471368 0.9726248 0.1471368 0.946519 0.1757605 0.9435815 0.1747354 0.9435815 0.1747354 0.946519 0.1757605 0.9436116 0.2182444 0.9726248 0.1471368 0.9435815 0.1747354 0.9714649 0.1398087 0.9714649 0.1398087 0.9435815 0.1747354 0.9297075 0.1574785 0.9714649 0.1398087 0.9297075 0.1574785 0.9664637 0.1116747 0.2239442 0.5091004 0.3007103 0.5333333 0.2239442 0.5332568 0.2239442 0.5091004 0.2239442 0.5332568 0.183874 0.5095288 0.2239442 0.5091004 0.183874 0.5095288 0.1791288 0.4759485 0.1791288 0.4759485 0.183874 0.5095288 0.1446775 0.473516 0.1446775 0.473516 0.183874 0.5095288 0.1426137 0.5095288 0.1426137 0.5095288 0.183874 0.5095288 0.1645168 0.5334404 0.1645168 0.5334404 0.183874 0.5095288 0.2239442 0.5332568 0.3006651 0.502675 0.2239442 0.5091004 0.2322745 0.4992941 0.1791288 0.4759485 0.2322745 0.4992941 0.2239442 0.5091004 0.2239442 0.5091004 0.3006651 0.502675 0.3007103 0.5333333 0.3007103 0.5333333 0.3006651 0.502675 0.3559048 0.494934 0.3007103 0.5333333 0.3559048 0.494934 0.4062035 0.5140113 0.1426137 0.5095288 0.1645168 0.5334404 0.1030707 0.5094217 0.02207154 0.5091769 0.05572456 0.473516 0.06155425 0.5094217 0.06155425 0.5094217 0.05572456 0.473516 0.077959 0.473516 0.06155425 0.5094217 0.077959 0.473516 0.1426137 0.5095288 0.1426137 0.5095288 0.077959 0.473516 0.1241452 0.473516 0.1426137 0.5095288 0.1241452 0.473516 0.1446775 0.473516 0.077959 0.473516 0.05572456 0.473516 0.06544083 0.4339233 0.077959 0.473516 0.06544083 0.4339233 0.0828247 0.4339233 0.0828247 0.4339233 0.06544083 0.4339233 0.07707023 0.4158405 0.0828247 0.4339233 0.07707023 0.4158405 0.1233167 0.4158405 0.0828247 0.4339233 0.1233167 0.4158405 0.1168091 0.4339233 0.1168091 0.4339233 0.1233167 0.4158405 0.1349612 0.4339233 0.1168091 0.4339233 0.1349612 0.4339233 0.1241452 0.473516 0.1241452 0.473516 0.1349612 0.4339233 0.1446775 0.473516 0.1446775 0.473516 0.1349612 0.4339233 0.1791288 0.4759485 0.1791288 0.4759485 0.1349612 0.4339233 0.1370099 0.4231227 0.077959 0.473516 0.0828247 0.4339233 0.1241452 0.473516 0.1241452 0.473516 0.0828247 0.4339233 0.1168091 0.4339233 0.1233167 0.4158405 0.1370099 0.4231227 0.1349612 0.4339233 0.1676952 0.4447394 0.1791288 0.4759485 0.1370099 0.4231227 0.1676952 0.4447394 0.1370099 0.4231227 0.1326714 0.4096751 0.1326714 0.4096751 0.128333 0.3962429 0.1676952 0.4447394 0.1676952 0.4447394 0.1816745 0.4533831 0.1791288 0.4759485 0.1791288 0.4759485 0.1816745 0.4533831 0.24062 0.4894724 0.24062 0.4894724 0.1816745 0.4533831 0.240846 0.4823279 0.1816745 0.4533831 0.1562617 0.4134845 0.1841753 0.4308331 0.1841753 0.4308331 0.1562617 0.4134845 0.2032312 0.383836 0.1841753 0.4308331 0.2032312 0.383836 0.2410718 0.4751988 0.2410718 0.4751988 0.2032312 0.383836 0.2641801 0.3983541 0.2410718 0.4751988 0.2641801 0.3983541 0.2836729 0.4751682 0.2410718 0.4751988 0.2836729 0.4751682 0.240846 0.4823279 0.240846 0.4823279 0.2836729 0.4751682 0.2863544 0.4811347 0.240846 0.4823279 0.2863544 0.4811347 0.24062 0.4894724 0.24062 0.4894724 0.2863544 0.4811347 0.2890658 0.4871469 0.2890658 0.4871469 0.2863544 0.4811347 0.3318777 0.4799261 0.2890658 0.4871469 0.3318777 0.4799261 0.3375117 0.4848369 0.2890658 0.4871469 0.3375117 0.4848369 0.2894876 0.4945821 0.2890658 0.4871469 0.2894876 0.4945821 0.2322745 0.4992941 0.2322745 0.4992941 0.2894876 0.4945821 0.3006651 0.502675 0.3006651 0.502675 0.2894876 0.4945821 0.3467158 0.4899466 0.3467158 0.4899466 0.2894876 0.4945821 0.3375117 0.4848369 0.3467158 0.4899466 0.3375117 0.4848369 0.4103461 0.4672436 0.4103461 0.4672436 0.3375117 0.4848369 0.4042753 0.434413 0.4103461 0.4672436 0.4042753 0.434413 0.4160252 0.4305271 0.4160252 0.4305271 0.4042753 0.434413 0.4167031 0.3579967 0.4160252 0.4305271 0.4167031 0.3579967 0.4447673 0.3582414 0.4160252 0.4305271 0.4447673 0.3582414 0.443969 0.4307872 0.4160252 0.4305271 0.443969 0.4307872 0.4103461 0.4672436 0.4103461 0.4672436 0.443969 0.4307872 0.4494522 0.4672436 0.4103461 0.4672436 0.4494522 0.4672436 0.4062035 0.5140113 0.4062035 0.5140113 0.4494522 0.4672436 0.4535948 0.5140113 0.240846 0.4823279 0.1841753 0.4308331 0.2410718 0.4751988 0.240846 0.4823279 0.1816745 0.4533831 0.1841753 0.4308331 0.3261835 0.4750764 0.2863544 0.4811347 0.2836729 0.4751682 0.24062 0.4894724 0.2890658 0.4871469 0.2322745 0.4992941 0.24062 0.4894724 0.2322745 0.4992941 0.1791288 0.4759485 0.4017897 0.4296703 0.402091 0.3578284 0.4042753 0.434413 0.4062035 0.5140113 0.3559048 0.494934 0.4103461 0.4672436 0.4103461 0.4672436 0.3559048 0.494934 0.3467158 0.4899466 0.3467158 0.4899466 0.3559048 0.494934 0.3006651 0.502675 0.4017897 0.4296703 0.4042753 0.434413 0.3375117 0.4848369 0.3375117 0.4848369 0.3318777 0.4799261 0.4017897 0.4296703 0.4017897 0.4296703 0.3318777 0.4799261 0.3261835 0.4750764 0.3318777 0.4799261 0.2863544 0.4811347 0.3261835 0.4750764 0.3271627 0.2625032 0.3878856 0.2630386 0.3895728 0.3063794 0.3271627 0.2625032 0.3895728 0.3063794 0.3262287 0.3075115 0.3262287 0.3075115 0.3895728 0.3063794 0.3956135 0.3860542 0.3262287 0.3075115 0.3956135 0.3860542 0.3260329 0.3979412 0.3260329 0.3979412 0.3956135 0.3860542 0.3957943 0.4260752 0.3260329 0.3979412 0.3957943 0.4260752 0.3261835 0.4750764 0.3260329 0.3979412 0.3261835 0.4750764 0.2950915 0.398186 0.2950915 0.398186 0.3261835 0.4750764 0.2836729 0.4751682 0.2950915 0.398186 0.2836729 0.4751682 0.2641801 0.3983541 0.2950915 0.398186 0.2641801 0.3983541 0.2659125 0.3059816 0.2950915 0.398186 0.2659125 0.3059816 0.2960556 0.306716 0.2960556 0.306716 0.2659125 0.3059816 0.2987068 0.2541196 0.2960556 0.306716 0.2987068 0.2541196 0.3271627 0.2625032 0.2960556 0.306716 0.3271627 0.2625032 0.3262287 0.3075115 0.2960556 0.306716 0.3262287 0.3075115 0.3260329 0.3979412 0.2960556 0.306716 0.3260329 0.3979412 0.2950915 0.398186 0.2702358 0.2457512 0.2987068 0.2541196 0.2659125 0.3059816 0.2702358 0.2457512 0.2659125 0.3059816 0.2521741 0.2468069 0.2521741 0.2468069 0.2659125 0.3059816 0.2026286 0.2937428 0.2026286 0.2937428 0.2659125 0.3059816 0.2032312 0.383836 0.2026286 0.2937428 0.2032312 0.383836 0.1653453 0.2943854 0.1653453 0.2943854 0.2032312 0.383836 0.165767 0.3772575 0.1653453 0.2943854 0.165767 0.3772575 0.1288452 0.3705874 0.1288452 0.3705874 0.165767 0.3772575 0.1562617 0.4134845 0.1288452 0.3705874 0.1562617 0.4134845 0.128333 0.3962429 0.1288452 0.3705874 0.128333 0.3962429 0.0746901 0.4002207 0.1288452 0.3705874 0.0746901 0.4002207 0.1339971 0.2934063 0.2032312 0.383836 0.2659125 0.3059816 0.2641801 0.3983541 0.1562617 0.4134845 0.165767 0.3772575 0.2032312 0.383836 0.1288452 0.3705874 0.1339971 0.2934063 0.1653453 0.2943854 0.015594 0.4261211 0.01544344 0.3861001 0.0746901 0.4002207 0.0746901 0.4002207 0.01544344 0.3861001 0.009342491 0.3063488 0.0746901 0.4002207 0.009342491 0.3063488 0.06628441 0.2971085 0.06628441 0.2971085 0.009342491 0.3063488 0.007715523 0.2629927 0.06628441 0.2971085 0.007715523 0.2629927 0.07291257 0.2427526 0.06628441 0.2971085 0.07291257 0.2427526 0.08476793 0.2423703 0.06628441 0.2971085 0.08476793 0.2423703 0.1339971 0.2934063 0.06628441 0.2971085 0.1339971 0.2934063 0.0746901 0.4002207 0.4080865 0.3034115 0.454333 0.3038092 0.4447673 0.3582414 0.4080865 0.3034115 0.4447673 0.3582414 0.4167031 0.3579967 0.3981142 0.2966036 0.4080865 0.3034115 0.4167031 0.3579967 0.3991385 0.3182817 0.4088096 0.3579508 0.402091 0.3578284 0.402091 0.3578284 0.4088096 0.3579508 0.4042753 0.434413 0.4042753 0.434413 0.4088096 0.3579508 0.4167031 0.3579967 0.4167031 0.3579967 0.4088096 0.3579508 0.3981142 0.2966036 0.3981142 0.2966036 0.4088096 0.3579508 0.3986263 0.3074502 0.3310643 0.1600489 0.3210467 0.2004064 0.3370898 0.1692125 0.3370898 0.1692125 0.3210467 0.2004064 0.3349207 0.223752 0.3349207 0.223752 0.3210467 0.2004064 0.3330377 0.2282344 0.3863492 0.1551225 0.3282172 0.1550614 0.3792992 0.05767101 0.3792992 0.05767101 0.3282172 0.1550614 0.3414885 0.05764037 0.3792992 0.05767101 0.3414885 0.05764037 0.3782296 0.042602 0.3442904 0.042602 0.3782296 0.042602 0.3414885 0.05764037 0.3782296 0.042602 0.3442904 0.042602 0.3835171 0.01865971 0.3835171 0.01865971 0.3442904 0.042602 0.3341675 0.01865971 0.296643 0.2039861 0.2649032 0.1767854 0.3282172 0.1550614 0.3282172 0.1550614 0.2649032 0.1767854 0.2460129 0.1350203 0.3282172 0.1550614 0.2460129 0.1350203 0.2974867 0.08601921 0.2974867 0.08601921 0.2460129 0.1350203 0.2279964 0.07647293 0.2279964 0.07647293 0.2460129 0.1350203 0.2004745 0.1169986 0.2279964 0.07647293 0.2004745 0.1169986 0.1952171 0.06340795 0.1952171 0.06340795 0.2004745 0.1169986 0.1519383 0.06340795 0.1519383 0.06340795 0.2004745 0.1169986 0.1448884 0.1169986 0.1448884 0.1169986 0.2004745 0.1169986 0.1737058 0.1317465 0.1737058 0.1317465 0.2004745 0.1169986 0.2025985 0.1317465 0.1737058 0.1317465 0.2025985 0.1317465 0.1988325 0.1559947 0.1988325 0.1559947 0.2025985 0.1317465 0.2460129 0.1350203 0.1988325 0.1559947 0.2460129 0.1350203 0.2649032 0.1767854 0.2460129 0.1350203 0.2025985 0.1317465 0.2004745 0.1169986 0.1988325 0.1559947 0.1734045 0.1558569 0.1737058 0.1317465 0.1737058 0.1317465 0.1734045 0.1558569 0.1504169 0.1557192 0.1737058 0.1317465 0.1504169 0.1557192 0.1448281 0.1317465 0.1448281 0.1317465 0.1504169 0.1557192 0.09614127 0.1344084 0.1448281 0.1317465 0.09614127 0.1344084 0.1448884 0.1169986 0.1448884 0.1169986 0.09614127 0.1344084 0.1125309 0.07670241 0.1448884 0.1169986 0.1125309 0.07670241 0.1519383 0.06340795 0.1448281 0.1317465 0.1448884 0.1169986 0.1737058 0.1317465 0.1504169 0.1557192 0.0782603 0.177841 0.09614127 0.1344084 0.09614127 0.1344084 0.0782603 0.177841 0.007097959 0.1545872 0.09614127 0.1344084 0.007097959 0.1545872 0.04454708 0.08583563 0.09614127 0.1344084 0.04454708 0.08583563 0.1125309 0.07670241 0.04218196 0.2081167 0.007097959 0.1545872 0.0782603 0.177841 0.2974867 0.08601921 0.2279964 0.07647293 0.276864 0.042602 0.3725355 0.7370028 0.3850988 0.7375076 0.361599 0.7154318 0.3725355 0.7370028 0.361599 0.7154318 0.3593846 0.7309445 0.336653 0.7308223 0.3593846 0.7309445 0.361599 0.7154318 0.336653 0.7308223 0.361599 0.7154318 0.3414885 0.6749825 0.3414885 0.6749825 0.361599 0.7154318 0.3653048 0.6910306 0.3414885 0.6749825 0.3653048 0.6910306 0.3364421 0.5943133 0.3364421 0.5943133 0.3653048 0.6910306 0.3488398 0.5943133 0.3364421 0.5943133 0.3488398 0.5943133 0.336412 0.565858 0.336412 0.565858 0.3488398 0.5943133 0.3497286 0.565858 0.336412 0.565858 0.2767586 0.565858 0.3364421 0.5943133 0.3364421 0.5943133 0.2767586 0.565858 0.2712451 0.5943133 0.3364421 0.5943133 0.2712451 0.5943133 0.3414885 0.6749825 0.3414885 0.6749825 0.2712451 0.5943133 0.2916117 0.6609843 0.3414885 0.6749825 0.2916117 0.6609843 0.336653 0.7308223 0.2379537 0.6606325 0.2916117 0.6609843 0.2712451 0.5943133 0.2379537 0.6606325 0.2712451 0.5943133 0.2385714 0.5940838 0.2385714 0.5940838 0.2712451 0.5943133 0.2767586 0.565858 0.2385714 0.5940838 0.2767586 0.565858 0.2205849 0.565858 0.2385714 0.5940838 0.2205849 0.565858 0.2014235 0.5940838 0.2014235 0.5940838 0.2205849 0.565858 0.1832714 0.565858 0.2014235 0.5940838 0.1832714 0.565858 0.1727266 0.5943133 0.2014235 0.5940838 0.1727266 0.5943133 0.2008511 0.6604795 0.2014235 0.5940838 0.2008511 0.6604795 0.2385714 0.5940838 0.2385714 0.5940838 0.2008511 0.6604795 0.2379537 0.6606325 0.2379537 0.6606325 0.2008511 0.6604795 0.2555183 0.7045852 0.2379537 0.6606325 0.2555183 0.7045852 0.2916117 0.6609843 0.2916117 0.6609843 0.2555183 0.7045852 0.2980892 0.7183539 0.2916117 0.6609843 0.2980892 0.7183539 0.336653 0.7308223 0.336653 0.7308223 0.2980892 0.7183539 0.2992943 0.7490428 0.2992943 0.7490428 0.2980892 0.7183539 0.2555183 0.7045852 0.2992943 0.7490428 0.2555183 0.7045852 0.2630353 0.7441166 0.1727266 0.5943133 0.1832714 0.565858 0.1401432 0.565858 0.1727266 0.5943133 0.1401432 0.565858 0.1264952 0.5943133 0.1264952 0.5943133 0.1401432 0.565858 0.1007659 0.565858 0.1264952 0.5943133 0.1007659 0.565858 0.07334941 0.5943133 0.1264952 0.5943133 0.07334941 0.5943133 0.09349 0.6784858 0.09349 0.6784858 0.07334941 0.5943133 0.04691213 0.6900668 0.09349 0.6784858 0.04691213 0.6900668 0.05912894 0.7133206 0.09349 0.6784858 0.05912894 0.7133206 0.08520478 0.7272881 0.08520478 0.7272881 0.05912894 0.7133206 0.06159943 0.7283591 0.08520478 0.7272881 0.1411073 0.7253147 0.09349 0.6784858 0.09349 0.6784858 0.1411073 0.7253147 0.1510494 0.6711885 0.09349 0.6784858 0.1510494 0.6711885 0.1264952 0.5943133 0.1264952 0.5943133 0.1510494 0.6711885 0.1727266 0.5943133 0.1727266 0.5943133 0.1510494 0.6711885 0.2008511 0.6604795 0.2008511 0.6604795 0.1510494 0.6711885 0.1997061 0.7041568 0.2008511 0.6604795 0.1997061 0.7041568 0.2555183 0.7045852 0.2555183 0.7045852 0.1997061 0.7041568 0.2267763 0.7391752 0.2555183 0.7045852 0.2267763 0.7391752 0.2630353 0.7441166 0.2630353 0.7441166 0.2267763 0.7391752 0.2536504 0.7603178 0.2630353 0.7441166 0.2536504 0.7603178 0.2717875 0.7627961 0.2630353 0.7441166 0.2717875 0.7627961 0.2992943 0.7490428 0.2992943 0.7490428 0.2717875 0.7627961 0.3348001 0.7522248 0.3348001 0.7522248 0.2717875 0.7627961 0.335237 0.7589715 0.335237 0.7589715 0.2717875 0.7627961 0.3356889 0.7657334 0.1510494 0.6711885 0.1411073 0.7253147 0.1997061 0.7041568 0.1997061 0.7041568 0.1411073 0.7253147 0.2267763 0.7391752 0.2536504 0.7603178 0.2442806 0.7758917 0.2717875 0.7627961 0.2717875 0.7627961 0.2442806 0.7758917 0.3356889 0.7657334 0.2487094 0.7774521 0.2560757 0.7922764 0.3356889 0.7657334 0.254735 0.9133949 0.2435123 0.7956421 0.2414787 0.8895905 0.254735 0.9133949 0.2414787 0.8895905 0.214017 0.8897433 0.214017 0.8897433 0.2414787 0.8895905 0.2110344 0.7940204 0.2110344 0.7940204 0.2414787 0.8895905 0.2435123 0.7956421 0.2110344 0.7940204 0.2435123 0.7956421 0.2101756 0.7777122 0.2101756 0.7777122 0.2435123 0.7956421 0.2487094 0.7774521 0.2487094 0.7774521 0.2435123 0.7956421 0.2560757 0.7922764 0.2560757 0.7922764 0.2435123 0.7956421 0.254735 0.9133949 0.2560757 0.7922764 0.254735 0.9133949 0.2730679 0.8837005 0.2560757 0.7922764 0.2730679 0.8837005 0.2888098 0.8581978 0.2560757 0.7922764 0.2888098 0.8581978 0.3356889 0.7657334 0.3356889 0.7657334 0.2888098 0.8581978 0.329588 0.8581978 0.2009264 0.7893085 0.2110344 0.7940204 0.2101756 0.7777122 0.1997061 0.9133949 0.254735 0.9133949 0.214017 0.8897433 0.1997061 0.9133949 0.214017 0.8897433 0.2110344 0.7940204 0.1997061 0.9133949 0.2110344 0.7940204 0.2009264 0.7893085 0.2009264 0.7893085 0.1493623 0.8581978 0.1997061 0.9133949 0.1352775 0.8581978 0.1493623 0.8581978 0.1497842 0.7638058 0.1497842 0.7638058 0.1493623 0.8581978 0.2016646 0.7868607 0.1493623 0.8581978 0.1352775 0.8581978 0.1341779 0.892849 0.1341779 0.892849 0.1352775 0.8581978 0.1085992 0.8581978 0.1341779 0.892849 0.1085992 0.8581978 0.109729 0.8928643 0.1341779 0.892849 0.109729 0.8928643 0.135639 0.8979282 0.135639 0.8979282 0.109729 0.8928643 0.1071529 0.8979282 0.135639 0.8979282 0.1071529 0.8979282 0.1462591 0.9334514 0.135639 0.8979282 0.1462591 0.9334514 0.1997061 0.9133949 0.135639 0.8979282 0.1997061 0.9133949 0.1493623 0.8581978 0.1493623 0.8581978 0.1997061 0.9133949 0.2042104 0.9125995 0.1493623 0.8581978 0.2042104 0.9125995 0.1512755 0.856056 0.09305316 0.8581978 0.1071529 0.8979282 0.109729 0.8928643 0.09305316 0.8581978 0.109729 0.8928643 0.09538805 0.8556583 0.09305316 0.8581978 0.109729 0.8928643 0.1085992 0.8581978 0.09305316 0.8581978 0.1085992 0.8581978 0.09239023 0.7645096 0.09239023 0.7645096 0.1085992 0.8581978 0.1352775 0.8581978 0.09239023 0.7645096 0.1352775 0.8581978 0.1497842 0.7638058 0.09305316 0.8581978 0.09239023 0.7645096 0.03823518 0.7907772 0.1497842 0.7638058 0.1300503 0.7479106 0.09239023 0.7645096 0.09239023 0.7645096 0.1300503 0.7479106 0.08781081 0.7487214 0.09239023 0.7645096 0.08781081 0.7487214 0.03823518 0.7907772 0.04153418 0.8104358 0.09305316 0.8581978 0.03823518 0.7907772 0.02627444 0.7817357 0.08781081 0.7487214 0.05694466 0.75787 0.02627444 0.7817357 0.02648532 0.7964835 0.08781081 0.7487214 0.02627444 0.7817357 0.05694466 0.75787 0.02606356 0.7670032 0.07181292 0.7486603 0.08781081 0.7487214 0.08669614 0.7394658 0.07181292 0.7486603 0.08669614 0.7394658 0.07071322 0.7350905 0.07071322 0.7350905 0.08669614 0.7394658 0.08558142 0.7301949 0.08558142 0.7301949 0.08669614 0.7394658 0.1355788 0.7366049 0.08558142 0.7301949 0.1355788 0.7366049 0.1411073 0.7253147 0.1411073 0.7253147 0.1355788 0.7366049 0.2267763 0.7391752 0.08781081 0.7487214 0.1300503 0.7479106 0.08669614 0.7394658 0.08669614 0.7394658 0.1300503 0.7479106 0.1355788 0.7366049 0.1300503 0.7479106 0.1497842 0.7638058 0.2184758 0.7575334 0.1982902 0.7730002 0.1497842 0.7638058 0.2016646 0.7868607 0.1982902 0.7730002 0.2016646 0.7868607 0.2101756 0.7752644 0.1982902 0.7730002 0.2101756 0.7752644 0.2184758 0.7575334 0.2184758 0.7575334 0.2101756 0.7752644 0.2442806 0.7758917 0.2184758 0.7575334 0.2442806 0.7758917 0.2536504 0.7603178 0.2184758 0.7575334 0.2536504 0.7603178 0.2267763 0.7391752 0.2184758 0.7575334 0.2267763 0.7391752 0.1300503 0.7479106 0.1300503 0.7479106 0.2267763 0.7391752 0.1355788 0.7366049 0.2184758 0.7575334 0.1497842 0.7638058 0.1982902 0.7730002 0.05694466 0.75787 0.05586004 0.739986 0.02613884 0.7497771 0.05694466 0.75787 0.02613884 0.7497771 0.02606356 0.7670032 0.03823518 0.7907772 0.08781081 0.7487214 0.02648532 0.7964835 0.03823518 0.7907772 0.02648532 0.7964835 0.04088652 0.8080951 0.254735 0.9133949 0.1918427 0.9581738 0.1707834 0.9576231 0.254735 0.9133949 0.1707834 0.9576231 0.1997061 0.9133949 0.1707834 0.9576231 0.1955335 0.9581738 0.1458525 0.9957317 0.1997061 0.9133949 0.214017 0.8897433 0.254735 0.9133949 0.254735 0.9133949 0.214017 0.8897433 0.2414787 0.8895905 0.2414787 0.8895905 0.214017 0.8897433 0.2110344 0.7940204 0.2110344 0.7940204 0.214017 0.8897433 0.1997061 0.9133949 0.2110344 0.7940204 0.1997061 0.9133949 0.2009264 0.7893085 0.09305316 0.8581978 0.04097688 0.8124858 0.04085636 0.8173507 0.09305316 0.8581978 0.04085636 0.8173507 0.03656309 0.9133949 0.03656309 0.9133949 0.04085636 0.8173507 0.01936006 0.8156985 0.01936006 0.8156985 0.04085636 0.8173507 0.01762771 0.8092272 0.01762771 0.8092272 0.04085636 0.8173507 0.04097688 0.8124858 0.2414787 0.8895905 0.2435123 0.7956421 0.254735 0.9133949 0.2435123 0.7956421 0.2414787 0.8895905 0.2110344 0.7940204 0.2435123 0.7956421 0.2110344 0.7940204 0.2101756 0.7777122 0.2101756 0.7777122 0.2110344 0.7940204 0.2009264 0.7893085 0.2101756 0.7777122 0.2487094 0.7774521 0.2435123 0.7956421 0.2435123 0.7956421 0.2487094 0.7774521 0.2560757 0.7922764 0.2435123 0.7956421 0.2560757 0.7922764 0.254735 0.9133949 0.254735 0.9133949 0.2560757 0.7922764 0.2730679 0.8837005 0.2730679 0.8837005 0.2560757 0.7922764 0.2888098 0.8581978 0.2888098 0.8581978 0.2560757 0.7922764 0.3356889 0.7657334 0.2888098 0.8581978 0.3356889 0.7657334 0.329588 0.8581978 0.329588 0.8581978 0.3356889 0.7657334 0.3655759 0.8164328 0.3655759 0.8164328 0.3356889 0.7657334 0.3815739 0.7978604 0.335237 0.7589715 0.3815739 0.7978604 0.3356889 0.7657334 0.3583301 0.7596293 0.335237 0.7589715 0.3348001 0.7522248 0.3348001 0.7522248 0.3592792 0.740292 0.3583301 0.7596293 0.3815739 0.7978604 0.335237 0.7589715 0.3817245 0.7824547 0.335237 0.7589715 0.3818751 0.7670338 0.3817245 0.7824547 0.3356889 0.7657334 0.2560757 0.7922764 0.2487094 0.7774521 0.2717875 0.7627961 0.3356889 0.7657334 0.2442806 0.7758917 0.3356889 0.7657334 0.2717875 0.7627961 0.335237 0.7589715 0.335237 0.7589715 0.2717875 0.7627961 0.3348001 0.7522248 0.3348001 0.7522248 0.2717875 0.7627961 0.2992943 0.7490428 0.2992943 0.7490428 0.2717875 0.7627961 0.2630353 0.7441166 0.2630353 0.7441166 0.2717875 0.7627961 0.2536504 0.7603178 0.2630353 0.7441166 0.2536504 0.7603178 0.2267763 0.7391752 0.2267763 0.7391752 0.2536504 0.7603178 0.2184758 0.7575334 0.2184758 0.7575334 0.2536504 0.7603178 0.2442806 0.7758917 0.2184758 0.7575334 0.2442806 0.7758917 0.2101756 0.7752644 0.2184758 0.7575334 0.2101756 0.7752644 0.1982902 0.7730002 0.1982902 0.7730002 0.2101756 0.7752644 0.2016646 0.7868607 0.1982902 0.7730002 0.2016646 0.7868607 0.1497842 0.7638058 0.2717875 0.7627961 0.2442806 0.7758917 0.2536504 0.7603178 0.2267763 0.7391752 0.2555183 0.7045852 0.2630353 0.7441166 0.1497842 0.7638058 0.2184758 0.7575334 0.1982902 0.7730002 0.2016646 0.7868607 0.1493623 0.8581978 0.1497842 0.7638058 0.1497842 0.7638058 0.1493623 0.8581978 0.1352775 0.8581978 0.1352775 0.8581978 0.1493623 0.8581978 0.1341779 0.892849 0.1352775 0.8581978 0.1341779 0.892849 0.1085992 0.8581978 0.1085992 0.8581978 0.1341779 0.892849 0.109729 0.8928643 0.1085992 0.8581978 0.109729 0.8928643 0.09305316 0.8581978 0.1085992 0.8581978 0.09305316 0.8581978 0.09239023 0.7645096 0.1085992 0.8581978 0.09239023 0.7645096 0.1352775 0.8581978 0.1352775 0.8581978 0.09239023 0.7645096 0.1497842 0.7638058 0.1997061 0.9133949 0.1493623 0.8581978 0.2009264 0.7893085 0.109729 0.8928643 0.1341779 0.892849 0.135639 0.8979282 0.109729 0.8928643 0.135639 0.8979282 0.1071529 0.8979282 0.1300503 0.7479106 0.2184758 0.7575334 0.1497842 0.7638058 0.05586004 0.739986 0.07071322 0.7350905 0.07181292 0.7486603 0.07181292 0.7486603 0.07071322 0.7350905 0.08669614 0.7394658 0.07181292 0.7486603 0.08669614 0.7394658 0.08781081 0.7487214 0.08781081 0.7487214 0.08669614 0.7394658 0.1300503 0.7479106 0.1300503 0.7479106 0.08669614 0.7394658 0.1355788 0.7366049 0.1355788 0.7366049 0.08669614 0.7394658 0.08558142 0.7301949 0.1355788 0.7366049 0.08558142 0.7301949 0.1411073 0.7253147 0.1355788 0.7366049 0.1411073 0.7253147 0.2267763 0.7391752 0.07071322 0.7350905 0.08558142 0.7301949 0.08669614 0.7394658 0.1355788 0.7366049 0.2267763 0.7391752 0.1300503 0.7479106 0.1300503 0.7479106 0.2267763 0.7391752 0.2184758 0.7575334 0.1411073 0.7253147 0.1997061 0.7041568 0.2267763 0.7391752 0.2267763 0.7391752 0.1997061 0.7041568 0.2555183 0.7045852 0.2555183 0.7045852 0.1997061 0.7041568 0.2008511 0.6604795 0.2008511 0.6604795 0.1997061 0.7041568 0.1510494 0.6711885 0.1510494 0.6711885 0.1997061 0.7041568 0.1411073 0.7253147 0.1510494 0.6711885 0.1411073 0.7253147 0.09349 0.6784858 0.09349 0.6784858 0.1411073 0.7253147 0.08520478 0.7272881 0.09349 0.6784858 0.08520478 0.7272881 0.05912894 0.7133206 0.05912894 0.7133206 0.08520478 0.7272881 0.06159943 0.7283591 0.09349 0.6784858 0.05912894 0.7133206 0.04691213 0.6900668 0.04691213 0.6900668 0.05912894 0.7133206 0.04636979 0.7155848 0.05159693 0.7331323 0.04636979 0.7155848 0.05912894 0.7133206 0.06159943 0.7283591 0.05159693 0.7331323 0.05912894 0.7133206 0.04691213 0.6900668 0.07334941 0.5943133 0.09349 0.6784858 0.09349 0.6784858 0.07334941 0.5943133 0.1264952 0.5943133 0.09349 0.6784858 0.1264952 0.5943133 0.1510494 0.6711885 0.1510494 0.6711885 0.1264952 0.5943133 0.1727266 0.5943133 0.1510494 0.6711885 0.1727266 0.5943133 0.2008511 0.6604795 0.2008511 0.6604795 0.1727266 0.5943133 0.2014235 0.5940838 0.2014235 0.5940838 0.1727266 0.5943133 0.1832714 0.565858 0.2014235 0.5940838 0.1832714 0.565858 0.2205849 0.565858 0.2014235 0.5940838 0.2205849 0.565858 0.2385714 0.5940838 0.2385714 0.5940838 0.2205849 0.565858 0.2767586 0.565858 0.07334941 0.5943133 0.1007659 0.565858 0.1264952 0.5943133 0.1264952 0.5943133 0.1007659 0.565858 0.1401432 0.565858 0.1264952 0.5943133 0.1401432 0.565858 0.1727266 0.5943133 0.1727266 0.5943133 0.1401432 0.565858 0.1832714 0.565858 0.2014235 0.5940838 0.2385714 0.5940838 0.2008511 0.6604795 0.2008511 0.6604795 0.2385714 0.5940838 0.2379537 0.6606325 0.2008511 0.6604795 0.2379537 0.6606325 0.2555183 0.7045852 0.2555183 0.7045852 0.2379537 0.6606325 0.2916117 0.6609843 0.2555183 0.7045852 0.2916117 0.6609843 0.2980892 0.7183539 0.2980892 0.7183539 0.2916117 0.6609843 0.336653 0.7308223 0.2980892 0.7183539 0.336653 0.7308223 0.2992943 0.7490428 0.2980892 0.7183539 0.2992943 0.7490428 0.2555183 0.7045852 0.2555183 0.7045852 0.2992943 0.7490428 0.2630353 0.7441166 0.2379537 0.6606325 0.2385714 0.5940838 0.2712451 0.5943133 0.2712451 0.5943133 0.2385714 0.5940838 0.2767586 0.565858 0.2712451 0.5943133 0.2767586 0.565858 0.3364421 0.5943133 0.3364421 0.5943133 0.2767586 0.565858 0.336412 0.565858 0.3364421 0.5943133 0.336412 0.565858 0.3488398 0.5943133 0.3488398 0.5943133 0.336412 0.565858 0.3497286 0.565858 0.2379537 0.6606325 0.2712451 0.5943133 0.2916117 0.6609843 0.2916117 0.6609843 0.2712451 0.5943133 0.3414885 0.6749825 0.2916117 0.6609843 0.3414885 0.6749825 0.336653 0.7308223 0.336653 0.7308223 0.3414885 0.6749825 0.361599 0.7154318 0.336653 0.7308223 0.361599 0.7154318 0.3593846 0.7309445 0.3414885 0.6749825 0.2712451 0.5943133 0.3364421 0.5943133 0.3414885 0.6749825 0.3364421 0.5943133 0.3653048 0.6910306 0.3653048 0.6910306 0.3364421 0.5943133 0.3488398 0.5943133 0.3414885 0.6749825 0.3653048 0.6910306 0.361599 0.7154318 0.3348001 0.7522248 0.2992943 0.7490428 0.336653 0.7308223 0.3348001 0.7522248 0.336653 0.7308223 0.3592792 0.740292 0.3725355 0.7370028 0.3593846 0.7309445 0.361599 0.7154318 0.3725355 0.7370028 0.361599 0.7154318 0.3850988 0.7375076 0.336412 0.565858 0.2767586 0.565858 0.3364421 0.5547054 0.3364421 0.5547054 0.2768038 0.5547054 0.3365476 0.5426042 0.3365476 0.5426042 0.2768038 0.5547054 0.2768038 0.5428337 0.2768038 0.5428337 0.2768038 0.5547054 0.2266557 0.5427419 0.1493623 0.8581978 0.1512755 0.856056 0.2042104 0.9125995 0.1493623 0.8581978 0.2042104 0.9125995 0.1997061 0.9133949 0.135639 0.8979282 0.1493623 0.8581978 0.1997061 0.9133949 0.135639 0.8979282 0.1997061 0.9133949 0.1462591 0.9334514 0.135639 0.8979282 0.1462591 0.9334514 0.1071529 0.8979282 0.1071529 0.8979282 0.1462591 0.9334514 0.09345984 0.9334514 0.1071529 0.8979282 0.09345984 0.9334514 0.03656309 0.9133949 0.1071529 0.8979282 0.03656309 0.9133949 0.09305316 0.8581978 0.09305316 0.8581978 0.03656309 0.9133949 0.089724 0.8548781 0.089724 0.8548781 0.03656309 0.9133949 0.03147149 0.9130738 0.0935502 0.9886026 0.03656309 0.9133949 0.09345984 0.9334514 0.09972643 0.9909892 0.0941528 0.9950739 0.0935502 0.9886026 0.09972643 0.9909892 0.0935502 0.9886026 0.09345984 0.9334514 0.09972643 0.9909892 0.09345984 0.9334514 0.1462591 0.9334514 0.09972643 0.9909892 0.1462591 0.9334514 0.1399925 0.9909892 0.1399925 0.9909892 0.1462591 0.9334514 0.1452649 0.9893981 0.1399925 0.9909892 0.1452649 0.9893981 0.1446323 0.9950127 0.1446323 0.9950127 0.1452649 0.9893981 0.175634 0.9521309 0.09972643 0.9909892 0.1399925 0.9909892 0.0941528 0.9950739 0.0941528 0.9950739 0.1399925 0.9909892 0.1446323 0.9950127 0.1452649 0.9893981 0.1462591 0.9334514 0.1997061 0.9133949 0.175634 0.9521309 0.1452649 0.9893981 0.1997061 0.9133949 0.175634 0.9521309 0.1997061 0.9133949 0.2042104 0.9125995 0.0935502 0.9886026 0.0941528 0.9950739 0.06052988 0.9510754 0.0935502 0.9886026 0.06052988 0.9510754 0.03656309 0.9133949 0.03656309 0.9133949 0.06052988 0.9510754 0.03147149 0.9130738 0.7480357 0.0869677 0.8099036 0.1508238 0.7906367 0.1574785 0.7906367 0.1574785 0.8099036 0.1508238 0.8359643 0.1721805 0.7480357 0.0869677 0.748111 0.07503485 0.8099036 0.1508238 0.868593 0.7803282 0.8241842 0.7912667 0.8243198 0.7305927 0.868593 0.7803282 0.8243198 0.7305927 0.912881 0.7305927 0.912881 0.7305927 0.8243198 0.7305927 0.9205486 0.6713873 0.9205486 0.6713873 0.8243198 0.7305927 0.8158237 0.6713873 0.9205486 0.6713873 0.8158237 0.6713873 0.8158237 0.59312 0.9205486 0.6713873 0.8158237 0.59312 0.9205486 0.59312 0.9205486 0.59312 0.8158237 0.59312 0.8158237 0.5539098 0.9205486 0.59312 0.8158237 0.5539098 0.9205486 0.5539098 0.9205486 0.5539098 0.8158237 0.5539098 0.8148596 0.5459852 0.9205486 0.5539098 0.8148596 0.5459852 0.9215278 0.5459852 0.9215278 0.5459852 0.8148596 0.5459852 0.8138805 0.5380606 0.9215278 0.5459852 0.8138805 0.5380606 0.9224919 0.5380606 0.9224919 0.5380606 0.8138805 0.5380606 0.9224919 0.4775089 0.9224919 0.4775089 0.8138805 0.5380606 0.8138805 0.4775089 0.9224919 0.4775089 0.8138805 0.4775089 0.8138805 0.4580033 0.9224919 0.4775089 0.8138805 0.4580033 0.9224919 0.4580033 0.9130166 0.7912667 0.868593 0.7803282 0.912881 0.7305927 0.7539559 0.7935309 0.7686434 0.7567532 0.7990123 0.8194925 0.7990123 0.8194925 0.7686434 0.7567532 0.7848371 0.7591091 0.7990123 0.8194925 0.7848371 0.7591091 0.7930318 0.7595222 0.7990123 0.8194925 0.7930318 0.7595222 0.8096776 0.7633162 0.7990123 0.8194925 0.8096776 0.7633162 0.8243198 0.7305927 0.8243198 0.7305927 0.8096776 0.7633162 0.8190324 0.7305927 0.8243198 0.7305927 0.8190324 0.7305927 0.8158237 0.6713873 0.8158237 0.6713873 0.8190324 0.7305927 0.7929867 0.7305927 0.8158237 0.6713873 0.7929867 0.7305927 0.770451 0.7305927 0.8158237 0.6713873 0.770451 0.7305927 0.7599965 0.7305927 0.7599965 0.7305927 0.770451 0.7305927 0.7686434 0.7567532 0.7599965 0.7305927 0.7686434 0.7567532 0.7539559 0.7935309 0.7929867 0.7305927 0.7947944 0.75608 0.7930318 0.7595222 0.7947944 0.75608 0.7929867 0.7305927 0.8090901 0.7595222 0.8090901 0.7595222 0.7929867 0.7305927 0.8190324 0.7305927 0.7848371 0.7591091 0.7929867 0.7305927 0.7930318 0.7595222 0.770451 0.7305927 0.7929867 0.7305927 0.7836621 0.7558353 0.770451 0.7305927 0.7836621 0.7558353 0.7705413 0.7536476 0.770451 0.7305927 0.7705413 0.7536476 0.7686434 0.7567532 0.7836621 0.7558353 0.7929867 0.7305927 0.7848371 0.7591091 0.7836621 0.7558353 0.7848371 0.7591091 0.7705413 0.7536476 0.7686434 0.7567532 0.7705413 0.7536476 0.7848371 0.7591091 0.8090901 0.7595222 0.8190324 0.7305927 0.8096776 0.7633162 0.1446323 0.9950127 0.1399925 0.9909892 0.0941528 0.9950739 0.0941528 0.9950739 0.1399925 0.9909892 0.09972643 0.9909892 0.1399925 0.9909892 0.1446323 0.9950127 0.1459127 0.9886026 0.1459127 0.9886026 0.1446323 0.9950127 0.175634 0.9521309 0.2042104 0.9125995 0.1997061 0.9133949 0.175634 0.9521309 0.175634 0.9521309 0.1997061 0.9133949 0.1459127 0.9886026 0.1997061 0.9133949 0.1462591 0.9334514 0.1459127 0.9886026 0.1459127 0.9886026 0.1462591 0.9334514 0.1399925 0.9909892 0.1399925 0.9909892 0.1462591 0.9334514 0.09972643 0.9909892 0.09972643 0.9909892 0.1462591 0.9334514 0.09345984 0.9334514 0.09972643 0.9909892 0.09345984 0.9334514 0.0935502 0.9886026 0.0935502 0.9886026 0.09345984 0.9334514 0.03656309 0.9133949 0.0935502 0.9886026 0.03656309 0.9133949 0.06052988 0.9510754 0.06052988 0.9510754 0.03656309 0.9133949 0.03147149 0.9130738 0.1462591 0.9334514 0.1071529 0.8979282 0.09345984 0.9334514 0.09345984 0.9334514 0.1071529 0.8979282 0.03656309 0.9133949 0.03656309 0.9133949 0.1071529 0.8979282 0.09305316 0.8581978 0.03656309 0.9133949 0.09305316 0.8581978 0.089724 0.8548781 0.03656309 0.9133949 0.089724 0.8548781 0.03147149 0.9130738 0.09972643 0.9909892 0.0935502 0.9886026 0.0941528 0.9950739 0.0935502 0.9886026 0.06052988 0.9510754 0.0941528 0.9950739 0.6436573 0.1185745 0.7480357 0.1245409 0.7479604 0.09890061 0.6436573 0.1185745 0.7479604 0.09890061 0.6434615 0.09746253 0.6434615 0.09746253 0.7479604 0.09890061 0.6494871 0.08656996 0.6434615 0.09746253 0.6494871 0.08656996 0.5578227 0.1132811 0.7479604 0.09890061 0.7906367 0.1574785 0.7480357 0.0869677 0.7479604 0.09890061 0.7480357 0.0869677 0.6494871 0.08656996 0.6494871 0.08656996 0.7480357 0.0869677 0.6555277 0.07569271 0.6494871 0.08656996 0.6555277 0.07569271 0.558606 0.1048821 0.558606 0.1048821 0.6555277 0.07569271 0.6555277 0.04826241 0.558606 0.1048821 0.6555277 0.04826241 0.5815183 0.04875195 0.5815183 0.04875195 0.6555277 0.04826241 0.6033611 0.02618658 0.6033611 0.02618658 0.6555277 0.04826241 0.6556783 0.02633959 0.6556783 0.02633959 0.6555277 0.04826241 0.6720228 0.03756868 0.6720228 0.03756868 0.6555277 0.04826241 0.6723693 0.06005758 0.6723693 0.06005758 0.6555277 0.04826241 0.6555277 0.07569271 0.6723693 0.06005758 0.6555277 0.07569271 0.748111 0.07503485 0.6555277 0.07569271 0.7480357 0.0869677 0.748111 0.07503485 0.6494871 0.08656996 0.558606 0.1048821 0.5578227 0.1132811 0.6434615 0.09746253 0.5578227 0.1132811 0.5570243 0.12168 0.6434615 0.09746253 0.5570243 0.12168 0.6436573 0.1185745 0.6436573 0.1185745 0.5570243 0.12168 0.5537704 0.1470755 0.7481261 0.026156 0.6720228 0.03756868 0.7480809 0.03753811 0.7480809 0.03753811 0.6720228 0.03756868 0.7479453 0.05474901 0.7479453 0.05474901 0.6720228 0.03756868 0.6723693 0.06005758 0.7479453 0.05474901 0.6723693 0.06005758 0.748111 0.07503485 0.6720228 0.03756868 0.7481261 0.026156 0.6556783 0.02633959 0.8099036 0.1508238 0.8325749 0.1581823 0.748111 0.07503485 0.7220653 0.2110542 0.7067905 0.1624965 0.7124546 0.2105187 0.7220653 0.2110542 0.7124546 0.2105187 0.7068055 0.2662361 0.7220653 0.2110542 0.7068055 0.2662361 0.7343125 0.2116661 0.7220653 0.2110542 0.7343125 0.2116661 0.7480357 0.1245409 0.7480357 0.1245409 0.7343125 0.2116661 0.7479755 0.2133948 0.7479755 0.2133948 0.7343125 0.2116661 0.7205138 0.2880365 0.7205138 0.2880365 0.7343125 0.2116661 0.7068055 0.2662361 0.7205138 0.2880365 0.7068055 0.2662361 0.6697934 0.2703208 0.7205138 0.2880365 0.6697934 0.2703208 0.6670818 0.2880824 0.6670818 0.2880824 0.6697934 0.2703208 0.633474 0.2668633 0.6670818 0.2880824 0.633474 0.2668633 0.6136498 0.2881283 0.6136498 0.2881283 0.633474 0.2668633 0.6226431 0.2448179 0.6136498 0.2881283 0.6226431 0.2448179 0.6084076 0.2538442 0.6136498 0.2881283 0.6084076 0.2538442 0.5889148 0.266389 0.6136498 0.2881283 0.5889148 0.266389 0.5913099 0.3081693 0.5913099 0.3081693 0.5889148 0.266389 0.5745286 0.282835 0.5745286 0.282835 0.5889148 0.266389 0.5396856 0.230269 0.5396856 0.230269 0.5889148 0.266389 0.563321 0.2262609 0.5396856 0.230269 0.563321 0.2262609 0.5528215 0.1526749 0.5528215 0.1526749 0.563321 0.2262609 0.5756735 0.170773 0.5528215 0.1526749 0.5756735 0.170773 0.5537704 0.1470755 0.5537704 0.1470755 0.5756735 0.170773 0.622628 0.1492632 0.5537704 0.1470755 0.622628 0.1492632 0.6436573 0.1185745 0.6697934 0.2703208 0.691139 0.2606827 0.6720077 0.2607743 0.6697934 0.2703208 0.6720077 0.2607743 0.633474 0.2668633 0.633474 0.2668633 0.6720077 0.2607743 0.6483573 0.2580972 0.6084076 0.2538442 0.563321 0.2262609 0.5889148 0.266389 0.5756735 0.170773 0.563321 0.2262609 0.569422 0.2239202 0.5756735 0.170773 0.569422 0.2239202 0.622628 0.1492632 0.6031653 0.2195447 0.622628 0.1492632 0.569422 0.2239202 0.6031653 0.2195447 0.569422 0.2239202 0.6084076 0.2538442 0.6031653 0.2195447 0.6084076 0.2538442 0.6173104 0.2160415 0.6173104 0.2160415 0.6084076 0.2538442 0.6226431 0.2448179 0.6173104 0.2160415 0.6226431 0.2448179 0.6333987 0.2136089 0.6333987 0.2136089 0.6226431 0.2448179 0.6397407 0.2453382 0.6397407 0.2453382 0.6226431 0.2448179 0.633474 0.2668633 0.6397407 0.2453382 0.633474 0.2668633 0.6483573 0.2580972 0.6173104 0.2160415 0.6241495 0.1628943 0.6031653 0.2195447 0.6173104 0.2160415 0.6333987 0.2136089 0.644531 0.1902787 0.6144331 0.1550921 0.6031653 0.2195447 0.6241495 0.1628943 0.6144331 0.1550921 0.6241495 0.1628943 0.6436573 0.1185745 0.6084076 0.2538442 0.569422 0.2239202 0.563321 0.2262609 0.644772 0.2161791 0.6333987 0.2136089 0.6397407 0.2453382 0.644531 0.1902787 0.6333987 0.2136089 0.644772 0.2161791 0.644531 0.1902787 0.644772 0.2161791 0.6544733 0.2002228 0.6173104 0.2160415 0.644531 0.1902787 0.6318321 0.1737409 0.6173104 0.2160415 0.6318321 0.1737409 0.6241495 0.1628943 0.6241495 0.1628943 0.6318321 0.1737409 0.6436573 0.1185745 0.6318321 0.1737409 0.6496227 0.1442453 0.6436573 0.1185745 0.663843 0.1856892 0.7067905 0.1624965 0.6516563 0.1660305 0.663843 0.1856892 0.6516563 0.1660305 0.644531 0.1902787 0.644531 0.1902787 0.6516563 0.1660305 0.6318321 0.1737409 0.644531 0.1902787 0.6544733 0.2002228 0.663843 0.1856892 0.663843 0.1856892 0.6544733 0.2002228 0.6924195 0.1999015 0.663843 0.1856892 0.6924195 0.1999015 0.6918621 0.1872496 0.663843 0.1856892 0.6918621 0.1872496 0.7067905 0.1624965 0.6918621 0.1872496 0.7124546 0.2105187 0.7067905 0.1624965 0.7042899 0.2108858 0.6918621 0.1872496 0.6924195 0.1999015 0.7211315 0.1398394 0.7067905 0.1624965 0.7220653 0.2110542 0.7220653 0.2110542 0.7480357 0.1245409 0.7211315 0.1398394 0.7211315 0.1398394 0.7480357 0.1245409 0.7295973 0.1141378 0.7211315 0.1398394 0.7295973 0.1141378 0.6496227 0.1442453 0.6496227 0.1442453 0.7295973 0.1141378 0.6436573 0.1185745 0.6318321 0.1737409 0.6516563 0.1660305 0.6496227 0.1442453 0.6496227 0.1442453 0.6516563 0.1660305 0.7211315 0.1398394 0.7211315 0.1398394 0.6516563 0.1660305 0.7067905 0.1624965 0.6918621 0.1872496 0.7042899 0.2108858 0.7124546 0.2105187 0.7124546 0.2105187 0.7042899 0.2108858 0.7034012 0.2413606 0.7124546 0.2105187 0.7034012 0.2413606 0.7068055 0.2662361 0.7068055 0.2662361 0.7034012 0.2413606 0.691139 0.2606827 0.7068055 0.2662361 0.691139 0.2606827 0.6697934 0.2703208 0.04287499 0.18676 0.04314613 0.2451546 0.1077405 0.2281885 0.04287499 0.18676 0.1077405 0.2281885 0.102905 0.1722723 0.1536405 0.2177243 0.1557947 0.1581671 0.102905 0.1722723 0.1536405 0.2177243 0.102905 0.1722723 0.1077405 0.2281885 0.1536405 0.2177243 0.1077405 0.2281885 0.1513507 0.2883883 0.1536405 0.2177243 0.1513507 0.2883883 0.1894928 0.2174029 0.1894928 0.2174029 0.1513507 0.2883883 0.1965277 0.2883271 0.1894928 0.2174029 0.1965277 0.2883271 0.238496 0.2271329 0.1894928 0.2174029 0.238496 0.2271329 0.2405447 0.1733738 0.1894928 0.2174029 0.2405447 0.1733738 0.1832112 0.1583353 0.1894928 0.2174029 0.1832112 0.1583353 0.1557947 0.1581671 0.1894928 0.2174029 0.1557947 0.1581671 0.1536405 0.2177243 0.238496 0.2271329 0.3130025 0.2460878 0.3099747 0.1873108 0.238496 0.2271329 0.3099747 0.1873108 0.2405447 0.1733738 0.361599 0.7154318 0.3593846 0.7309445 0.361599 0.7154318 0.361599 0.7154318 0.361599 0.7154318 0.3653048 0.6910306 0.6974357 0.2509375 0.7024672 0.2606827 0.6720077 0.2607743 0.6974357 0.2509375 0.6720077 0.2607743 0.6742222 0.2512282 0.6742222 0.2512282 0.6720077 0.2607743 0.6415634 0.2608816 0.6742222 0.2512282 0.6415634 0.2608816 0.6510236 0.2515342 0.633474 0.2668633 0.6483573 0.2580972 0.6720077 0.2607743 0.633474 0.2668633 0.6720077 0.2607743 0.6697934 0.2703208 0.6697934 0.2703208 0.6720077 0.2607743 0.691139 0.2606827 0.007534742 0.9133949 0.03666853 0.9133949 0.05322384 0.9541044 0.05322384 0.9541044 0.03666853 0.9133949 0.06566679 0.9554507 0.06566679 0.9554507 0.09344482 0.9957317 0.04837334 0.9541044 0.09305316 0.8581978 0.04153418 0.8104358 0.03823518 0.7907772 0.09305316 0.8581978 0.03823518 0.7907772 0.09239023 0.7645096 0.09239023 0.7645096 0.03823518 0.7907772 0.08781081 0.7487214 0.09239023 0.7645096 0.08781081 0.7487214 0.1300503 0.7479106 0.09239023 0.7645096 0.1300503 0.7479106 0.1497842 0.7638058 0.02627444 0.7817357 0.08781081 0.7487214 0.02648532 0.7964835 0.0219962 0.8087834 0.02648532 0.7964835 0.04088652 0.8080951 0.02606356 0.7670032 0.05694466 0.75787 0.02627444 0.7817357 0.08781081 0.7487214 0.02627444 0.7817357 0.05694466 0.75787 0.109729 0.8928643 0.1071529 0.8979282 0.09305316 0.8581978 0.109729 0.8928643 0.09305316 0.8581978 0.09538805 0.8556583 0.04454708 0.08583563 0.1121693 0.07647293 0.0718882 0.04270905 0.1918427 0.9581738 0.254735 0.9133949 0.1707834 0.9576231 0.1707834 0.9576231 0.254735 0.9133949 0.1997061 0.9133949 0.1707834 0.9576231 0.1458525 0.9957317 0.1955335 0.9581738 0.1370099 0.4231227 0.1233167 0.4158405 0.1349612 0.4339233 0.1370099 0.4231227 0.1349612 0.4339233 0.1791288 0.4759485 0.1791288 0.4759485 0.1349612 0.4339233 0.1446775 0.473516 0.1791288 0.4759485 0.1446775 0.473516 0.183874 0.5095288 0.1791288 0.4759485 0.183874 0.5095288 0.2239442 0.5091004 0.2239442 0.5091004 0.183874 0.5095288 0.2239442 0.5332568 0.2239442 0.5091004 0.2239442 0.5332568 0.3006199 0.5331803 0.2239442 0.5091004 0.3006199 0.5331803 0.3006651 0.502675 0.3006651 0.502675 0.3006199 0.5331803 0.3558747 0.4949492 0.3558747 0.4949492 0.3006199 0.5331803 0.4062035 0.5140113 0.3558747 0.4949492 0.4062035 0.5140113 0.4103461 0.4672436 0.3558747 0.4949492 0.4103461 0.4672436 0.3467007 0.4898855 0.3006651 0.502675 0.3558747 0.4949492 0.3467007 0.4898855 0.1644565 0.5333333 0.2239442 0.5332568 0.183874 0.5095288 0.2239442 0.5091004 0.3006651 0.502675 0.2322745 0.4992941 0.2239442 0.5091004 0.2322745 0.4992941 0.1791288 0.4759485 0.1286795 0.3964725 0.1326714 0.4096751 0.1676952 0.4447394 0.1791288 0.4759485 0.1816596 0.4533984 0.1676952 0.4447394 0.1562617 0.4135457 0.1286795 0.3964725 0.1676952 0.4447394 0.1562617 0.4135457 0.1676952 0.4447394 0.1816596 0.4533984 0.24062 0.4894724 0.1791288 0.4759485 0.2322745 0.4992941 0.24062 0.4894724 0.240846 0.4823279 0.1816596 0.4533984 0.1791288 0.4759485 0.24062 0.4894724 0.1816596 0.4533984 0.240846 0.4823279 0.1841753 0.4308331 0.1816596 0.4533984 0.1562617 0.4135457 0.1816596 0.4533984 0.1841753 0.4308331 0.1562617 0.4135457 0.1841753 0.4308331 0.203171 0.3839125 0.203171 0.3839125 0.1841753 0.4308331 0.2411774 0.47526 0.203171 0.3839125 0.2411774 0.47526 0.2641801 0.3983541 0.203171 0.3839125 0.2641801 0.3983541 0.2659125 0.3059816 0.203171 0.3839125 0.2659125 0.3059816 0.2026286 0.2937428 0.2026286 0.2937428 0.2659125 0.3059816 0.2521741 0.2468069 0.2521741 0.2468069 0.2659125 0.3059816 0.2702358 0.2457512 0.2702358 0.2457512 0.2659125 0.3059816 0.2987068 0.2541196 0.2987068 0.2541196 0.2659125 0.3059816 0.2960556 0.306716 0.2987068 0.2541196 0.2960556 0.306716 0.3271627 0.2625032 0.1841753 0.4308331 0.240846 0.4823279 0.2411774 0.47526 0.09305316 0.8581978 0.0407359 0.8173507 0.0410974 0.8124858 0.0410974 0.8124858 0.0407359 0.8173507 0.01762771 0.8092272 0.01762771 0.8092272 0.0407359 0.8173507 0.01936006 0.8156985 0.01936006 0.8156985 0.0407359 0.8173507 0.03666853 0.9133949 0.03666853 0.9133949 0.0407359 0.8173507 0.09305316 0.8581978 0.2960556 0.306716 0.2659125 0.3059816 0.2950915 0.398186 0.2950915 0.398186 0.2659125 0.3059816 0.2641801 0.3983541 0.2950915 0.398186 0.2641801 0.3983541 0.2836579 0.475107 0.2836579 0.475107 0.2641801 0.3983541 0.2411774 0.47526 0.2836579 0.475107 0.2411774 0.47526 0.240846 0.4823279 0.3895728 0.3063794 0.3878856 0.2630386 0.3271627 0.2625032 0.3895728 0.3063794 0.3271627 0.2625032 0.3261986 0.3074502 0.3261986 0.3074502 0.3271627 0.2625032 0.2960556 0.306716 0.3261986 0.3074502 0.2960556 0.306716 0.3260329 0.3979412 0.3260329 0.3979412 0.2960556 0.306716 0.2950915 0.398186 0.3260329 0.3979412 0.2950915 0.398186 0.3262287 0.4750152 0.3262287 0.4750152 0.2950915 0.398186 0.2836579 0.475107 0.3895728 0.3063794 0.3261986 0.3074502 0.3956135 0.3860542 0.3956135 0.3860542 0.3261986 0.3074502 0.3260329 0.3979412 0.3956135 0.3860542 0.3260329 0.3979412 0.3957943 0.4260752 0.3957943 0.4260752 0.3260329 0.3979412 0.3262287 0.4750152 0.2863544 0.4811347 0.3318777 0.4799261 0.3262287 0.4750152 0.4018802 0.4295786 0.3262287 0.4750152 0.3318777 0.4799261 0.2890658 0.4871469 0.3375117 0.484944 0.3318777 0.4799261 0.3375117 0.484944 0.4018802 0.4295786 0.3318777 0.4799261 0.4018802 0.4295786 0.3375117 0.484944 0.4043958 0.4345048 0.4043958 0.4345048 0.3375117 0.484944 0.4103461 0.4672436 0.4043958 0.4345048 0.4103461 0.4672436 0.4158294 0.4307872 0.3467007 0.4898855 0.4103461 0.4672436 0.3375117 0.484944 0.3467007 0.4898855 0.3375117 0.484944 0.2894876 0.4945821 0.3467007 0.4898855 0.2894876 0.4945821 0.3006651 0.502675 0.3006651 0.502675 0.2894876 0.4945821 0.2322745 0.4992941 0.2322745 0.4992941 0.2894876 0.4945821 0.2890658 0.4871469 0.2322745 0.4992941 0.2890658 0.4871469 0.24062 0.4894724 0.24062 0.4894724 0.2890658 0.4871469 0.2863544 0.4811347 0.24062 0.4894724 0.2863544 0.4811347 0.240846 0.4823279 0.2890658 0.4871469 0.2894876 0.4945821 0.3375117 0.484944 0.2890658 0.4871469 0.3318777 0.4799261 0.2863544 0.4811347 0.2863544 0.4811347 0.3262287 0.4750152 0.2836579 0.475107 0.2863544 0.4811347 0.2836579 0.475107 0.240846 0.4823279 0.4043958 0.4345048 0.4158294 0.4307872 0.4167031 0.3579967 0.4018802 0.4295786 0.4043958 0.4345048 0.402091 0.3578284 0.6083473 0.2538289 0.563321 0.2262609 0.569422 0.2239202 0.06159943 0.7283591 0.05912894 0.7133206 0.05912894 0.7133206 0.05912894 0.7133206 0.05912894 0.7133206 0.04691213 0.6900668 0.1007659 0.565858 0.140354 0.5547054 0.1401432 0.565858 0.1401432 0.565858 0.140354 0.5547054 0.1832714 0.565858 0.2268214 0.5547054 0.1832714 0.565858 0.1834371 0.5547054 0.1834371 0.5547054 0.1832714 0.565858 0.140354 0.5547054 0.2267913 0.565858 0.1832714 0.565858 0.2268214 0.5547054 0.2266557 0.5427419 0.2268214 0.5547054 0.1834371 0.5547054 0.2266557 0.5427419 0.1834371 0.5547054 0.1834522 0.5428337 0.1834522 0.5428337 0.1834371 0.5547054 0.140354 0.5547054 0.1834522 0.5428337 0.140354 0.5547054 0.140339 0.5425124 0.140339 0.5425124 0.140354 0.5547054 0.1010069 0.5427419 0.2268214 0.5547054 0.2767586 0.565858 0.2267913 0.565858 0.2268214 0.5547054 0.2266557 0.5427419 0.2768038 0.5547054 0.2268214 0.5547054 0.2768038 0.5547054 0.2767586 0.565858 0.2767586 0.565858 0.2768038 0.5547054 0.3364421 0.5547054 0.07447922 0.5425736 0.1010069 0.5427419 0.07440394 0.5547054 0.07440394 0.5547054 0.1010069 0.5427419 0.1007961 0.5547054 0.1007961 0.5547054 0.1010069 0.5427419 0.140354 0.5547054 0.1007961 0.5547054 0.140354 0.5547054 0.1007659 0.565858 0.1007961 0.5547054 0.1007659 0.565858 0.07440394 0.5547054 0.07443404 0.565858 0.07440394 0.5547054 0.1007659 0.565858 0.05586004 0.739986 0.05694466 0.75787 0.02613884 0.7497771 0.02613884 0.7497771 0.05694466 0.75787 0.02606356 0.7670032 0.04088652 0.8080951 0.02648532 0.7964835 0.03823518 0.7907772 0.03823518 0.7907772 0.02648532 0.7964835 0.08781081 0.7487214 0.3817245 0.7824547 0.335237 0.7589715 0.3815739 0.7978604 0.3818751 0.7670338 0.335237 0.7589715 0.3817245 0.7824547 0.3815739 0.7978604 0.3356889 0.7657334 0.3655759 0.8164328 0.3655759 0.8164328 0.3356889 0.7657334 0.329588 0.8581978 0.3815739 0.7978604 0.335237 0.7589715 0.3356889 0.7657334 0.3583301 0.7596293 0.3348001 0.7522248 0.335237 0.7589715 0.3592792 0.740292 0.3348001 0.7522248 0.3583301 0.7596293 0.3348001 0.7522248 0.3592792 0.740292 0.336653 0.7308223 0.3348001 0.7522248 0.336653 0.7308223 0.2992943 0.7490428 0.3669919 0.8312265 0.3655759 0.8252601 0.329588 0.8581978 0.3669919 0.8312265 0.329588 0.8581978 0.3420309 0.8795852 0.3669919 0.8312265 0.3420309 0.8795852 0.3578631 0.906786 0.3669919 0.8312265 0.3578631 0.906786 0.387012 0.906786 0.2268214 0.5547054 0.1832714 0.565858 0.2267913 0.565858 0.2268214 0.5547054 0.2266557 0.5427419 0.1834371 0.5547054 0.1834371 0.5547054 0.2266557 0.5427419 0.1834522 0.5428337 0.1834371 0.5547054 0.1834522 0.5428337 0.1401432 0.5547054 0.1401432 0.5547054 0.1834522 0.5428337 0.140339 0.5425124 0.1401432 0.5547054 0.140339 0.5425124 0.1010069 0.5427419 0.2267913 0.565858 0.2767586 0.565858 0.2268214 0.5547054 0.2768038 0.5547054 0.2266557 0.5427419 0.2268214 0.5547054 0.2767586 0.565858 0.2768038 0.5547054 0.2268214 0.5547054 0.3364421 0.5547054 0.2768038 0.5547054 0.2767586 0.565858 0.1401432 0.5547054 0.1007659 0.565858 0.1401432 0.565858 0.1401432 0.5547054 0.1401432 0.565858 0.1832714 0.565858 0.1401432 0.5547054 0.1832714 0.565858 0.1834371 0.5547054 0.1834371 0.5547054 0.1832714 0.565858 0.2268214 0.5547054 0.07440394 0.5547054 0.1007659 0.565858 0.1007961 0.5547054 0.1007961 0.5547054 0.1007659 0.565858 0.1401432 0.5547054 0.1007961 0.5547054 0.1401432 0.5547054 0.1010069 0.5427419 0.1007961 0.5547054 0.1010069 0.5427419 0.07440394 0.5547054 0.07440394 0.5547054 0.1010069 0.5427419 0.07447922 0.5425736 0.1007659 0.565858 0.07440394 0.5547054 0.07443404 0.565858 0.05912894 0.7133206 0.04691213 0.6900668 0.04636979 0.7155848 0.05912894 0.7133206 0.04636979 0.7155848 0.05159693 0.7331323 0.06159943 0.7283591 0.05912894 0.7133206 0.05159693 0.7331323 0.7705413 0.7536476 0.770451 0.7305927 0.7686434 0.7567532 0.770451 0.7305927 0.7705413 0.7536476 0.7836621 0.7558353 0.770451 0.7305927 0.7836621 0.7558353 0.7929867 0.7305927 0.770451 0.7305927 0.7929867 0.7305927 0.8158237 0.6713873 0.8158237 0.6713873 0.7929867 0.7305927 0.8190324 0.7305927 0.8190324 0.7305927 0.7929867 0.7305927 0.8090901 0.7595222 0.8090901 0.7595222 0.7929867 0.7305927 0.7947944 0.75608 0.7929867 0.7305927 0.7848371 0.7591091 0.7930318 0.7595222 0.7930318 0.7595222 0.7848371 0.7591091 0.7990123 0.8194925 0.7930318 0.7595222 0.7990123 0.8194925 0.8096776 0.7633162 0.770451 0.7305927 0.8158237 0.6713873 0.7599965 0.7305927 0.770451 0.7305927 0.7599965 0.7305927 0.7686434 0.7567532 0.7686434 0.7567532 0.7599965 0.7305927 0.7539559 0.7935309 0.7686434 0.7567532 0.7539559 0.7935309 0.7990123 0.8194925 0.7686434 0.7567532 0.7990123 0.8194925 0.7848371 0.7591091 0.7990123 0.8194925 0.8243198 0.7305927 0.8096776 0.7633162 0.8158237 0.6713873 0.8190324 0.7305927 0.8243198 0.7305927 0.8243198 0.7305927 0.8190324 0.7305927 0.8096776 0.7633162 0.8190324 0.7305927 0.8090901 0.7595222 0.8096776 0.7633162 0.7836621 0.7558353 0.7848371 0.7591091 0.7929867 0.7305927 0.7705413 0.7536476 0.7848371 0.7591091 0.7836621 0.7558353 0.7848371 0.7591091 0.7705413 0.7536476 0.7686434 0.7567532 0.7930318 0.7595222 0.8096776 0.7633162 0.7947944 0.75608 0.7947944 0.75608 0.8096776 0.7633162 0.8090901 0.7595222 0.7179228 0.5728647 0.7325499 0.5945886 0.6921333 0.5945886 0.7179228 0.5728647 0.6921333 0.5945886 0.6837124 0.5438893 0.7179228 0.5728647 0.6837124 0.5438893 0.7356381 0.5438893 0.7356381 0.5438893 0.6837124 0.5438893 0.719128 0.4725369 0.7356381 0.5438893 0.719128 0.4725369 0.7481412 0.5264337 0.7481412 0.5264337 0.719128 0.4725369 0.7676641 0.4725369 0.7179228 0.5728647 0.7356381 0.5438893 0.7325499 0.5945886 0.7325499 0.5945886 0.7356381 0.5438893 0.7474633 0.5669901 0.7732981 0.5668677 0.7474633 0.5669901 0.7356381 0.5438893 0.7744128 0.5436292 0.7732981 0.5668677 0.7356381 0.5438893 0.7744128 0.5436292 0.7356381 0.5438893 0.7481412 0.5264337 0.6452993 0.4722462 0.719128 0.4725369 0.6837124 0.5438893 0.6452993 0.4722462 0.6837124 0.5438893 0.6555277 0.5257299 0.6555277 0.5257299 0.6837124 0.5438893 0.65253 0.5536651 0.6555277 0.5257299 0.65253 0.5536651 0.5851638 0.5567554 0.6555277 0.5257299 0.5851638 0.5567554 0.5662283 0.5257758 0.5662283 0.5257758 0.5851638 0.5567554 0.5638332 0.5634714 0.5662283 0.5257758 0.5638332 0.5634714 0.5351966 0.5203295 0.5662283 0.5257758 0.5351966 0.5203295 0.5672075 0.4720932 0.5672075 0.4720932 0.5351966 0.5203295 0.5195752 0.4996919 0.5195752 0.4996919 0.5351966 0.5203295 0.5065147 0.5407072 0.5195752 0.4996919 0.5065147 0.5407072 0.4971147 0.5320635 0.6837124 0.5438893 0.6921333 0.5945886 0.65253 0.5536651 0.5662283 0.5257758 0.5672075 0.4720932 0.6555277 0.5257299 0.6555277 0.5257299 0.5672075 0.4720932 0.6452993 0.4722462 0.5639386 0.607317 0.5638332 0.5634714 0.5798613 0.5881021 0.5798613 0.5881021 0.5638332 0.5634714 0.5851638 0.5567554 0.508232 0.4723533 0.5195752 0.4996919 0.4971147 0.5320635 0.508232 0.4723533 0.5672075 0.4720932 0.5195752 0.4996919 0.6455102 0.5945886 0.5984201 0.5945886 0.65253 0.5536651 0.65253 0.5536651 0.5984201 0.5945886 0.5928916 0.5698203 0.65253 0.5536651 0.5928916 0.5698203 0.5851638 0.5567554 0.5851638 0.5567554 0.5928916 0.5698203 0.5798613 0.5881021 0.5798613 0.5881021 0.5928916 0.5698203 0.5926958 0.607317 0.5926958 0.607317 0.5639386 0.607317 0.5798613 0.5881021 0.7732981 0.5668677 0.7731927 0.6074394 0.7609757 0.5920185 0.7474332 0.6075465 0.7609757 0.5920185 0.7731927 0.6074394 0.7474332 0.6075465 0.7474633 0.5669901 0.7609757 0.5920185 0.7732981 0.5668677 0.7609757 0.5920185 0.7474633 0.5669901 0.6720077 0.2607743 0.7024672 0.2606827 0.6974357 0.2509375 0.6720077 0.2607743 0.6974357 0.2509375 0.6742222 0.2512282 0.6720077 0.2607743 0.6742222 0.2512282 0.6415634 0.2608816 0.6415634 0.2608816 0.6742222 0.2512282 0.6510236 0.2515342 0.7325499 0.5945886 0.7179228 0.5728647 0.6921333 0.5945886 0.6837124 0.5438893 0.6921333 0.5945886 0.7179228 0.5728647 0.6837124 0.5438893 0.7179228 0.5728647 0.7356381 0.5438893 0.7356381 0.5438893 0.7179228 0.5728647 0.7325499 0.5945886 0.7356381 0.5438893 0.7325499 0.5945886 0.7474633 0.5669901 0.7356381 0.5438893 0.7474633 0.5669901 0.7732981 0.5668677 0.7481412 0.5264337 0.7356381 0.5438893 0.7744128 0.5436292 0.7744128 0.5436292 0.7356381 0.5438893 0.7732981 0.5668677 0.7676641 0.4725369 0.719128 0.4725369 0.7481412 0.5264337 0.7481412 0.5264337 0.719128 0.4725369 0.7356381 0.5438893 0.7356381 0.5438893 0.719128 0.4725369 0.6837124 0.5438893 0.6837124 0.5438893 0.719128 0.4725369 0.6452993 0.4722462 0.6837124 0.5438893 0.6452993 0.4722462 0.6555277 0.5257758 0.6837124 0.5438893 0.6555277 0.5257758 0.652545 0.5536957 0.652545 0.5536957 0.6555277 0.5257758 0.5851638 0.5567554 0.652545 0.5536957 0.5851638 0.5567554 0.5928916 0.5698203 0.5928916 0.5698203 0.5851638 0.5567554 0.5798613 0.5881021 0.5928916 0.5698203 0.5798613 0.5881021 0.5926958 0.607317 0.6921333 0.5945886 0.6837124 0.5438893 0.652545 0.5536957 0.5984201 0.5945886 0.652545 0.5536957 0.5928916 0.5698203 0.5798613 0.5881021 0.5639386 0.607317 0.5926958 0.607317 0.5984201 0.5945886 0.6455102 0.5945886 0.652545 0.5536957 0.6555277 0.5257758 0.6452993 0.4722462 0.5672075 0.4720932 0.6555277 0.5257758 0.5672075 0.4720932 0.5662283 0.5257758 0.6555277 0.5257758 0.5662283 0.5257758 0.5851638 0.5567554 0.5851638 0.5567554 0.5662283 0.5257758 0.5638332 0.5634714 0.5851638 0.5567554 0.5638332 0.5634714 0.5798613 0.5881021 0.5798613 0.5881021 0.5638332 0.5634714 0.5639386 0.607317 0.5638332 0.5634714 0.5662283 0.5257758 0.5351966 0.5203295 0.5351966 0.5203295 0.5662283 0.5257758 0.5672075 0.4720932 0.5351966 0.5203295 0.5672075 0.4720932 0.5195752 0.4996919 0.5351966 0.5203295 0.5195752 0.4996919 0.5065147 0.5407072 0.5065147 0.5407072 0.5195752 0.4996919 0.4971147 0.5320635 0.5195752 0.4996919 0.508232 0.4723533 0.4971147 0.5320635 0.508232 0.4723533 0.5195752 0.4996919 0.5672075 0.4720932 0.7609757 0.5919879 0.7731927 0.6074394 0.7732981 0.5668677 0.7731927 0.6074394 0.7609757 0.5919879 0.7474332 0.6075465 0.7609757 0.5919879 0.7474633 0.5669901 0.7474332 0.6075465 0.7474633 0.5669901 0.7609757 0.5919879 0.7732981 0.5668677 0.1791288 0.4759485 0.1676952 0.4447394 0.1370099 0.4231227 0.1370099 0.4231227 0.1676952 0.4447394 0.1326714 0.4096751 0.2026286 0.2937428 0.1653453 0.2943854 0.203171 0.3839125 0.203171 0.3839125 0.1653453 0.2943854 0.165767 0.3772575 0.203171 0.3839125 0.165767 0.3772575 0.1562617 0.4135457 0.1562617 0.4135457 0.165767 0.3772575 0.1288452 0.3705874 0.1562617 0.4135457 0.1288452 0.3705874 0.1286795 0.3964725 0.1286795 0.3964725 0.1288452 0.3705874 0.0746901 0.4002207 0.0746901 0.4002207 0.1288452 0.3705874 0.1339971 0.2934063 0.165767 0.3772575 0.1653453 0.2943854 0.1288452 0.3705874 0.1288452 0.3705874 0.1653453 0.2943854 0.1339971 0.2934063 0.015594 0.4261211 0.0746901 0.4002207 0.01544344 0.3861001 0.01544344 0.3861001 0.0746901 0.4002207 0.009342491 0.3063488 0.009342491 0.3063488 0.0746901 0.4002207 0.06628441 0.2971085 0.009342491 0.3063488 0.06628441 0.2971085 0.007715523 0.2629927 0.007715523 0.2629927 0.06628441 0.2971085 0.07291257 0.2427526 0.07291257 0.2427526 0.06628441 0.2971085 0.08476793 0.2423703 0.08476793 0.2423703 0.06628441 0.2971085 0.1339971 0.2934063 0.1339971 0.2934063 0.06628441 0.2971085 0.0746901 0.4002207 0.3582699 0.2325944 0.3579837 0.22776 0.382312 0.2239508 0.382312 0.2239508 0.3579837 0.22776 0.3778079 0.1699621 0.3778079 0.1699621 0.3579837 0.22776 0.3370898 0.1692125 0.3778079 0.1699621 0.3370898 0.1692125 0.3819956 0.1600489 0.3819956 0.1600489 0.3370898 0.1692125 0.3310643 0.1600489 0.3310643 0.1600489 0.3370898 0.1692125 0.3210467 0.2004064 0.3210467 0.2004064 0.3370898 0.1692125 0.3349207 0.223752 0.3349207 0.223752 0.3370898 0.1692125 0.3579837 0.22776 0.3349207 0.223752 0.3579837 0.22776 0.3582699 0.2325944 0.3349207 0.223752 0.3582699 0.2325944 0.3330377 0.2282344 0.3839539 0.2282344 0.3582699 0.2325944 0.382312 0.2239508 0.3330377 0.2282344 0.3210467 0.2004064 0.3349207 0.223752 0.7481412 0.5264337 0.7995395 0.5058265 0.7991027 0.4845461 0.7481412 0.5264337 0.7991027 0.4845461 0.7676641 0.4725369 0.7744128 0.5436292 0.7995395 0.5058265 0.7481412 0.5264337 0.7440287 0.3051249 0.5913099 0.3081693 0.6454198 0.3422086 0.6454198 0.3422086 0.5913099 0.3081693 0.6142373 0.3573389 0.6142373 0.3573389 0.5913099 0.3081693 0.5918673 0.3574305 0.5918673 0.3574305 0.5913099 0.3081693 0.5526707 0.3080623 0.6136498 0.2881283 0.5913099 0.3081693 0.6670818 0.2880824 0.7440287 0.3051249 0.7205138 0.2880365 0.6670818 0.2880824 0.7440287 0.3051249 0.6670818 0.2880824 0.5913099 0.3081693 0.03656309 0.9133949 0.007534742 0.9133949 0.05322384 0.9541044 0.03656309 0.9133949 0.05322384 0.9541044 0.06566679 0.9554507 0.04837334 0.9541044 0.09344482 0.9957317 0.06566679 0.9554507 0.04314613 0.2451546 0.04287499 0.18676 0.1077405 0.2281885 0.1077405 0.2281885 0.04287499 0.18676 0.102905 0.1722723 0.1557947 0.1581671 0.1536405 0.2177243 0.102905 0.1722723 0.102905 0.1722723 0.1536405 0.2177243 0.1077405 0.2281885 0.1077405 0.2281885 0.1536405 0.2177243 0.1513507 0.2883883 0.1513507 0.2883883 0.1536405 0.2177243 0.1894928 0.2174029 0.1513507 0.2883883 0.1894928 0.2174029 0.1965277 0.2883271 0.1965277 0.2883271 0.1894928 0.2174029 0.238496 0.2271329 0.238496 0.2271329 0.1894928 0.2174029 0.2405447 0.1733738 0.238496 0.2271329 0.2405447 0.1733738 0.3099747 0.1873108 0.238496 0.2271329 0.3099747 0.1873108 0.3130025 0.2460878 0.1894928 0.2174029 0.1536405 0.2177243 0.1557947 0.1581671 0.1894928 0.2174029 0.1557947 0.1581671 0.1832112 0.1583353 0.1894928 0.2174029 0.1832112 0.1583353 0.2405447 0.1733738 0.1341779 0.892849 0.135639 0.8979282 0.1493623 0.8581978 0.1341779 0.892849 0.1493623 0.8581978 0.1471329 0.8563008 0.7282416 0.3010556 0.7460474 0.215766 0.7421005 0.3039469 0.7460474 0.215766 0.7282416 0.3010556 0.7347945 0.2114061 0.4338309 0.1883816 0.4338309 0.1883816 0.4488949 0.06368333 0.4338309 0.1883816 0.4488949 0.06368333 0.4488949 0.06368333 0.4488949 0.06368333 0.4488949 0.06368333 0.5055355 0.06299489 0.4488949 0.06368333 0.5055355 0.06299489 0.5055355 0.06299489 0.5055355 0.06299489 0.5055355 0.06299489 0.4830148 0.188703 0.5055355 0.06299489 0.4830148 0.188703 0.4830148 0.188703 0.4338309 0.1883816 0.4338309 0.1883816 0.4796103 0.2931768 0.4338309 0.1883816 0.4796103 0.2931768 0.4796103 0.2931768 0.4796103 0.2931768 0.4796103 0.2931768 0.5010163 0.3014227 0.4796103 0.2931768 0.5010163 0.3014227 0.5010163 0.3014227 0.5010163 0.3014227 0.5010163 0.3014227 0.5297585 0.2845484 0.5010163 0.3014227 0.5297585 0.2845484 0.5297585 0.2845484 0.7929867 0.7305927 0.7930318 0.7595222 0.7947944 0.75608 0.7421005 0.3039469 0.7460474 0.215766 0.7282416 0.3010556 0.7282416 0.3010556 0.7460474 0.215766 0.7347945 0.2114061 0.4830148 0.188703 0.4830148 0.188703 0.5297585 0.2845484 0.5297585 0.2845484 0.4830148 0.188703 0.5297585 0.2845484 0.4338309 0.1883816 0.4338309 0.1883816 0.4796103 0.2931768 0.4796103 0.2931768 0.4338309 0.1883816 0.4796103 0.2931768 0.4796103 0.2931768 0.4796103 0.2931768 0.5010163 0.3014227 0.5010163 0.3014227 0.4796103 0.2931768 0.5010163 0.3014227 0.4338309 0.1883816 0.4338309 0.1883816 0.4488949 0.06368333 0.4488949 0.06368333 0.4338309 0.1883816 0.4488949 0.06368333 0.4488949 0.06368333 0.4488949 0.06368333 0.5055355 0.06299489 0.5055355 0.06299489 0.4488949 0.06368333 0.5055355 0.06299489 0.3420309 0.8277384 0.329588 0.8581978 0.2730679 0.8318538 0.2730679 0.8318538 0.329588 0.8581978 0.2888098 0.8581978 0.135639 0.8979282 0.1341779 0.892849 0.1493623 0.8581978 0.1493623 0.8581978 0.1341779 0.892849 0.1471329 0.8563008 0.3593846 0.7309445 0.361599 0.7154318 0.361599 0.7154318 0.361599 0.7154318 0.361599 0.7154318 0.3653048 0.6910306 0.3420309 0.8277384 0.2730679 0.8318538 0.329588 0.8581978 0.329588 0.8581978 0.2730679 0.8318538 0.2888098 0.8581978 0.7480357 0.0869677 0.7906367 0.1574785 0.8099036 0.1508238 0.8099036 0.1508238 0.7906367 0.1574785 0.8359643 0.1721805 0.8099036 0.1508238 0.748111 0.07503485 0.7480357 0.0869677 0.508232 0.4723533 0.5673581 0.459472 0.5082018 0.4597014 0.5673581 0.459472 0.508232 0.4723533 0.5672075 0.4720932 0.6170091 0.4595637 0.5673581 0.459472 0.5672075 0.4720932 0.5672075 0.4720932 0.6452993 0.4722462 0.6170091 0.4595637 0.6170091 0.4595637 0.6452993 0.4722462 0.6597908 0.459472 0.6597908 0.459472 0.6452993 0.4722462 0.7024672 0.4597932 0.7024672 0.4597932 0.6452993 0.4722462 0.719128 0.4725369 0.719128 0.4725369 0.7414075 0.4595637 0.7024672 0.4597932 0.7414075 0.4595637 0.719128 0.4725369 0.7676641 0.4725369 0.7414075 0.4595637 0.7676641 0.4725369 0.7676792 0.459732 0.1030707 0.5094217 0.04162466 0.5334404 0.02207154 0.5091769 0.04162466 0.5334404 0.1030707 0.5094217 0.1645168 0.5334404 0.05912894 0.7133206 0.06159943 0.7283591 0.05912894 0.7133206 0.05912894 0.7133206 0.05912894 0.7133206 0.04691213 0.6900668 0.2215791 0.00486046 0.2810367 0.01865971 0.276864 0.042602 0.2215791 0.00486046 0.276864 0.042602 0.2220762 0.03642135 0.2215791 0.00486046 0.2220762 0.03642135 0.1974617 0.01030671 0.1974617 0.01030671 0.2220762 0.03642135 0.197055 0.02337169 0.1974617 0.01030671 0.197055 0.02337169 0.1530229 0.01030671 0.1530229 0.01030671 0.197055 0.02337169 0.1547402 0.02337169 0.1530229 0.01030671 0.1547402 0.02337169 0.1243712 0.03642135 0.1530229 0.01030671 0.1243712 0.03642135 0.1243712 0.00486046 0.1243712 0.00486046 0.1243712 0.03642135 0.0718882 0.04270905 0.1243712 0.00486046 0.0718882 0.04270905 0.06750458 0.01876682 0.276864 0.042602 0.2810367 0.01865971 0.2215791 0.00486046 0.276864 0.042602 0.2215791 0.00486046 0.2220762 0.03642135 0.2220762 0.03642135 0.2215791 0.00486046 0.1974617 0.01030671 0.2220762 0.03642135 0.1974617 0.01030671 0.197055 0.02337169 0.197055 0.02337169 0.1974617 0.01030671 0.1530229 0.01030671 0.197055 0.02337169 0.1530229 0.01030671 0.1547402 0.02337169 0.1547402 0.02337169 0.1530229 0.01030671 0.1243712 0.03642135 0.1243712 0.03642135 0.1530229 0.01030671 0.1243712 0.00486046 0.1243712 0.03642135 0.1243712 0.00486046 0.0718882 0.04270905 0.0718882 0.04270905 0.1243712 0.00486046 0.06750458 0.01876682 0.276864 0.042602 0.2279964 0.07647293 0.2974867 0.08601921 0.3579837 0.22776 0.3582699 0.2325944 0.382312 0.2239508 0.3579837 0.22776 0.382312 0.2239508 0.3778079 0.1699621 0.3579837 0.22776 0.3778079 0.1699621 0.3370898 0.1692125 0.3370898 0.1692125 0.3778079 0.1699621 0.3819956 0.1600489 0.3370898 0.1692125 0.3819956 0.1600489 0.3310643 0.1600489 0.3370898 0.1692125 0.3310643 0.1600489 0.3210467 0.2004064 0.3370898 0.1692125 0.3210467 0.2004064 0.3349207 0.223752 0.3370898 0.1692125 0.3349207 0.223752 0.3579837 0.22776 0.3579837 0.22776 0.3349207 0.223752 0.3582699 0.2325944 0.3582699 0.2325944 0.3349207 0.223752 0.3330377 0.2282344 0.382312 0.2239508 0.3582699 0.2325944 0.3839539 0.2282344 0.3349207 0.223752 0.3210467 0.2004064 0.3330377 0.2282344 0.6969085 0.22109 0.6978726 0.2145116 0.6940313 0.2186574 0.6940313 0.2186574 0.6978726 0.2145116 0.692781 0.2026398 0.6940313 0.2186574 0.692781 0.2026398 0.6865144 0.1944552 0.6865144 0.1944552 0.692781 0.2026398 0.6876742 0.1907528 0.6865144 0.1944552 0.6876742 0.1907528 0.6655905 0.1908295 0.6865144 0.1944552 0.6655905 0.1908295 0.6676693 0.1945928 0.6676693 0.1945928 0.6655905 0.1908295 0.6572601 0.2145116 0.6676693 0.1945928 0.6572601 0.2145116 0.6601825 0.2186574 0.6601825 0.2186574 0.6572601 0.2145116 0.6572601 0.2273011 0.6572601 0.2273011 0.6608604 0.2359602 0.6655755 0.2349199 0.6655755 0.2349199 0.6608604 0.2359602 0.6752616 0.240305 0.6655755 0.2349199 0.6752616 0.240305 0.6860021 0.2349199 0.6860021 0.2349199 0.6752616 0.240305 0.6896628 0.2359602 0.6860021 0.2349199 0.6896628 0.2359602 0.6969085 0.22109 0.6860021 0.2349199 0.6969085 0.22109 0.6940313 0.2186574 0.6601674 0.2186574 0.657245 0.2273011 0.657245 0.2145116 0.6601674 0.2186574 0.657245 0.2145116 0.6676693 0.1945928 0.6676693 0.1945928 0.657245 0.2145116 0.6655905 0.1908295 0.6676693 0.1945928 0.6655905 0.1908295 0.6864993 0.1944552 0.6864993 0.1944552 0.6655905 0.1908295 0.6876742 0.1907528 0.6864993 0.1944552 0.6876742 0.1907528 0.692766 0.2026398 0.6864993 0.1944552 0.692766 0.2026398 0.6940313 0.2186574 0.6940313 0.2186574 0.692766 0.2026398 0.6978726 0.2145116 0.6940313 0.2186574 0.6978726 0.2145116 0.6969085 0.22109 0.6859871 0.2349199 0.6940313 0.2186574 0.6969085 0.22109 0.6859871 0.2349199 0.6969085 0.22109 0.6896628 0.2359602 0.6859871 0.2349199 0.6896628 0.2359602 0.6752616 0.240305 0.6655755 0.2349199 0.6859871 0.2349199 0.6752616 0.240305 0.6655755 0.2349199 0.6752616 0.240305 0.6608604 0.2359602 0.6655755 0.2349199 0.6608604 0.2359602 0.657245 0.2273011 0.7414075 0.4595637 0.7676792 0.459732 0.7676641 0.4725369 0.7414075 0.4595637 0.7676641 0.4725369 0.719128 0.4725369 0.7024672 0.4597932 0.7414075 0.4595637 0.719128 0.4725369 0.719128 0.4725369 0.6452993 0.4722462 0.7024672 0.4597932 0.7024672 0.4597932 0.6452993 0.4722462 0.6597908 0.459472 0.6597908 0.459472 0.6452993 0.4722462 0.6170091 0.4595637 0.6170091 0.4595637 0.6452993 0.4722462 0.5672075 0.4720932 0.5673581 0.459472 0.6170091 0.4595637 0.5672075 0.4720932 0.5082018 0.4597014 0.5673581 0.459472 0.508232 0.4723533 0.508232 0.4723533 0.5673581 0.459472 0.5672075 0.4720932 0.4193393 0.9144046 0.4007955 0.9330689 0.4685232 0.9305598 0.4685232 0.9305598 0.4007955 0.9330689 0.4584906 0.9619218 0.4685232 0.9305598 0.4584906 0.9619218 0.5149505 0.9242875 0.3330377 0.9719578 0.3330678 0.9920295 0.4145941 0.9970474 0.3330377 0.9719578 0.4145941 0.9970474 0.4145941 0.9719578 0.4145941 0.9719578 0.4145941 0.9970474 0.4421914 0.9870116 0.4145941 0.9719578 0.4421914 0.9870116 0.4584906 0.9619218 0.4584906 0.9619218 0.4421914 0.9870116 0.4584906 0.9970474 0.4584906 0.9619218 0.4584906 0.9970474 0.4961205 0.9619218 0.4584906 0.9619218 0.4961205 0.9619218 0.5149505 0.9242875 0.5149505 0.9242875 0.4961205 0.9619218 0.5151464 0.9619218 0.5151464 0.9619218 0.4961205 0.9619218 0.5149355 0.9970474 0.5149355 0.9970474 0.4961205 0.9619218 0.4961205 0.9970474 0.4961205 0.9970474 0.4961205 0.9619218 0.4584906 0.9970474 0.4584906 0.9619218 0.4007955 0.9330689 0.4145941 0.9719578 0.4145941 0.9719578 0.4007955 0.9330689 0.3440344 0.9518861 0.4145941 0.9719578 0.3440344 0.9518861 0.3330377 0.9719578 0.4007955 0.9330689 0.4193393 0.9144046 0.4685232 0.9305598 0.4007955 0.9330689 0.4685232 0.9305598 0.4584906 0.9619218 0.4584906 0.9619218 0.4685232 0.9305598 0.5149505 0.9242875 0.3330678 0.9920295 0.3330377 0.9719578 0.4145941 0.9970474 0.4145941 0.9970474 0.3330377 0.9719578 0.4145941 0.9719578 0.4145941 0.9970474 0.4145941 0.9719578 0.4421914 0.9870116 0.4421914 0.9870116 0.4145941 0.9719578 0.4584906 0.9619218 0.4421914 0.9870116 0.4584906 0.9619218 0.4584906 0.9970474 0.4584906 0.9970474 0.4584906 0.9619218 0.4961205 0.9619218 0.4961205 0.9619218 0.4584906 0.9619218 0.5149505 0.9242875 0.4961205 0.9619218 0.5149505 0.9242875 0.5151464 0.9619218 0.4961205 0.9619218 0.5151464 0.9619218 0.5149355 0.9970474 0.4961205 0.9619218 0.5149355 0.9970474 0.4961205 0.9970474 0.4961205 0.9619218 0.4961205 0.9970474 0.4584906 0.9970474 0.4007955 0.9330689 0.4584906 0.9619218 0.4145941 0.9719578 0.4007955 0.9330689 0.4145941 0.9719578 0.3440344 0.9518861 0.3440344 0.9518861 0.4145941 0.9719578 0.3330377 0.9719578 0.3819053 0.7497617 0.3583301 0.7596293 0.3592792 0.740292 0.6524999 0.2581278 0.6139511 0.2374594 0.6424221 0.2770827 0.6524999 0.2581278 0.6424221 0.2770827 0.6916663 0.2780312 0.7190526 0.239647 0.6782593 0.2583726 0.6916663 0.2780312 0.6782593 0.2583726 0.6653796 0.2582502 0.6916663 0.2780312 0.6916663 0.2780312 0.6653796 0.2582502 0.6524999 0.2581278 0.532018 0.347869 0.5920029 0.4199098 0.5921234 0.3664109 0.5921234 0.3664109 0.5920029 0.4199098 0.6143578 0.4199098 0.5921234 0.3664109 0.6143578 0.4199098 0.645932 0.3853199 0.5921234 0.3664109 0.645932 0.3853199 0.7227132 0.3665791 0.4488949 0.06368333 0.5055355 0.06299489 0.4830148 0.188703 0.4488949 0.06368333 0.4830148 0.188703 0.4338309 0.1883816 0.4338309 0.1883816 0.4830148 0.188703 0.4796103 0.2931768 0.4796103 0.2931768 0.4830148 0.188703 0.5297585 0.2845484 0.4796103 0.2931768 0.5297585 0.2845484 0.5010163 0.3014227 0.6424221 0.2770827 0.6139511 0.2374594 0.6524999 0.2581278 0.6424221 0.2770827 0.6524999 0.2581278 0.6916663 0.2780312 0.7190526 0.239647 0.6916663 0.2780312 0.6782593 0.2583726 0.6782593 0.2583726 0.6916663 0.2780312 0.6653796 0.2582502 0.6653796 0.2582502 0.6916663 0.2780312 0.6524999 0.2581278 0.532018 0.347869 0.5921234 0.3664109 0.5920029 0.4199098 0.5920029 0.4199098 0.5921234 0.3664109 0.6143578 0.4199098 0.6143578 0.4199098 0.5921234 0.3664109 0.645932 0.3853199 0.645932 0.3853199 0.5921234 0.3664109 0.7227132 0.3665791 0.9664637 0.1116747 0.9297075 0.1574785 0.9714649 0.1398087 0.9714649 0.1398087 0.9297075 0.1574785 0.9435815 0.1747354 0.9435815 0.1747354 0.9297075 0.1574785 0.9436116 0.2182444 0.9436116 0.2182444 0.9297075 0.1574785 0.8901043 0.1805183 0.9436116 0.2182444 0.8901043 0.1805183 0.8900741 0.2024716 0.9436116 0.2182444 0.8900741 0.2024716 0.8942167 0.2245627 0.9436116 0.2182444 0.8942167 0.2245627 0.9400414 0.2665114 0.9400414 0.2665114 0.8942167 0.2245627 0.8953917 0.2378572 0.9714649 0.1398087 0.9435815 0.1747354 0.9726248 0.1471368 0.9666143 0.2325485 0.9436116 0.2182444 0.9400414 0.2665114 0.9666143 0.2325485 0.9400414 0.2665114 0.9758636 0.3051249 0.9666143 0.2325485 0.9666143 0.2267658 0.9465491 0.2151541 0.9666143 0.2325485 0.9465491 0.2151541 0.9436116 0.2182444 0.9436116 0.2182444 0.9465491 0.2151541 0.946519 0.1757605 0.9436116 0.2182444 0.946519 0.1757605 0.9435815 0.1747354 0.9435815 0.1747354 0.946519 0.1757605 0.9726248 0.1471368 0.9726248 0.1471368 0.946519 0.1757605 0.9666143 0.2267658 0.9666143 0.2267658 0.946519 0.1757605 0.9465491 0.2151541 0.8953917 0.2378572 0.9352661 0.2741148 0.9400414 0.2665114 0.9400414 0.2665114 0.9352661 0.2741148 0.9758636 0.3051249 0.9352661 0.2741148 0.9336994 0.3051249 0.9758636 0.3051249 0.9758636 0.3051249 0.9336994 0.3051249 0.9297979 0.3830863 0.9758636 0.3051249 0.9297979 0.3830863 0.9761799 0.3830863 0.9761799 0.3830863 0.9297979 0.3830863 0.9761799 0.4166513 0.9761799 0.4166513 0.9297979 0.3830863 0.9297979 0.4404252 0.9761799 0.4166513 0.9297979 0.4404252 0.9761799 0.4390177 0.9761799 0.4390177 0.9297979 0.4404252 0.9297979 0.4627764 0.6970291 0.2317072 0.7065647 0.209509 0.7022562 0.2510752 0.6974357 0.2509375 0.6970291 0.2317072 0.7022562 0.2510752 0.6974357 0.2509375 0.7022562 0.2510752 0.7024672 0.2606827 0.329588 0.8581978 0.3655759 0.8252601 0.3669919 0.8312265 0.329588 0.8581978 0.3669919 0.8312265 0.3420309 0.8795852 0.3420309 0.8795852 0.3669919 0.8312265 0.3578631 0.906786 0.3578631 0.906786 0.3669919 0.8312265 0.387012 0.906786 0.1125309 0.07670241 0.04454708 0.08583563 0.0718882 0.04270905 0.03141129 0.199366 0.01801931 0.2449404 0.01816993 0.1866682 0.01801931 0.2449404 0.03141129 0.199366 0.04314613 0.2451546 0.04314613 0.2451546 0.03141129 0.199366 0.04287499 0.18676 0.8359643 0.1721805 0.8325749 0.1581823 0.8099036 0.1508238 0.7065647 0.209509 0.6924195 0.1999015 0.696547 0.2088053 0.7065647 0.209509 0.696547 0.2088053 0.6970291 0.2317072 0.7251685 0.9244558 0.7439835 0.938255 0.7439835 0.974635 0.7251685 0.9244558 0.7439835 0.974635 0.7251685 0.9934369 0.7251685 0.9244558 0.7251685 0.9934369 0.6875388 0.9946914 0.7251685 0.9244558 0.6875388 0.9946914 0.6875388 0.91442 0.6875388 0.91442 0.6875388 0.9946914 0.6712244 0.9834011 0.6875388 0.91442 0.6712244 0.9834011 0.6712244 0.9257103 0.6712244 0.9257103 0.6712244 0.9834011 0.6436272 0.9946914 0.6712244 0.9257103 0.6436272 0.9946914 0.6436272 0.9131655 0.6436272 0.9131655 0.6436272 0.9946914 0.5658668 0.9331301 0.5658668 0.9331301 0.6436272 0.9946914 0.5639838 0.9603614 0.5639838 0.9603614 0.6436272 0.9946914 0.5621008 0.9875776 0.7439835 0.938255 0.7251685 0.9244558 0.7439835 0.974635 0.7439835 0.974635 0.7251685 0.9244558 0.7251685 0.9934369 0.7251685 0.9934369 0.7251685 0.9244558 0.6875388 0.9946914 0.6875388 0.9946914 0.7251685 0.9244558 0.6875388 0.91442 0.6875388 0.9946914 0.6875388 0.91442 0.6712244 0.9834011 0.6712244 0.9834011 0.6875388 0.91442 0.6712244 0.9257103 0.6712244 0.9834011 0.6712244 0.9257103 0.6436272 0.9946914 0.6436272 0.9946914 0.6712244 0.9257103 0.6436272 0.9131655 0.6436272 0.9946914 0.6436272 0.9131655 0.5658668 0.9331301 0.6436272 0.9946914 0.5658668 0.9331301 0.5639838 0.9603614 0.6436272 0.9946914 0.5639838 0.9603614 0.5621008 0.9875776 0.7481412 0.5264337 0.7676641 0.4725369 0.7991027 0.4845461 0.7481412 0.5264337 0.7991027 0.4845461 0.7995395 0.5058265 0.3304618 0.872349 0.2897136 0.872349 0.290271 0.8982035 0.3304618 0.872349 0.290271 0.8982035 0.3304165 0.8982035 0.3304165 0.8982035 0.290271 0.8982035 0.3063292 0.9521003 0.3304165 0.8982035 0.3063292 0.9521003 0.333113 0.9521003 0.333113 0.9521003 0.3063292 0.9521003 0.3062689 0.972172 0.3062689 0.972172 0.3063292 0.9521003 0.2795605 0.9521003 0.3062689 0.972172 0.2795605 0.9521003 0.2795906 0.972172 0.3062689 0.972172 0.2795906 0.972172 0.2795454 0.9923354 0.3062689 0.972172 0.2795454 0.9923354 0.306284 0.9923354 0.3062689 0.972172 0.306284 0.9923354 0.3330226 0.9923354 0.3062689 0.972172 0.3330226 0.9923354 0.3330526 0.9719578 0.3330526 0.9719578 0.3330226 0.9923354 0.4145941 0.9970474 0.3330526 0.9719578 0.4145941 0.9970474 0.4145941 0.9719578 0.4145941 0.9719578 0.4145941 0.9970474 0.4421914 0.9870116 0.4145941 0.9719578 0.4421914 0.9870116 0.4584906 0.9619218 0.4584906 0.9619218 0.4421914 0.9870116 0.4584906 0.9970474 0.4584906 0.9619218 0.4584906 0.9970474 0.4961205 0.9970474 0.4584906 0.9619218 0.4961205 0.9970474 0.4961205 0.9619218 0.4961205 0.9619218 0.4961205 0.9970474 0.5152518 0.9619218 0.5152518 0.9619218 0.4961205 0.9970474 0.5149355 0.9971392 0.5152518 0.9619218 0.5149355 0.9971392 0.550607 0.9971392 0.5152518 0.9619218 0.550607 0.9971392 0.5505317 0.962029 0.5152518 0.9619218 0.5505317 0.962029 0.5506371 0.9243946 0.5152518 0.9619218 0.5506371 0.9243946 0.5149505 0.9242875 0.5152518 0.9619218 0.5149505 0.9242875 0.4961205 0.9619218 0.4961205 0.9619218 0.5149505 0.9242875 0.4584906 0.9619218 0.4584906 0.9619218 0.5149505 0.9242875 0.4685232 0.9305598 0.4584906 0.9619218 0.4685232 0.9305598 0.4007955 0.9330689 0.4007955 0.9330689 0.4685232 0.9305598 0.4193393 0.9144046 0.3063292 0.9521003 0.290271 0.8982035 0.2795605 0.9521003 0.3330526 0.9719578 0.333113 0.9521003 0.3062689 0.972172 0.3330526 0.9719578 0.4145941 0.9719578 0.3443507 0.9518861 0.3443507 0.9518861 0.4145941 0.9719578 0.4007955 0.9330689 0.4007955 0.9330689 0.4145941 0.9719578 0.4584906 0.9619218 0.07181292 0.7486603 0.07071322 0.7350905 0.05586004 0.739986 0.4007955 0.9330689 0.4193393 0.9144046 0.4685232 0.9305598 0.4007955 0.9330689 0.4685232 0.9305598 0.4584906 0.9619218 0.4584906 0.9619218 0.4685232 0.9305598 0.5149505 0.9242875 0.4584906 0.9619218 0.4145941 0.9719578 0.4007955 0.9330689 0.4007955 0.9330689 0.4145941 0.9719578 0.3443507 0.9518861 0.3443507 0.9518861 0.4145941 0.9719578 0.3330526 0.9719578 0.3330526 0.9719578 0.4145941 0.9719578 0.4145941 0.9970474 0.4145941 0.9970474 0.4145941 0.9719578 0.4421914 0.9870116 0.4421914 0.9870116 0.4145941 0.9719578 0.4584906 0.9619218 0.4421914 0.9870116 0.4584906 0.9619218 0.4584906 0.9970474 0.4584906 0.9970474 0.4584906 0.9619218 0.4961205 0.9970474 0.4961205 0.9970474 0.4584906 0.9619218 0.4961205 0.9619218 0.4961205 0.9970474 0.4961205 0.9619218 0.5151765 0.962029 0.5151765 0.962029 0.4961205 0.9619218 0.5149505 0.9242875 0.5151765 0.962029 0.5149505 0.9242875 0.5506371 0.9243946 0.5151765 0.962029 0.5506371 0.9243946 0.5505317 0.962029 0.5151765 0.962029 0.5505317 0.962029 0.550607 0.9971392 0.5151765 0.962029 0.550607 0.9971392 0.5149355 0.9971392 0.5151765 0.962029 0.5149355 0.9971392 0.4961205 0.9970474 0.4961205 0.9619218 0.4584906 0.9619218 0.5149505 0.9242875 0.4145941 0.9970474 0.3330678 0.9920295 0.3330526 0.9719578 0.3330526 0.9719578 0.3330678 0.9920295 0.3062689 0.972172 0.3330526 0.9719578 0.3062689 0.972172 0.333113 0.9521003 0.3062689 0.972172 0.3330678 0.9920295 0.306284 0.9923354 0.3062689 0.972172 0.306284 0.9923354 0.2795454 0.9923354 0.3062689 0.972172 0.2795454 0.9923354 0.2795906 0.972172 0.3062689 0.972172 0.2795906 0.972172 0.2795605 0.9521003 0.3062689 0.972172 0.2795605 0.9521003 0.3063292 0.9521003 0.3063292 0.9521003 0.2795605 0.9521003 0.290271 0.8982035 0.3063292 0.9521003 0.290271 0.8982035 0.3304165 0.8982035 0.3304165 0.8982035 0.290271 0.8982035 0.3304618 0.872349 0.3304618 0.872349 0.290271 0.8982035 0.2897136 0.872349 0.3062689 0.972172 0.3063292 0.9521003 0.333113 0.9521003 0.333113 0.9521003 0.3063292 0.9521003 0.3304165 0.8982035 0.3943331 0.2004064 0.3571853 0.210641 0.3839539 0.2282344 0.3839539 0.2282344 0.3571853 0.210641 0.3582699 0.2325944 0.3582699 0.2325944 0.3571853 0.210641 0.3330377 0.2282344 0.3330377 0.2282344 0.3571853 0.210641 0.3210467 0.2004064 0.3210467 0.2004064 0.3571853 0.210641 0.3379485 0.2004064 0.3571853 0.210641 0.3860328 0.2004064 0.373846 0.2004064 0.3981142 0.2966036 0.3986263 0.3074502 0.4088096 0.3579508 0.3981142 0.2966036 0.4088096 0.3579508 0.4167031 0.3579967 0.3991385 0.3182817 0.402091 0.3578284 0.4088096 0.3579508 0.402091 0.3578284 0.4043958 0.4345048 0.4088096 0.3579508 0.4088096 0.3579508 0.4043958 0.4345048 0.4167031 0.3579967 0.7481412 0.5264337 0.7995395 0.5058265 0.7744128 0.5436292 0.5010163 0.3014227 0.5297585 0.2845484 0.5522941 0.3307194 0.5010163 0.3014227 0.5522941 0.3307194 0.4789023 0.3147018 0.5010163 0.3014227 0.4789023 0.3147018 0.4796103 0.2931768 0.4796103 0.2931768 0.4789023 0.3147018 0.4338309 0.1883816 0.4338309 0.1883816 0.4789023 0.3147018 0.4238435 0.1883205 0.4338309 0.1883816 0.4238435 0.1883205 0.4488949 0.06368333 0.4488949 0.06368333 0.4238435 0.1883205 0.4391936 0.05390757 0.4488949 0.06368333 0.4391936 0.05390757 0.5055355 0.06299489 0.5055355 0.06299489 0.4391936 0.05390757 0.5071625 0.05390757 0.5071625 0.05390757 0.4391936 0.05390757 0.5124198 0.01276981 0.8864889 0.3781296 0.8943372 0.350378 0.8774204 0.3781296 0.8774204 0.3781296 0.8943372 0.350378 0.8898029 0.350378 0.8898029 0.350378 0.8943372 0.350378 0.8700842 0.3171649 0.8700842 0.3171649 0.8943372 0.350378 0.879454 0.3128354 0.8700842 0.3171649 0.879454 0.3128354 0.861784 0.3068996 0.8700842 0.3171649 0.861784 0.3068996 0.8523991 0.3171649 0.8523991 0.3171649 0.861784 0.3068996 0.8440988 0.3128354 0.8523991 0.3171649 0.8440988 0.3128354 0.8292156 0.350378 0.8523991 0.3171649 0.8292156 0.350378 0.8364463 0.35125 0.8364463 0.35125 0.8292156 0.350378 0.8507421 0.3781296 0.8507421 0.3781296 0.8292156 0.350378 0.8409956 0.3781296 0.5124198 0.01276981 0.4391936 0.05390757 0.5071625 0.05390757 0.5071625 0.05390757 0.4391936 0.05390757 0.5055355 0.06299489 0.5055355 0.06299489 0.4391936 0.05390757 0.4488949 0.06368333 0.4488949 0.06368333 0.4391936 0.05390757 0.4238435 0.1883205 0.4488949 0.06368333 0.4238435 0.1883205 0.4338309 0.1883816 0.4338309 0.1883816 0.4238435 0.1883205 0.4789023 0.3147018 0.4338309 0.1883816 0.4789023 0.3147018 0.4796103 0.2931768 0.4796103 0.2931768 0.4789023 0.3147018 0.5010163 0.3014227 0.5010163 0.3014227 0.4789023 0.3147018 0.5522941 0.3307194 0.5010163 0.3014227 0.5522941 0.3307194 0.5297585 0.2845484 0.5010163 0.3014227 0.5297585 0.2845484 0.5297585 0.2845484 0.5010163 0.3014227 0.5297585 0.2845484 0.5010163 0.3014227 0.4796103 0.2931768 0.5010163 0.3014227 0.5297585 0.2845484 0.4796103 0.2931768 0.5297585 0.2845484 0.4830148 0.188703 0.4796103 0.2931768 0.4830148 0.188703 0.4338309 0.1883816 0.4338309 0.1883816 0.4830148 0.188703 0.4488949 0.06368333 0.4488949 0.06368333 0.4830148 0.188703 0.5055355 0.06299489 0.4830148 0.188703 0.4830148 0.188703 0.5055355 0.06299489 0.5055355 0.06299489 0.4830148 0.188703 0.5055355 0.06299489 0.6924195 0.1999015 0.7065647 0.209509 0.696547 0.2088053 0.696547 0.2088053 0.7065647 0.209509 0.6970291 0.2317072 0.3364421 0.5547054 0.2767586 0.565858 0.336412 0.565858 0.2768038 0.5547054 0.3364421 0.5547054 0.3365476 0.5426042 0.2768038 0.5547054 0.3365476 0.5426042 0.2768038 0.5428337 0.2768038 0.5428337 0.2266557 0.5427419 0.2768038 0.5547054 0.97267 0.026156 0.9726248 0.04469782 0.8874982 0.006573855 0.3819053 0.7497617 0.3592792 0.740292 0.3583301 0.7596293 0.8291855 0.1441689 0.748111 0.07503485 0.8325749 0.1581823 0.654172 0.2315542 0.65723 0.212018 0.6431301 0.2508916 0.654172 0.2315542 0.6431301 0.2508916 0.6415634 0.2608816 0.654172 0.2315542 0.6415634 0.2608816 0.6510236 0.2515342 0.8942922 0.350378 0.8864437 0.3781296 0.8773752 0.3781296 0.8942922 0.350378 0.8773752 0.3781296 0.8897729 0.35125 0.8942922 0.350378 0.8897729 0.35125 0.8700391 0.3171649 0.8942922 0.350378 0.8700391 0.3171649 0.8794088 0.3128354 0.8794088 0.3128354 0.8700391 0.3171649 0.8617388 0.3068996 0.8617388 0.3068996 0.8700391 0.3171649 0.8523538 0.3171649 0.8617388 0.3068996 0.8523538 0.3171649 0.8440536 0.3128354 0.8440536 0.3128354 0.8523538 0.3171649 0.8291704 0.350378 0.8291704 0.350378 0.8523538 0.3171649 0.8364011 0.35125 0.8291704 0.350378 0.8364011 0.35125 0.850697 0.3781296 0.8291704 0.350378 0.850697 0.3781296 0.8409504 0.3781296 0.3571853 0.210641 0.3943331 0.2004064 0.3839539 0.2282344 0.3571853 0.210641 0.3839539 0.2282344 0.3582699 0.2325944 0.3571853 0.210641 0.3582699 0.2325944 0.3330377 0.2282344 0.3571853 0.210641 0.3330377 0.2282344 0.3210467 0.2004064 0.3571853 0.210641 0.3210467 0.2004064 0.3379485 0.2004064 0.3860328 0.2004064 0.3571853 0.210641 0.373846 0.2004064 0.6510236 0.2515342 0.6415634 0.2608816 0.654172 0.2315542 0.654172 0.2315542 0.6415634 0.2608816 0.6431301 0.2508916 0.654172 0.2315542 0.6431301 0.2508916 0.65723 0.212018 0.7022562 0.2510752 0.7065647 0.209509 0.6970291 0.2317072 0.7022562 0.2510752 0.6970291 0.2317072 0.6974357 0.2509375 0.7022562 0.2510752 0.6974357 0.2509375 0.7024672 0.2606827 0.8602173 0.4083748 0.8807044 0.4083748 0.8997151 0.3959065 0.8602173 0.4083748 0.8207195 0.3959065 0.8397303 0.4083748 0.3986263 0.3074502 0.3991385 0.3182817 0.4088096 0.3579508 0.3981142 0.2966036 0.4167031 0.3579967 0.4080865 0.3034115 0.3991385 0.3182817 0.3986263 0.3074502 0.4088096 0.3579508 0.6601825 0.2186574 0.6572601 0.2273011 0.6655755 0.2349199 0.6601674 0.2186574 0.6655755 0.2349199 0.657245 0.2273011 0.3330377 0.2282344 0.3210467 0.2004064 0.3349207 0.223752 0.3349207 0.223752 0.3210467 0.2004064 0.3370898 0.1692125 0.3370898 0.1692125 0.3210467 0.2004064 0.3310643 0.1600489 0.128333 0.3962429 0.1562617 0.4134845 0.1676952 0.4447394 0.1676952 0.4447394 0.1562617 0.4134845 0.1816745 0.4533831 0.4830148 0.188703 0.5297585 0.2845484 0.4830148 0.188703 0.4830148 0.188703 0.5297585 0.2845484 0.5297585 0.2845484 0.01816993 0.1866682 0.01801931 0.2449404 0.03141129 0.199366 0.03141129 0.199366 0.01801931 0.2449404 0.04314613 0.2451546 0.03141129 0.199366 0.04314613 0.2451546 0.04287499 0.18676 0.7947944 0.75608 0.8090901 0.7595222 0.8096776 0.7633162 0.7947944 0.75608 0.8096776 0.7633162 0.7930318 0.7595222 0.04088652 0.8080951 0.02648532 0.7964835 0.0219962 0.8087834 0.8807044 0.4083748 0.8602173 0.4083748 0.8397303 0.4083748 0.9388664 0.998623 0.9388664 0.9671235 0.8783242 0.998623 0.8783242 0.998623 0.9388664 0.9671235 0.8783242 0.9671235 0.9379475 0.9984701 0.8780832 0.9984701 0.9379475 0.9672917 0.9379475 0.9672917 0.8780832 0.9984701 0.8780832 0.9672917 0.8779476 0.9674447 0.8779476 0.9983172 0.9380831 0.9674447 0.9380831 0.9674447 0.8779476 0.9983172 0.9380831 0.9983172 0.8783242 0.9665268 0.8783242 0.998623 0.9379475 0.9665268 0.9379475 0.9665268 0.8783242 0.998623 0.9379475 0.998623 0.8783242 0.9665268 0.8783242 0.998623 0.9379475 0.9665268 0.9379475 0.9665268 0.8783242 0.998623 0.9379475 0.998623 0.8783242 0.9665268 0.8783242 0.998623 0.9379475 0.9665268 0.9379475 0.9665268 0.8783242 0.998623 0.9379475 0.998623 0.8783242 0.9665268 0.9379475 0.9665268 0.8783242 0.998623 0.8783242 0.998623 0.9379475 0.9665268 0.9379475 0.998623 0.8783242 0.9665268 0.9379475 0.9665268 0.8783242 0.998623 0.8783242 0.998623 0.9379475 0.9665268 0.9379475 0.998623 0.8783242 0.9665268 0.9379475 0.9665268 0.8783242 0.998623 0.8783242 0.998623 0.9379475 0.9665268 0.9379475 0.998623 0.8783242 0.9665268 0.8783242 0.998623 0.9379475 0.9665268 0.9379475 0.9665268 0.8783242 0.998623 0.9379475 0.998623 0.8783242 0.9665268 0.8783242 0.998623 0.9379475 0.9665268 0.9379475 0.9665268 0.8783242 0.998623 0.9379475 0.998623 0.8783242 0.9665268 0.8783242 0.998623 0.9379475 0.9665268 0.9379475 0.9665268 0.8783242 0.998623 0.9379475 0.998623 0.8783242 0.9665268 0.9382036 0.9665268 0.8783242 0.998623 0.8783242 0.998623 0.9382036 0.9665268 0.9382036 0.998623 0.8783242 0.9665268 0.9382036 0.9665268 0.8783242 0.998623 0.8783242 0.998623 0.9382036 0.9665268 0.9382036 0.998623 0.8783242 0.9671235 0.8783242 0.998623 0.9388664 0.9671235 0.9388664 0.9671235 0.8783242 0.998623 0.9388664 0.998623 0.007503986 4.9901e-4 0.992496 4.9901e-4 0.992496 0.999501 5.39e-4 0.999501 5.39e-4 4.9901e-4 0.995046 0.999501 5.39e-4 4.9901e-4 0.995046 4.9901e-4 0.995046 0.999501 0.007503986 0.999501 0.007503986 4.9901e-4 0.992496 0.999501 0.007503986 0.999501 0.007503986 4.9901e-4 0.992496 0.999501 0.007503986 4.9901e-4 0.992496 4.9901e-4 0.992496 0.999501 0.00276798 4.9901e-4 0.00276798 0.999501 0.997232 0.999501 0.997232 4.9901e-4 0.00276798 4.9901e-4 0.997232 0.999501</float_array>
          <technique_common>
            <accessor source="#chest_base-mesh-map-0-array" count="4986" stride="2">
              <param name="S" type="float"/>
              <param name="T" type="float"/>
            </accessor>
          </technique_common>
        </source>
        <vertices id="chest_base-mesh-vertices">
          <input semantic="POSITION" source="#chest_base-mesh-positions"/>
        </vertices>
        <triangles material="light_shield_generator-material" count="2">
          <input semantic="VERTEX" source="#chest_base-mesh-vertices" offset="0"/>
          <input semantic="NORMAL" source="#chest_base-mesh-normals" offset="1"/>
          <input semantic="TEXCOORD" source="#chest_base-mesh-map-0" offset="2" set="0"/>
          <p>0 0 0 1 0 1 2 0 2 2 1 3 1 1 4 3 1 5</p>
        </triangles>
        <triangles material="armor_fixed-material" count="1622">
          <input semantic="VERTEX" source="#chest_base-mesh-vertices" offset="0"/>
          <input semantic="NORMAL" source="#chest_base-mesh-normals" offset="1"/>
          <input semantic="TEXCOORD" source="#chest_base-mesh-map-0" offset="2" set="0"/>
          <p>35 2 6 6 3 7 32 4 8 32 4 9 6 3 10 30 5 11 30 5 12 6 3 13 8 6 14 8 6 15 6 3 16 7 7 17 8 6 18 7 7 19 9 8 20 5 9 21 7 7 22 6 3 23 5 9 24 6 3 25 4 10 26 34 11 27 4 12 28 32 4 29 34 11 30 32 4 31 33 13 32 33 13 33 32 4 34 31 14 35 31 14 36 32 4 37 30 5 38 31 14 39 30 5 40 29 15 41 29 15 42 30 5 43 28 16 44 29 15 45 28 16 46 27 17 47 27 17 48 28 16 49 26 18 50 1714 19 51 31 14 52 1354 20 53 1354 20 54 31 14 55 29 15 56 1354 20 57 29 15 58 27 17 59 191 21 60 190 22 61 36 23 62 36 24 63 15 25 64 8 6 65 8 6 66 15 25 67 30 5 68 30 5 69 15 25 70 28 16 71 28 16 72 15 25 73 13 26 74 13 26 75 15 25 76 14 27 77 13 26 78 14 27 79 12 28 80 12 28 81 14 27 82 1861 29 83 12 28 84 1861 29 85 1862 30 86 12 28 87 1862 30 88 10 31 89 10 31 90 1862 30 91 1864 32 92 1864 32 93 1862 30 94 1863 33 95 1863 33 96 1862 30 97 184 34 98 184 34 99 1862 30 100 186 35 101 186 35 102 1862 30 103 1861 29 104 186 35 105 1861 29 106 9 36 107 9 36 108 1861 29 109 14 27 110 9 36 111 14 27 112 15 25 113 11 37 114 25 38 115 13 26 116 11 37 117 13 26 118 12 28 119 11 37 120 12 28 121 10 31 122 186 35 123 9 36 124 187 39 125 186 35 126 187 39 127 185 40 128 186 35 129 185 40 130 184 34 131 184 34 132 185 40 133 183 41 134 222 42 135 185 43 136 221 44 137 221 44 138 185 43 139 223 45 140 221 44 141 223 45 142 487 46 143 487 46 144 223 45 145 658 47 146 224 48 147 187 49 148 223 50 149 223 50 150 187 49 151 225 51 152 183 52 153 221 44 154 486 53 155 486 53 156 221 44 157 487 46 158 486 53 159 487 46 160 488 54 161 488 54 162 487 46 163 489 55 164 488 54 165 489 55 166 490 56 167 490 56 168 489 55 169 491 57 170 490 56 171 491 57 172 492 58 173 490 56 174 492 58 175 506 59 176 506 59 177 492 58 178 505 60 179 490 56 180 506 59 181 488 54 182 491 57 183 489 55 184 507 61 185 491 57 186 507 61 187 495 62 188 495 62 189 507 61 190 560 63 191 495 62 192 560 63 193 561 64 194 561 64 195 560 63 196 579 65 197 561 64 198 579 65 199 578 66 200 561 64 201 578 66 202 577 67 203 577 67 204 578 66 205 576 68 206 507 61 207 556 69 208 560 63 209 580 70 210 579 65 211 560 63 212 1784 71 213 579 72 214 583 73 215 583 74 216 581 75 217 582 76 218 583 74 219 582 76 220 584 77 221 552 78 222 582 79 223 594 80 224 552 78 225 594 80 226 555 81 227 552 78 228 555 81 229 487 82 230 557 83 231 487 84 232 556 85 233 558 86 234 556 87 235 559 88 236 554 89 237 553 90 238 552 91 239 552 92 240 593 93 241 580 94 242 580 94 243 593 93 244 585 95 245 580 94 246 585 95 247 584 96 248 593 93 249 547 97 250 585 95 251 501 98 252 500 99 253 502 100 254 502 100 255 500 99 256 503 101 257 503 102 258 567 103 259 941 104 260 941 104 261 567 103 262 569 105 263 569 105 264 567 103 265 546 106 266 546 106 267 567 103 268 568 107 269 546 106 270 568 107 271 543 108 272 546 106 273 543 108 274 547 109 275 500 110 276 483 111 277 499 112 278 517 113 279 483 114 280 482 115 281 482 115 282 483 114 283 484 116 284 484 116 285 483 114 286 485 117 287 485 117 288 483 114 289 1741 118 290 483 119 291 504 120 292 496 121 293 496 121 294 504 120 295 505 60 296 496 121 297 505 60 298 492 58 299 496 121 300 492 58 301 495 122 302 498 123 303 483 119 304 496 121 305 498 123 306 496 121 307 497 124 308 498 123 309 497 124 310 561 125 311 498 123 312 561 125 313 562 126 314 498 123 315 562 126 316 563 127 317 563 127 318 562 126 319 564 128 320 563 127 321 564 128 322 565 129 323 565 129 324 564 128 325 566 130 326 565 129 327 566 130 328 567 131 329 573 132 330 572 133 331 566 130 332 573 132 333 566 130 334 564 128 335 543 134 336 566 135 337 545 136 338 543 134 339 545 136 340 544 137 341 543 138 342 541 139 343 542 140 344 542 141 345 587 142 346 586 143 347 586 143 348 587 142 349 584 144 350 548 145 351 592 146 352 586 147 353 1785 148 354 1782 149 355 548 150 356 1781 151 357 1782 152 358 1783 153 359 549 154 360 546 155 361 548 156 362 570 157 363 549 158 364 569 159 365 569 159 366 549 158 367 571 160 368 571 160 369 549 158 370 551 161 371 571 160 372 551 161 373 487 162 374 550 163 375 552 164 376 551 161 377 550 163 378 551 161 379 549 158 380 550 163 381 549 158 382 547 165 383 16 166 384 17 167 385 18 168 386 16 166 387 18 168 388 19 169 389 19 169 390 18 168 391 20 170 392 19 171 393 21 172 394 22 173 395 22 174 396 20 175 397 23 176 398 22 174 399 23 176 400 24 177 401 1019 178 402 1020 179 403 16 180 404 1019 178 405 16 180 406 1018 181 407 1018 181 408 16 180 409 1016 182 410 1018 181 411 1016 182 412 1017 183 413 1018 181 414 1017 183 415 1028 184 416 1028 184 417 1017 183 418 1711 185 419 1028 184 420 1711 185 421 1033 186 422 1028 184 423 1033 186 424 1026 187 425 1028 184 426 1026 187 427 1027 188 428 1028 184 429 1027 188 430 1029 189 431 1029 189 432 1027 188 433 1179 190 434 1029 189 435 1179 190 436 1018 181 437 1018 181 438 1179 190 439 1019 178 440 1028 184 441 1029 189 442 1018 181 443 1178 191 444 1179 190 445 1027 188 446 1178 191 447 1027 188 448 1032 192 449 1032 192 450 1027 188 451 1031 193 452 1032 192 453 1031 193 454 392 194 455 392 194 456 1031 193 457 1030 195 458 392 194 459 1030 195 460 390 196 461 390 196 462 1030 195 463 1033 197 464 1027 188 465 1030 195 466 1031 193 467 394 198 468 1032 192 469 392 194 470 394 198 471 392 194 472 393 199 473 393 199 474 392 194 475 391 200 476 391 200 477 392 194 478 390 196 479 394 198 480 393 199 481 395 201 482 39 202 483 37 203 484 38 204 485 39 202 486 38 204 487 5 205 488 42 206 489 40 207 490 41 208 491 192 209 492 40 210 493 193 211 494 155 212 495 40 213 496 194 214 497 155 212 498 194 214 499 158 215 500 155 212 501 158 215 502 157 216 503 157 216 504 158 215 505 159 217 506 159 217 507 158 215 508 160 218 509 156 219 510 155 212 511 157 216 512 304 220 513 157 221 514 163 222 515 304 220 516 163 222 517 164 223 518 164 223 519 163 222 520 162 224 521 162 224 522 163 222 523 160 225 524 162 224 525 160 225 526 161 226 527 1160 227 528 1415 228 529 304 220 530 1160 227 531 304 220 532 303 229 533 303 229 534 304 220 535 164 223 536 205 230 537 1415 228 538 1160 227 539 206 231 540 204 232 541 205 233 542 207 234 543 204 235 544 1414 236 545 1160 227 546 303 229 547 302 237 548 1160 227 549 302 237 550 207 238 551 207 238 552 302 237 553 208 239 554 207 238 555 208 239 556 206 240 557 206 240 558 208 239 559 209 241 560 209 241 561 208 239 562 210 242 563 209 241 564 210 242 565 211 243 566 209 241 567 211 243 568 1163 244 569 1163 244 570 211 243 571 655 245 572 1163 244 573 655 245 574 1155 246 575 1155 246 576 655 245 577 1797 247 578 1155 246 579 1162 248 580 1163 244 581 655 249 582 656 250 583 213 251 584 655 249 585 213 251 586 657 252 587 657 252 588 213 251 589 220 253 590 220 253 591 213 251 592 217 254 593 220 253 594 217 254 595 219 255 596 219 255 597 217 254 598 218 256 599 1156 257 600 219 258 601 1155 259 602 1155 259 603 219 258 604 1157 260 605 1155 259 606 1157 260 607 1161 261 608 1157 260 609 219 258 610 216 262 611 1157 260 612 216 262 613 1158 263 614 1158 263 615 216 262 616 214 264 617 214 264 618 216 262 619 215 265 620 214 264 621 215 265 622 212 266 623 212 266 624 215 265 625 213 251 626 212 266 627 213 251 628 211 243 629 212 266 630 211 243 631 210 242 632 212 266 633 210 242 634 214 264 635 214 264 636 210 242 637 1159 267 638 214 264 639 1159 267 640 1158 263 641 1158 263 642 1159 267 643 300 268 644 300 268 645 1159 267 646 302 237 647 302 237 648 1159 267 649 208 239 650 208 239 651 1159 267 652 210 242 653 216 262 654 217 254 655 215 265 656 215 265 657 217 254 658 213 251 659 299 269 660 300 270 661 301 271 662 165 272 663 301 273 664 303 229 665 165 272 666 303 229 667 164 223 668 165 272 669 164 223 670 162 224 671 165 272 672 162 224 673 166 274 674 165 272 675 166 274 676 167 275 677 165 272 678 167 275 679 302 276 680 169 277 681 167 278 682 168 279 683 169 277 684 168 279 685 170 280 686 1158 281 687 169 282 688 171 283 689 1158 281 690 171 283 691 1199 284 692 1199 284 693 171 283 694 1200 285 695 1199 284 696 1200 285 697 1198 286 698 1199 284 699 1198 286 700 1197 287 701 1197 287 702 1198 286 703 1195 288 704 1197 287 705 1195 288 706 1196 289 707 172 290 708 171 291 709 166 274 710 172 290 711 166 274 712 162 224 713 1646 292 714 1644 293 715 1645 294 716 1646 295 717 162 224 718 1643 296 719 1643 296 720 162 224 721 1641 297 722 1643 296 723 1641 297 724 1642 298 725 1642 298 726 1641 297 727 1640 299 728 1640 299 729 1641 297 730 161 226 731 161 226 732 1641 297 733 162 224 734 1639 300 735 161 301 736 1638 302 737 1638 302 738 161 301 739 1636 303 740 1638 302 741 1636 303 742 1637 304 743 47 305 744 52 306 745 53 307 746 47 305 747 53 307 748 54 308 749 47 305 750 54 308 751 51 309 752 51 309 753 54 308 754 961 310 755 961 310 756 54 308 757 967 311 758 967 311 759 54 308 760 966 312 761 966 312 762 54 308 763 965 313 764 48 314 765 49 315 766 50 316 767 51 309 768 50 317 769 47 305 770 47 318 771 46 319 772 45 320 773 45 320 774 46 319 775 43 321 776 45 320 777 43 321 778 44 322 779 967 323 780 981 324 781 982 325 782 976 326 783 974 327 784 975 328 785 975 328 786 974 327 787 973 329 788 975 328 789 973 329 790 967 311 791 967 311 792 973 329 793 968 330 794 967 311 795 968 330 796 961 310 797 973 329 798 974 327 799 972 331 800 973 329 801 972 331 802 970 332 803 970 332 804 972 331 805 971 333 806 970 332 807 971 333 808 963 334 809 970 332 810 963 334 811 969 335 812 969 335 813 963 334 814 962 336 815 969 335 816 962 336 817 968 330 818 968 330 819 962 336 820 961 310 821 961 310 822 962 336 823 51 309 824 51 309 825 962 336 826 954 337 827 973 329 828 970 332 829 968 330 830 968 330 831 970 332 832 969 335 833 963 334 834 964 338 835 962 336 836 955 339 837 956 340 838 954 341 839 955 339 840 954 341 841 1760 342 842 1658 343 843 1657 344 844 955 345 845 957 346 846 958 347 847 51 348 848 51 348 849 958 347 850 959 349 851 959 349 852 958 347 853 960 350 854 958 351 855 1234 352 856 1236 353 857 1236 353 858 1234 352 859 1230 354 860 1236 353 861 1230 354 862 1237 355 863 1237 355 864 1230 354 865 1229 356 866 1237 355 867 1229 356 868 1228 357 869 1237 355 870 1228 357 871 1238 358 872 1238 358 873 1228 357 874 1225 359 875 1238 358 876 1225 359 877 959 360 878 959 360 879 1225 359 880 949 361 881 949 361 882 1225 359 883 1224 362 884 949 361 885 1224 362 886 69 363 887 949 361 888 69 363 889 947 364 890 949 361 891 947 364 892 948 365 893 948 365 894 947 364 895 46 366 896 46 366 897 947 364 898 70 367 899 70 367 900 947 364 901 69 363 902 70 367 903 69 363 904 57 368 905 57 368 906 69 363 907 68 369 908 57 368 909 68 369 910 62 370 911 62 370 912 68 369 913 64 371 914 62 370 915 64 371 916 63 372 917 62 370 918 63 372 919 61 373 920 62 370 921 61 373 922 57 368 923 57 368 924 61 373 925 55 374 926 57 368 927 55 374 928 44 322 929 44 322 930 55 374 931 56 375 932 960 376 933 1236 353 934 1237 355 935 1238 377 936 1829 378 937 1236 379 938 1227 380 939 1225 359 940 1228 357 941 959 360 942 949 361 943 948 365 944 959 360 945 948 365 946 1239 381 947 1810 382 948 1809 383 949 68 384 950 44 322 951 43 321 952 57 368 953 57 368 954 43 321 955 58 385 956 58 386 957 59 387 958 60 388 959 72 389 960 71 390 961 69 391 962 73 392 963 74 393 964 72 394 965 72 394 966 74 393 967 75 395 968 1224 396 969 1226 397 970 75 398 971 451 399 972 452 400 973 453 401 974 451 399 975 453 401 976 454 402 977 454 402 978 453 401 979 455 403 980 454 402 981 455 403 982 456 404 983 456 404 984 455 403 985 457 405 986 456 404 987 457 405 988 75 406 989 456 404 990 75 406 991 458 407 992 458 407 993 75 406 994 1228 357 995 458 407 996 1228 357 997 1229 356 998 458 407 999 1229 356 1000 460 408 1001 458 407 1002 460 408 1003 459 409 1004 459 409 1005 460 408 1006 461 410 1007 459 409 1008 461 410 1009 451 399 1010 459 409 1011 451 399 1012 454 402 1013 459 409 1014 454 402 1015 456 404 1016 459 409 1017 456 404 1018 458 407 1019 462 411 1020 461 410 1021 460 408 1022 462 411 1023 460 408 1024 463 412 1025 463 412 1026 460 408 1027 464 413 1028 464 413 1029 460 408 1030 1230 354 1031 464 413 1032 1230 354 1033 1231 414 1034 1231 414 1035 1230 354 1036 1232 415 1037 1231 414 1038 1232 415 1039 1233 416 1040 1233 416 1041 1232 415 1042 1234 352 1043 1233 416 1044 1234 352 1045 1235 417 1046 1233 416 1047 1235 417 1048 1649 418 1049 1233 416 1050 1649 418 1051 1656 419 1052 1230 354 1053 460 408 1054 1229 356 1055 1234 352 1056 1232 415 1057 1230 354 1058 1233 416 1059 1655 420 1060 1231 414 1061 1647 421 1062 1648 422 1063 1649 423 1064 1649 423 1065 1648 422 1066 1650 424 1067 1649 423 1068 1650 424 1069 1651 425 1070 1651 425 1071 1650 424 1072 1652 426 1073 1651 425 1074 1652 426 1075 1653 427 1076 1651 425 1077 1653 427 1078 1654 428 1079 1651 425 1080 1654 428 1081 1655 429 1082 1651 425 1083 1655 429 1084 1649 423 1085 65 430 1086 1780 431 1087 63 372 1088 65 430 1089 63 372 1090 64 371 1091 67 432 1092 65 433 1093 66 434 1094 1610 435 1095 1611 436 1096 1609 437 1097 1609 437 1098 1611 436 1099 1612 438 1100 1612 438 1101 1611 436 1102 64 439 1103 64 439 1104 1611 436 1105 1613 440 1106 1613 440 1107 1611 436 1108 1614 441 1109 77 442 1110 78 443 1111 76 444 1112 76 444 1113 78 443 1114 79 445 1115 79 445 1116 78 443 1117 80 446 1118 81 447 1119 82 448 1120 83 449 1121 83 449 1122 82 448 1123 84 450 1124 83 449 1125 84 450 1126 85 451 1127 87 452 1128 86 453 1129 84 454 1130 85 455 1131 87 456 1132 88 457 1133 88 457 1134 87 456 1135 89 458 1136 90 459 1137 91 460 1138 82 461 1139 82 461 1140 91 460 1141 92 462 1142 82 461 1143 92 462 1144 93 463 1145 93 463 1146 92 462 1147 94 464 1148 94 464 1149 92 462 1150 99 465 1151 94 464 1152 99 465 1153 103 466 1154 103 466 1155 99 465 1156 102 467 1157 102 467 1158 99 465 1159 98 468 1160 98 468 1161 99 465 1162 97 469 1163 97 469 1164 99 465 1165 100 470 1166 97 469 1167 100 470 1168 1241 471 1169 1241 471 1170 100 470 1171 92 462 1172 1241 471 1173 92 462 1174 91 460 1175 101 472 1176 100 470 1177 99 465 1178 1241 471 1179 1240 473 1180 97 469 1181 97 469 1182 1240 473 1183 1044 474 1184 97 469 1185 1044 474 1186 1311 475 1187 1311 475 1188 1044 474 1189 1043 476 1190 1311 475 1191 1043 476 1192 1310 477 1193 1310 477 1194 1043 476 1195 1312 478 1196 1310 477 1197 1312 478 1198 102 479 1199 1311 475 1200 1310 477 1201 97 469 1202 1044 474 1203 1045 480 1204 1043 476 1205 1043 476 1206 1045 480 1207 1046 481 1208 1043 476 1209 1046 481 1210 1313 482 1211 1043 476 1212 1313 482 1213 1312 478 1214 1047 483 1215 1046 481 1216 1045 480 1217 95 484 1218 94 485 1219 96 486 1220 106 487 1221 104 488 1222 105 489 1223 106 487 1224 105 489 1225 107 490 1226 119 491 1227 107 492 1228 120 493 1229 119 491 1230 120 493 1231 121 494 1232 121 494 1233 120 493 1234 122 495 1235 121 494 1236 122 495 1237 123 496 1238 123 496 1239 122 495 1240 124 497 1241 123 496 1242 124 497 1243 125 498 1244 125 498 1245 124 497 1246 126 499 1247 125 498 1248 953 500 1249 123 496 1250 123 496 1251 953 500 1252 1389 501 1253 123 496 1254 1389 501 1255 121 494 1256 121 494 1257 1389 501 1258 1391 502 1259 121 494 1260 1391 502 1261 119 491 1262 1390 503 1263 1391 502 1264 1389 501 1265 1390 503 1266 1389 501 1267 1388 504 1268 1388 504 1269 1389 501 1270 953 500 1271 1388 504 1272 953 500 1273 1387 505 1274 1388 504 1275 1387 505 1276 1457 506 1277 1457 506 1278 1387 505 1279 944 507 1280 1457 506 1281 944 507 1282 1458 508 1283 1457 506 1284 1458 508 1285 1459 509 1286 1457 506 1287 1459 509 1288 1388 504 1289 1388 504 1290 1459 509 1291 1390 503 1292 1390 503 1293 1459 509 1294 1463 510 1295 1390 503 1296 1463 510 1297 1391 502 1298 1391 502 1299 1463 510 1300 1465 511 1301 1391 502 1302 1465 511 1303 119 491 1304 119 491 1305 1465 511 1306 349 512 1307 349 512 1308 1465 511 1309 1463 510 1310 349 512 1311 1463 510 1312 1464 513 1313 1458 508 1314 1710 514 1315 624 515 1316 1458 508 1317 624 515 1318 623 516 1319 623 516 1320 624 515 1321 610 517 1322 623 516 1323 610 517 1324 622 518 1325 623 516 1326 622 518 1327 620 519 1328 620 519 1329 622 518 1330 621 520 1331 620 519 1332 621 520 1333 619 521 1334 620 519 1335 619 521 1336 618 522 1337 618 522 1338 619 521 1339 617 523 1340 618 522 1341 1462 524 1342 620 519 1343 620 519 1344 1462 524 1345 1460 525 1346 620 519 1347 1460 525 1348 623 516 1349 623 516 1350 1460 525 1351 1458 508 1352 1458 508 1353 1460 525 1354 1459 509 1355 1459 509 1356 1460 525 1357 1461 526 1358 1459 509 1359 1461 526 1360 1463 510 1361 1463 510 1362 1461 526 1363 342 527 1364 1463 510 1365 342 527 1366 344 528 1367 344 528 1368 342 527 1369 343 529 1370 344 528 1371 343 529 1372 348 530 1373 344 528 1374 348 530 1375 349 531 1376 349 531 1377 348 530 1378 350 532 1379 350 532 1380 348 530 1381 354 533 1382 354 533 1383 348 530 1384 352 534 1385 1460 525 1386 1462 524 1387 1461 526 1388 1461 526 1389 1462 524 1390 342 527 1391 346 535 1392 347 536 1393 348 537 1394 353 538 1395 351 539 1396 352 540 1397 434 541 1398 433 542 1399 352 543 1400 439 544 1401 440 545 1402 441 546 1403 439 544 1404 441 546 1405 442 547 1406 442 547 1407 441 546 1408 443 548 1409 443 548 1410 441 546 1411 431 549 1412 443 548 1413 431 549 1414 430 550 1415 430 550 1416 431 549 1417 432 551 1418 432 551 1419 431 549 1420 433 552 1421 433 552 1422 431 549 1423 439 553 1424 433 552 1425 439 553 1426 438 554 1427 433 552 1428 438 554 1429 436 555 1430 433 552 1431 436 555 1432 435 556 1433 435 556 1434 436 555 1435 437 557 1436 449 558 1437 443 548 1438 430 550 1439 448 559 1440 439 544 1441 442 547 1442 448 559 1443 442 547 1444 443 548 1445 448 559 1446 443 548 1447 450 560 1448 449 561 1449 332 562 1450 448 563 1451 333 564 1452 332 565 1453 196 566 1454 196 566 1455 332 565 1456 199 567 1457 332 565 1458 333 564 1459 334 568 1460 334 568 1461 333 564 1462 789 569 1463 334 568 1464 789 569 1465 790 570 1466 334 568 1467 790 570 1468 1115 571 1469 1115 571 1470 790 570 1471 236 572 1472 1115 571 1473 236 572 1474 238 573 1475 1115 571 1476 238 573 1477 1113 574 1478 1115 571 1479 1113 574 1480 1114 575 1481 1112 576 1482 1113 577 1483 1110 578 1484 1112 576 1485 1110 578 1486 1111 579 1487 1117 580 1488 1116 581 1489 790 582 1490 1117 583 1491 1118 584 1492 1119 585 1493 181 586 1494 790 570 1495 789 569 1496 181 586 1497 789 569 1498 178 587 1499 178 587 1500 789 569 1501 333 564 1502 178 587 1503 333 564 1504 331 588 1505 181 586 1506 178 587 1507 180 589 1508 335 590 1509 336 591 1510 178 592 1511 178 592 1512 336 591 1513 337 593 1514 178 594 1515 113 595 1516 179 596 1517 182 597 1518 181 598 1519 179 599 1520 115 600 1521 113 601 1522 116 602 1523 114 603 1524 112 604 1525 113 605 1526 114 606 1527 117 607 1528 118 608 1529 1555 609 1530 113 610 1531 339 611 1532 1555 609 1533 339 611 1534 1554 612 1535 1554 612 1536 339 611 1537 1553 613 1538 1553 613 1539 339 611 1540 340 614 1541 1553 613 1542 340 614 1543 1462 615 1544 1462 615 1545 340 614 1546 1558 616 1547 337 617 1548 338 618 1549 339 611 1550 339 611 1551 338 618 1552 340 614 1553 338 619 1554 331 620 1555 1715 621 1556 197 622 1557 331 623 1558 199 624 1559 197 622 1560 199 624 1561 198 625 1562 197 622 1563 198 625 1564 195 626 1565 195 626 1566 198 625 1567 345 627 1568 195 626 1569 345 627 1570 343 529 1571 195 626 1572 343 529 1573 342 527 1574 195 626 1575 342 527 1576 341 628 1577 341 628 1578 342 527 1579 340 629 1580 195 626 1581 196 630 1582 197 622 1583 110 631 1584 108 632 1585 109 633 1586 110 631 1587 109 633 1588 111 634 1589 129 635 1590 127 636 1591 128 637 1592 129 635 1593 128 637 1594 130 638 1595 133 639 1596 131 640 1597 132 641 1598 133 639 1599 132 641 1600 134 642 1601 132 643 1602 1859 644 1603 1860 645 1604 135 646 1605 136 647 1606 133 648 1607 133 648 1608 136 647 1609 138 649 1610 138 649 1611 136 647 1612 137 650 1613 137 650 1614 136 647 1615 134 651 1616 137 650 1617 134 651 1618 429 652 1619 181 653 1620 784 654 1621 783 655 1622 181 653 1623 783 655 1624 782 656 1625 782 656 1626 783 655 1627 1735 657 1628 1735 657 1629 783 655 1630 1736 658 1631 1736 658 1632 783 655 1633 784 654 1634 138 659 1635 1473 660 1636 1474 661 1637 139 662 1638 138 649 1639 137 650 1640 139 662 1641 137 650 1642 140 663 1643 140 663 1644 137 650 1645 428 664 1646 140 663 1647 420 665 1648 139 662 1649 139 662 1650 420 665 1651 418 666 1652 139 662 1653 418 666 1654 1474 667 1655 1474 667 1656 418 666 1657 1475 668 1658 1475 668 1659 418 666 1660 416 669 1661 416 669 1662 418 666 1663 417 670 1664 416 669 1665 417 670 1666 415 671 1667 415 671 1668 417 670 1669 421 672 1670 421 673 1671 422 674 1672 423 675 1673 425 676 1674 424 677 1675 422 678 1676 1141 679 1677 425 680 1678 410 681 1679 1142 682 1680 1140 683 1681 1141 684 1682 423 685 1683 426 686 1684 427 687 1685 426 688 1686 1146 689 1687 1147 690 1688 411 691 1689 418 692 1690 419 693 1691 413 694 1692 411 695 1693 412 696 1694 411 697 1695 408 698 1696 414 699 1697 414 699 1698 408 698 1699 410 700 1700 410 700 1701 408 698 1702 409 701 1703 409 701 1704 408 698 1705 404 702 1706 404 702 1707 408 698 1708 403 703 1709 404 702 1710 403 703 1711 402 704 1712 402 704 1713 403 703 1714 364 705 1715 364 705 1716 403 703 1717 405 706 1718 364 705 1719 405 706 1720 361 707 1721 364 705 1722 361 707 1723 363 708 1724 363 708 1725 361 707 1726 362 709 1727 363 708 1728 362 709 1729 366 710 1730 408 711 1731 406 712 1732 407 713 1733 402 704 1734 1334 714 1735 404 702 1736 365 715 1737 364 705 1738 363 708 1739 362 716 1740 367 717 1741 365 718 1742 365 718 1743 367 717 1744 368 719 1745 368 719 1746 367 717 1747 369 720 1748 368 719 1749 369 720 1750 371 721 1751 371 721 1752 369 720 1753 373 722 1754 371 721 1755 373 722 1756 372 723 1757 371 721 1758 372 723 1759 370 724 1760 371 721 1761 370 724 1762 368 719 1763 368 719 1764 370 724 1765 366 725 1766 134 726 1767 367 727 1768 428 728 1769 373 722 1770 369 720 1771 146 729 1772 373 722 1773 146 729 1774 382 730 1775 398 731 1776 1733 732 1777 366 733 1778 591 734 1779 589 735 1780 590 736 1781 590 736 1782 589 735 1783 399 737 1784 590 736 1785 399 737 1786 381 738 1787 381 738 1788 399 737 1789 398 739 1790 398 739 1791 399 737 1792 400 740 1793 400 740 1794 399 737 1795 588 741 1796 400 740 1797 588 741 1798 1144 742 1799 400 740 1800 1144 742 1801 1145 743 1802 589 735 1803 588 741 1804 399 737 1805 400 744 1806 402 704 1807 401 745 1808 401 745 1809 402 704 1810 364 705 1811 1497 746 1812 1496 747 1813 402 704 1814 402 704 1815 1496 747 1816 1334 714 1817 1334 714 1818 1496 747 1819 1335 748 1820 1335 748 1821 1496 747 1822 1338 749 1823 1338 749 1824 1496 747 1825 1144 750 1826 1338 749 1827 1144 750 1828 521 751 1829 521 751 1830 1144 750 1831 518 752 1832 521 751 1833 518 752 1834 520 753 1835 520 753 1836 518 752 1837 519 754 1838 521 751 1839 520 753 1840 512 755 1841 512 756 1842 510 757 1843 511 758 1844 508 759 1845 509 760 1846 510 761 1847 519 762 1848 508 763 1849 1832 764 1850 522 765 1851 523 766 1852 521 751 1853 521 751 1854 523 766 1855 524 767 1856 521 751 1857 524 767 1858 1338 749 1859 1338 749 1860 524 767 1861 1337 768 1862 1338 749 1863 1337 768 1864 1335 748 1865 1335 748 1866 1337 768 1867 1336 769 1868 1336 769 1869 1337 768 1870 536 770 1871 1336 769 1872 536 770 1873 1322 771 1874 1336 769 1875 1322 771 1876 1321 772 1877 1321 772 1878 1322 771 1879 1320 773 1880 523 766 1881 525 774 1882 524 767 1883 524 767 1884 525 774 1885 526 775 1886 524 767 1887 526 775 1888 1337 768 1889 1337 768 1890 526 775 1891 536 770 1892 1336 769 1893 1321 772 1894 1335 748 1895 1335 748 1896 1321 772 1897 1324 776 1898 1335 748 1899 1324 776 1900 1334 714 1901 1334 714 1902 1324 776 1903 1325 777 1904 1334 714 1905 1325 777 1906 1333 778 1907 1333 778 1908 1325 777 1909 479 779 1910 1333 778 1911 479 779 1912 409 780 1913 1333 778 1914 409 780 1915 1334 714 1916 1334 714 1917 409 780 1918 1498 781 1919 1324 776 1920 1321 772 1921 1323 782 1922 1323 782 1923 1321 772 1924 1320 773 1925 1323 782 1926 1320 773 1927 475 783 1928 475 783 1929 1320 773 1930 472 784 1931 475 783 1932 472 784 1933 474 785 1934 474 785 1935 472 784 1936 473 786 1937 1324 776 1938 1323 782 1939 1325 777 1940 1325 777 1941 1323 782 1942 477 787 1943 1325 777 1944 477 787 1945 479 779 1946 479 779 1947 477 787 1948 478 788 1949 479 779 1950 478 788 1951 151 789 1952 477 787 1953 1323 782 1954 475 783 1955 477 787 1956 475 783 1957 476 790 1958 476 790 1959 475 783 1960 474 785 1961 477 787 1962 476 790 1963 478 788 1964 410 791 1965 1499 792 1966 479 793 1967 410 791 1968 479 793 1969 1143 794 1970 149 795 1971 151 796 1972 150 797 1973 149 795 1974 150 797 1975 148 798 1976 472 799 1977 1332 800 1978 1329 801 1979 1329 802 1980 1328 803 1981 1327 804 1982 1327 804 1983 1328 803 1984 1326 805 1985 1326 806 1986 1778 807 1987 1779 808 1988 143 809 1989 141 810 1990 142 811 1991 143 809 1992 142 811 1993 144 812 1994 146 729 1995 145 813 1996 144 814 1997 146 729 1998 144 814 1999 147 815 2000 146 729 2001 147 815 2002 382 730 2003 382 730 2004 147 815 2005 1405 816 2006 382 730 2007 1405 816 2008 1403 817 2009 382 730 2010 1403 817 2011 1404 818 2012 1404 818 2013 1403 817 2014 1402 819 2015 1402 819 2016 1403 817 2017 1401 820 2018 1412 821 2019 1413 822 2020 1405 823 2021 750 824 2022 751 825 2023 752 826 2024 750 824 2025 752 826 2026 1405 816 2027 750 824 2028 1405 816 2029 147 815 2030 750 824 2031 147 815 2032 747 827 2033 747 827 2034 147 815 2035 1406 828 2036 747 827 2037 1406 828 2038 1407 829 2039 1407 829 2040 1406 828 2041 1408 830 2042 750 824 2043 747 827 2044 749 831 2045 749 831 2046 747 827 2047 748 832 2048 1406 828 2049 147 815 2050 1788 833 2051 1409 834 2052 1406 835 2053 1410 836 2054 1409 834 2055 1410 836 2056 1411 837 2057 752 838 2058 753 839 2059 754 840 2060 752 838 2061 754 840 2062 755 841 2063 755 841 2064 754 840 2065 756 842 2066 152 843 2067 153 844 2068 154 845 2069 154 845 2070 153 844 2071 155 846 2072 188 847 2073 189 848 2074 153 849 2075 175 850 2076 173 851 2077 174 852 2078 175 850 2079 174 852 2080 176 853 2081 176 853 2082 174 852 2083 1201 854 2084 1201 854 2085 174 852 2086 1202 855 2087 1201 854 2088 1202 855 2089 1205 856 2090 1201 854 2091 1205 856 2092 1206 857 2093 1206 857 2094 1205 856 2095 1207 858 2096 1206 857 2097 1207 858 2098 1208 859 2099 1208 859 2100 1207 858 2101 1209 860 2102 1208 859 2103 1209 860 2104 1210 861 2105 1210 861 2106 1209 860 2107 1211 862 2108 1210 861 2109 1211 862 2110 1212 863 2111 1212 863 2112 1211 862 2113 1213 864 2114 1213 864 2115 1211 862 2116 1214 865 2117 1213 864 2118 1214 865 2119 1215 866 2120 1213 864 2121 1215 866 2122 1216 867 2123 177 868 2124 175 850 2125 176 853 2126 1851 869 2127 1850 870 2128 1054 871 2129 1054 871 2130 1850 870 2131 865 872 2132 1054 871 2133 865 872 2134 1053 873 2135 1054 871 2136 1053 873 2137 1055 874 2138 1054 871 2139 1055 874 2140 174 852 2141 174 852 2142 1055 874 2143 1056 875 2144 174 852 2145 1056 875 2146 1202 855 2147 1202 855 2148 1056 875 2149 1050 876 2150 1202 855 2151 1050 876 2152 1048 877 2153 1202 855 2154 1048 877 2155 1849 878 2156 1849 878 2157 1048 877 2158 1850 870 2159 1849 878 2160 1850 870 2161 1851 869 2162 1848 879 2163 1204 880 2164 1053 881 2165 1204 882 2166 1050 876 2167 1203 883 2168 1203 883 2169 1050 876 2170 1056 875 2171 865 872 2172 1050 884 2173 1053 873 2174 1048 877 2175 1050 876 2176 1049 885 2177 1048 877 2178 1049 885 2179 867 886 2180 869 887 2181 867 888 2182 868 889 2183 1051 890 2184 1052 891 2185 865 892 2186 866 893 2187 865 894 2188 863 895 2189 862 896 2190 863 897 2191 864 898 2192 1058 899 2193 1056 900 2194 1057 901 2195 203 902 2196 202 903 2197 201 904 2198 201 904 2199 202 903 2200 200 905 2201 202 906 2202 242 907 2203 241 908 2204 241 908 2205 242 907 2206 243 909 2207 245 910 2208 244 911 2209 243 912 2210 243 912 2211 244 911 2212 240 913 2213 1120 914 2214 238 573 2215 240 915 2216 240 915 2217 238 573 2218 239 916 2219 239 916 2220 238 573 2221 200 917 2222 200 917 2223 238 573 2224 237 918 2225 200 917 2226 237 918 2227 229 919 2228 229 919 2229 237 918 2230 226 920 2231 229 919 2232 226 920 2233 228 921 2234 228 921 2235 226 920 2236 227 922 2237 238 573 2238 236 572 2239 237 918 2240 237 918 2241 236 572 2242 234 923 2243 234 923 2244 236 572 2245 235 924 2246 234 923 2247 235 924 2248 232 925 2249 234 923 2250 232 925 2251 233 926 2252 200 917 2253 229 919 2254 231 927 2255 229 919 2256 228 921 2257 230 928 2258 249 929 2259 251 930 2260 250 931 2261 249 929 2262 250 931 2263 248 932 2264 248 932 2265 250 931 2266 892 933 2267 248 932 2268 892 933 2269 891 934 2270 250 931 2271 894 935 2272 893 936 2273 250 931 2274 893 936 2275 892 933 2276 892 933 2277 893 936 2278 1373 937 2279 892 933 2280 1373 937 2281 1374 938 2282 1374 938 2283 1373 937 2284 1383 939 2285 1374 938 2286 1383 939 2287 1384 940 2288 1384 940 2289 1383 939 2290 1385 941 2291 1385 941 2292 1383 939 2293 1386 942 2294 1386 942 2295 1383 939 2296 1377 943 2297 1377 943 2298 1383 939 2299 1381 944 2300 1381 944 2301 1383 939 2302 1373 937 2303 1381 944 2304 1373 937 2305 1382 945 2306 1373 937 2307 893 936 2308 1370 946 2309 892 933 2310 1374 938 2311 246 947 2312 248 932 2313 246 948 2314 247 949 2315 248 932 2316 247 949 2317 249 929 2318 249 929 2319 247 949 2320 919 950 2321 1378 951 2322 1377 943 2323 1379 952 2324 1379 952 2325 1377 943 2326 1380 953 2327 1380 953 2328 1377 943 2329 1381 944 2330 1380 953 2331 1381 944 2332 1370 954 2333 1377 955 2334 1375 956 2335 1376 957 2336 1368 958 2337 1369 959 2338 1370 960 2339 253 961 2340 254 962 2341 252 963 2342 253 961 2343 252 963 2344 277 964 2345 253 961 2346 277 964 2347 276 965 2348 253 961 2349 276 965 2350 278 966 2351 278 966 2352 276 965 2353 281 967 2354 281 967 2355 276 965 2356 274 968 2357 274 968 2358 276 965 2359 275 969 2360 274 968 2361 275 969 2362 273 970 2363 274 968 2364 273 970 2365 272 971 2366 272 971 2367 273 970 2368 271 972 2369 272 971 2370 271 972 2371 270 973 2372 270 973 2373 271 972 2374 269 974 2375 270 973 2376 269 974 2377 268 975 2378 270 973 2379 268 975 2380 927 976 2381 270 973 2382 927 976 2383 779 977 2384 779 977 2385 927 976 2386 935 978 2387 935 978 2388 927 976 2389 934 979 2390 934 979 2391 927 976 2392 924 980 2393 934 979 2394 924 980 2395 933 981 2396 933 981 2397 924 980 2398 921 982 2399 933 981 2400 921 982 2401 919 950 2402 919 950 2403 921 982 2404 920 983 2405 919 950 2406 920 983 2407 249 929 2408 273 970 2409 284 984 2410 285 985 2411 273 970 2412 285 985 2413 271 972 2414 271 972 2415 285 985 2416 286 986 2417 268 975 2418 924 980 2419 927 976 2420 921 982 2421 924 980 2422 923 987 2423 921 982 2424 923 987 2425 922 988 2426 266 989 2427 920 990 2428 923 991 2429 266 989 2430 923 991 2431 268 975 2432 266 989 2433 268 975 2434 267 992 2435 267 992 2436 268 975 2437 269 974 2438 267 992 2439 269 974 2440 289 993 2441 289 993 2442 269 974 2443 288 994 2444 288 994 2445 269 974 2446 287 995 2447 288 994 2448 287 995 2449 286 996 2450 267 992 2451 263 997 2452 266 989 2453 267 992 2454 289 993 2455 290 998 2456 264 999 2457 265 1000 2458 263 1001 2459 264 999 2460 263 1001 2461 249 1002 2462 268 1003 2463 925 1004 2464 926 1005 2465 293 1006 2466 289 1007 2467 1763 1008 2468 291 1009 2469 292 1010 2470 293 1011 2471 291 1009 2472 293 1011 2473 294 1012 2474 307 1013 2475 291 1014 2476 259 1015 2477 307 1013 2478 259 1015 2479 262 1016 2480 262 1016 2481 259 1015 2482 249 1017 2483 259 1018 2484 260 1019 2485 261 1020 2486 295 1021 2487 305 1022 2488 306 1023 2489 295 1021 2490 306 1023 2491 290 1024 2492 290 1024 2493 306 1023 2494 259 1025 2495 290 1024 2496 294 1026 2497 295 1021 2498 296 1027 2499 294 1028 2500 297 1029 2501 296 1027 2502 297 1029 2503 298 1030 2504 296 1027 2505 298 1030 2506 255 1031 2507 309 1032 2508 308 1033 2509 255 1034 2510 1761 1035 2511 309 1036 2512 1762 1037 2513 256 1038 2514 255 1039 2515 253 1040 2516 279 1041 2517 278 1042 2518 256 1043 2519 256 1043 2520 278 1042 2521 280 1044 2522 256 1043 2523 280 1044 2524 258 1045 2525 258 1045 2526 280 1044 2527 249 1046 2528 259 1047 2529 257 1048 2530 258 1045 2531 258 1045 2532 257 1048 2533 256 1043 2534 256 1043 2535 257 1048 2536 254 1049 2537 298 1050 2538 983 1051 2539 252 1052 2540 252 1053 2541 984 1054 2542 282 1055 2543 252 1053 2544 282 1055 2545 275 969 2546 275 969 2547 282 1055 2548 283 1056 2549 275 969 2550 283 1056 2551 273 970 2552 310 1057 2553 311 1058 2554 312 1059 2555 310 1057 2556 312 1059 2557 313 1060 2558 315 1061 2559 316 1062 2560 314 1063 2561 315 1061 2562 314 1063 2563 312 1064 2564 315 1061 2565 312 1064 2566 320 1065 2567 315 1061 2568 320 1065 2569 318 1066 2570 318 1066 2571 320 1065 2572 321 1067 2573 318 1066 2574 321 1067 2575 323 1068 2576 318 1066 2577 323 1068 2578 322 1069 2579 318 1066 2580 322 1069 2581 319 1070 2582 318 1066 2583 319 1070 2584 317 1071 2585 318 1066 2586 317 1071 2587 315 1061 2588 323 1072 2589 326 1073 2590 325 1074 2591 323 1072 2592 325 1074 2593 324 1075 2594 329 1076 2595 327 1077 2596 328 1078 2597 329 1076 2598 328 1078 2599 330 1079 2600 355 1080 2601 356 1081 2602 357 1082 2603 355 1080 2604 357 1082 2605 358 1083 2606 358 1083 2607 357 1082 2608 359 1084 2609 358 1083 2610 359 1084 2611 360 1085 2612 562 126 2613 575 1086 2614 357 1087 2615 562 126 2616 357 1087 2617 564 128 2618 564 128 2619 357 1087 2620 574 1088 2621 895 1089 2622 376 1090 2623 896 1091 2624 896 1091 2625 376 1090 2626 897 1092 2627 897 1093 2628 1786 1094 2629 1787 1095 2630 372 723 2631 379 1096 2632 380 1097 2633 372 723 2634 380 1097 2635 370 724 2636 370 724 2637 380 1097 2638 381 1098 2639 370 724 2640 381 1098 2641 397 1099 2642 370 724 2643 397 1099 2644 396 1100 2645 612 1101 2646 381 1102 2647 611 1103 2648 1865 1104 2649 611 1105 2650 1866 1106 2651 616 1107 2652 615 1108 2653 612 1109 2654 613 1110 2655 614 1111 2656 615 1112 2657 383 1113 2658 384 1114 2659 385 1115 2660 383 1113 2661 385 1115 2662 386 1116 2663 389 1117 2664 387 1118 2665 388 1119 2666 445 1120 2667 446 1121 2668 444 1122 2669 444 1122 2670 446 1121 2671 447 1123 2672 444 1124 2673 1852 1125 2674 1853 1126 2675 481 1127 2676 480 1128 2677 465 1129 2678 481 1127 2679 465 1129 2680 467 1130 2681 467 1130 2682 465 1129 2683 466 1131 2684 467 1130 2685 466 1131 2686 468 1132 2687 467 1130 2688 468 1132 2689 469 1133 2690 469 1133 2691 468 1132 2692 470 1134 2693 469 1133 2694 470 1134 2695 471 1135 2696 469 1133 2697 471 1135 2698 902 1136 2699 902 1136 2700 471 1135 2701 1738 1137 2702 1738 1137 2703 471 1135 2704 1737 1138 2705 1738 1137 2706 1737 1138 2707 710 1139 2708 1738 1137 2709 710 1139 2710 1742 1140 2711 1744 1141 2712 1743 1142 2713 1742 1143 2714 1745 1144 2715 1746 1145 2716 468 1146 2717 469 1133 2718 1739 1147 2719 1740 1148 2720 469 1133 2721 1740 1148 2722 467 1130 2723 700 1149 2724 1817 1150 2725 716 1151 2726 467 1152 2727 714 1153 2728 716 1154 2729 698 1155 2730 700 1156 2731 699 1157 2732 698 1155 2733 699 1157 2734 697 1158 2735 713 1159 2736 467 1160 2737 725 1161 2738 713 1162 2739 690 1163 2740 714 1164 2741 715 1165 2742 713 1166 2743 695 1167 2744 693 1168 2745 694 1169 2746 695 1170 2747 696 1171 2748 695 1172 2749 692 1173 2750 696 1171 2751 692 1173 2752 733 1174 2753 733 1174 2754 692 1173 2755 691 1175 2756 733 1174 2757 691 1175 2758 732 1176 2759 733 1174 2760 732 1176 2761 909 1177 2762 733 1174 2763 909 1177 2764 910 1178 2765 910 1178 2766 909 1177 2767 918 1179 2768 918 1179 2769 909 1177 2770 917 1180 2771 917 1180 2772 909 1177 2773 916 1181 2774 916 1181 2775 909 1177 2776 915 1182 2777 916 1181 2778 915 1182 2779 1165 1183 2780 692 1173 2781 690 1184 2782 691 1175 2783 372 1185 2784 375 1186 2785 374 1187 2786 374 1187 2787 375 1186 2788 378 1188 2789 378 1188 2790 375 1186 2791 377 1189 2792 377 1189 2793 375 1186 2794 376 1190 2795 376 1190 2796 375 1186 2797 372 1185 2798 915 1182 2799 909 1177 2800 908 1191 2801 908 1191 2802 909 1177 2803 732 1176 2804 908 1191 2805 732 1176 2806 730 1192 2807 730 1192 2808 732 1176 2809 731 1193 2810 730 1192 2811 731 1193 2812 693 1194 2813 1166 1195 2814 1164 1196 2815 1165 1183 2816 1166 1195 2817 1165 1183 2818 1167 1197 2819 1167 1197 2820 1165 1183 2821 915 1182 2822 1167 1197 2823 915 1182 2824 914 1198 2825 914 1198 2826 915 1182 2827 908 1191 2828 914 1198 2829 908 1191 2830 701 1199 2831 701 1199 2832 908 1191 2833 730 1192 2834 1166 1195 2835 1167 1197 2836 1168 1200 2837 1168 1200 2838 1167 1197 2839 914 1198 2840 1168 1200 2841 914 1198 2842 1169 1201 2843 1169 1201 2844 914 1198 2845 701 1199 2846 905 1202 2847 906 1203 2848 701 1204 2849 703 1205 2850 701 1206 2851 702 1207 2852 904 1208 2853 711 1209 2854 702 1210 2855 705 1211 2856 704 1212 2857 702 1213 2858 703 1214 2859 705 1215 2860 706 1216 2861 706 1217 2862 711 1218 2863 710 1219 2864 706 1217 2865 710 1219 2866 707 1220 2867 712 1221 2868 710 1222 2869 705 1223 2870 712 1221 2871 705 1223 2872 903 1224 2873 712 1221 2874 903 1224 2875 902 1225 2876 902 1225 2877 903 1224 2878 725 1226 2879 725 1226 2880 903 1224 2881 727 1227 2882 725 1226 2883 727 1227 2884 726 1228 2885 726 1228 2886 727 1227 2887 728 1229 2888 726 1228 2889 728 1229 2890 693 1230 2891 727 1227 2892 903 1224 2893 711 1231 2894 727 1227 2895 702 1232 2896 728 1229 2897 728 1233 2898 907 1234 2899 730 1235 2900 728 1233 2901 730 1235 2902 729 1236 2903 709 1237 2904 707 1238 2905 708 1239 2906 1607 1240 2907 709 1241 2908 1608 1242 2909 495 1243 2910 493 1244 2911 494 1245 2912 513 1246 2913 514 1247 2914 515 1248 2915 515 1248 2916 514 1247 2917 516 1249 2918 527 1250 2919 528 1251 2920 526 775 2921 526 775 2922 528 1251 2923 536 770 2924 759 1252 2925 535 1253 2926 534 1254 2927 534 1254 2928 535 1253 2929 528 1255 2930 757 1256 2931 758 1257 2932 532 1258 2933 530 1259 2934 532 1260 2935 531 1261 2936 530 1259 2937 531 1261 2938 529 1262 2939 529 1262 2940 531 1261 2941 528 1263 2942 529 1262 2943 528 1263 2944 533 1264 2945 533 1264 2946 528 1263 2947 1148 1265 2948 1318 1266 2949 1320 1267 2950 757 1268 2951 1318 1269 2952 530 1270 2953 1317 1271 2954 1319 1272 2955 1317 1273 2956 1320 1274 2957 1320 1275 2958 1330 1276 2959 1331 1277 2960 1151 1278 2961 1148 1279 2962 1152 1280 2963 1152 1280 2964 1148 1279 2965 1150 1281 2966 1150 1281 2967 1148 1279 2968 1149 1282 2969 1150 1281 2970 1149 1282 2971 525 1283 2972 1150 1281 2973 525 1283 2974 1153 1284 2975 1154 1285 2976 1152 1286 2977 525 1287 2978 538 1288 2979 539 1289 2980 537 1290 2981 537 1290 2982 539 1289 2983 540 1291 2984 595 1292 2985 596 1293 2986 597 1294 2987 597 1294 2988 596 1293 2989 598 1295 2990 599 1296 2991 600 1297 2992 601 1298 2993 1718 1299 2994 600 1300 2995 1717 1301 2996 601 1302 2997 604 1303 2998 605 1304 2999 605 1304 3000 604 1303 3001 437 1305 3002 602 1306 3003 603 1307 3004 604 1308 3005 1716 1309 3006 350 1310 3007 603 1311 3008 1720 1312 3009 1721 1313 3010 1716 1314 3011 350 1315 3012 1719 1316 3013 119 1317 3014 350 1315 3015 119 1317 3016 1466 1318 3017 1341 1319 3018 1343 1320 3019 437 1321 3020 1341 1319 3021 437 1321 3022 1342 1322 3023 1341 1319 3024 1342 1322 3025 1339 1323 3026 1341 1319 3027 1339 1323 3028 1340 1324 3029 943 1325 3030 944 1326 3031 945 1327 3032 943 1328 3033 942 1329 3034 627 1330 3035 627 1330 3036 942 1329 3037 626 1331 3038 627 1330 3039 626 1331 3040 608 1332 3041 608 1332 3042 626 1331 3043 606 1333 3044 608 1332 3045 606 1333 3046 607 1334 3047 945 1335 3048 953 1336 3049 951 1337 3050 950 1338 3051 942 1339 3052 951 1340 3053 953 1341 3054 950 1342 3055 952 1343 3056 1707 1344 3057 1708 1345 3058 953 1346 3059 608 1347 3060 625 1348 3061 624 1349 3062 608 1347 3063 624 1349 3064 629 1350 3065 608 1347 3066 629 1350 3067 628 1351 3068 628 1351 3069 629 1350 3070 946 1352 3071 1363 1353 3072 610 1354 3073 609 1355 3074 609 1355 3075 610 1354 3076 608 1332 3077 609 1355 3078 608 1332 3079 607 1334 3080 609 1355 3081 607 1334 3082 1362 1356 3083 1362 1356 3084 607 1334 3085 1361 1357 3086 610 1358 3087 1362 1359 3088 1364 1360 3089 631 1361 3090 621 1362 3091 630 1363 3092 631 1364 3093 632 1365 3094 633 1366 3095 617 1367 3096 634 1368 3097 633 1369 3098 641 1370 3099 841 1371 3100 842 1372 3101 643 1373 3102 641 1374 3103 642 1375 3104 643 1373 3105 642 1375 3106 635 1376 3107 643 1373 3108 635 1376 3109 644 1377 3110 644 1377 3111 635 1376 3112 638 1378 3113 638 1378 3114 635 1376 3115 637 1379 3116 637 1379 3117 635 1376 3118 636 1380 3119 635 1381 3120 649 1382 3121 648 1383 3122 648 1383 3123 649 1382 3124 647 1384 3125 648 1383 3126 647 1384 3127 646 1385 3128 643 1373 3129 644 1377 3130 654 1386 3131 643 1373 3132 654 1386 3133 652 1387 3134 652 1387 3135 654 1386 3136 653 1388 3137 652 1387 3138 653 1388 3139 647 1384 3140 652 1387 3141 647 1384 3142 649 1382 3143 647 1389 3144 645 1390 3145 640 1391 3146 644 1377 3147 638 1378 3148 645 1392 3149 645 1392 3150 638 1378 3151 646 1393 3152 638 1394 3153 639 1395 3154 640 1396 3155 651 1397 3156 649 1398 3157 650 1399 3158 832 1400 3159 649 1401 3160 835 1402 3161 834 1403 3162 832 1404 3163 833 1405 3164 838 1406 3165 646 1407 3166 837 1408 3167 837 1408 3168 646 1407 3169 836 1409 3170 659 1410 3171 660 1411 3172 661 1412 3173 659 1413 3174 662 1414 3175 663 1415 3176 659 1413 3177 663 1415 3178 664 1416 3179 664 1416 3180 663 1415 3181 1518 1417 3182 664 1416 3183 1518 1417 3184 1517 1418 3185 1517 1418 3186 1518 1417 3187 1519 1419 3188 659 1413 3189 664 1416 3190 665 1420 3191 665 1420 3192 664 1416 3193 666 1421 3194 1513 1422 3195 1514 1423 3196 664 1424 3197 1516 1425 3198 1515 1426 3199 664 1416 3200 1516 1425 3201 664 1416 3202 1517 1418 3203 1831 1427 3204 1518 1417 3205 663 1415 3206 1831 1427 3207 663 1415 3208 1357 1428 3209 1357 1428 3210 663 1415 3211 1355 1429 3212 1357 1428 3213 1355 1429 3214 1356 1430 3215 1357 1428 3216 1356 1430 3217 1358 1431 3218 1358 1431 3219 1356 1430 3220 1435 1432 3221 1358 1431 3222 1435 1432 3223 1436 1433 3224 1358 1431 3225 1436 1433 3226 1359 1434 3227 1359 1434 3228 1436 1433 3229 1437 1435 3230 1437 1435 3231 1436 1433 3232 1443 1436 3233 1437 1435 3234 1443 1436 3235 1442 1437 3236 663 1415 3237 1830 1438 3238 1355 1429 3239 1358 1431 3240 1359 1434 3241 1357 1428 3242 1357 1428 3243 1359 1434 3244 1360 1439 3245 1434 1440 3246 1435 1432 3247 1433 1441 3248 1433 1441 3249 1435 1432 3250 1356 1430 3251 1440 1442 3252 1437 1443 3253 1441 1444 3254 1439 1445 3255 1438 1446 3256 1437 1447 3257 1416 1448 3258 1417 1449 3259 1355 1429 3260 1355 1429 3261 1417 1449 3262 1418 1450 3263 1355 1429 3264 1418 1450 3265 1356 1430 3266 1356 1430 3267 1418 1450 3268 1419 1451 3269 1419 1451 3270 1418 1450 3271 1420 1452 3272 1431 1453 3273 1432 1454 3274 1419 1455 3275 669 1456 3276 667 1457 3277 668 1458 3278 1471 1459 3279 668 1460 3280 1472 1461 3281 1470 1462 3282 1469 1463 3283 668 1464 3284 670 1465 3285 668 1466 3286 671 1467 3287 285 1468 3288 672 1469 3289 673 1470 3290 285 1468 3291 673 1470 3292 674 1471 3293 285 1468 3294 674 1471 3295 675 1472 3296 675 1472 3297 674 1471 3298 676 1473 3299 677 1474 3300 678 1475 3301 679 1476 3302 681 1477 3303 680 1478 3304 678 1479 3305 681 1477 3306 678 1479 3307 682 1480 3308 682 1480 3309 678 1479 3310 683 1481 3311 682 1480 3312 683 1481 3313 684 1482 3314 682 1483 3315 765 1484 3316 766 1485 3317 769 1486 3318 682 1487 3319 768 1488 3320 768 1488 3321 682 1487 3322 767 1489 3323 771 1490 3324 770 1491 3325 761 1492 3326 761 1492 3327 770 1491 3328 682 1480 3329 682 1480 3330 770 1491 3331 681 1477 3332 681 1477 3333 770 1491 3334 773 1493 3335 681 1477 3336 773 1493 3337 774 1494 3338 681 1477 3339 774 1494 3340 775 1495 3341 775 1495 3342 774 1494 3343 1347 1496 3344 775 1495 3345 1347 1496 3346 1479 1497 3347 1479 1497 3348 1347 1496 3349 1480 1498 3350 1479 1497 3351 1480 1498 3352 1481 1499 3353 776 1500 3354 681 1477 3355 775 1495 3356 1476 1501 3357 775 1495 3358 1479 1497 3359 1480 1502 3360 1482 1503 3361 1483 1504 3362 1476 1505 3363 1477 1506 3364 1478 1507 3365 774 1494 3366 1344 1508 3367 1345 1509 3368 774 1494 3369 1345 1509 3370 1346 1510 3371 774 1494 3372 1346 1510 3373 1347 1496 3374 1347 1496 3375 1346 1510 3376 1486 1511 3377 1347 1496 3378 1486 1511 3379 1485 1512 3380 1485 1512 3381 1486 1511 3382 1484 1513 3383 1486 1511 3384 1346 1510 3385 1487 1514 3386 1487 1514 3387 1346 1510 3388 1488 1515 3389 1487 1514 3390 1488 1515 3391 1489 1516 3392 1487 1514 3393 1489 1516 3394 1495 1517 3395 1495 1517 3396 1489 1516 3397 1494 1518 3398 1489 1519 3399 1492 1520 3400 1493 1521 3401 1491 1522 3402 1489 1523 3403 1490 1524 3404 685 1525 3405 686 1526 3406 687 1527 3407 723 1528 3408 685 1529 3409 722 1530 3410 685 1531 3411 720 1532 3412 721 1533 3413 689 1534 3414 685 1535 3415 688 1536 3416 717 1537 3417 718 1538 3418 719 1539 3419 719 1539 3420 718 1538 3421 724 1540 3422 910 1178 3423 911 1541 3424 733 1174 3425 733 1174 3426 911 1541 3427 734 1542 3428 733 1174 3429 734 1542 3430 696 1171 3431 696 1171 3432 734 1542 3433 912 1543 3434 696 1171 3435 912 1543 3436 913 1544 3437 913 1544 3438 912 1543 3439 1423 1545 3440 1423 1545 3441 912 1543 3442 1422 1546 3443 734 1542 3444 911 1541 3445 912 1543 3446 912 1543 3447 911 1541 3448 1421 1547 3449 1425 1548 3450 1423 1549 3451 1424 1550 3452 1424 1550 3453 1423 1549 3454 1426 1551 3455 1426 1551 3456 1423 1549 3457 1427 1552 3458 1426 1551 3459 1427 1552 3460 1428 1553 3461 1428 1553 3462 1427 1552 3463 1429 1554 3464 1429 1554 3465 1427 1552 3466 1430 1555 3467 1430 1555 3468 1427 1552 3469 1421 1556 3470 1421 1556 3471 1427 1552 3472 1423 1549 3473 744 1557 3474 735 1558 3475 745 1559 3476 745 1559 3477 735 1558 3478 1467 1560 3479 1467 1560 3480 735 1558 3481 737 1561 3482 1467 1560 3483 737 1561 3484 1468 1562 3485 1468 1562 3486 737 1561 3487 739 1563 3488 739 1563 3489 737 1561 3490 738 1564 3491 738 1564 3492 737 1561 3493 736 1565 3494 736 1565 3495 737 1561 3496 735 1558 3497 736 1565 3498 735 1558 3499 743 1566 3500 736 1565 3501 743 1566 3502 742 1567 3503 746 1568 3504 743 1569 3505 745 1570 3506 740 1571 3507 741 1572 3508 736 1573 3509 761 1574 3510 762 1575 3511 760 1576 3512 761 1574 3513 760 1576 3514 772 1577 3515 764 1578 3516 763 1579 3517 761 1580 3518 1734 1581 3519 779 1582 3520 778 1583 3521 778 1583 3522 779 1582 3523 777 1584 3524 777 1584 3525 779 1582 3526 780 1585 3527 780 1585 3528 779 1582 3529 781 1586 3530 928 1587 3531 779 1588 3532 929 1589 3533 931 1590 3534 932 1591 3535 929 1592 3536 931 1590 3537 929 1592 3538 930 1593 3539 787 1594 3540 785 1595 3541 786 1596 3542 787 1594 3543 786 1596 3544 788 1597 3545 1855 1598 3546 1854 1599 3547 788 1600 3548 791 1601 3549 792 1602 3550 793 1603 3551 793 1603 3552 792 1602 3553 794 1604 3554 797 1605 3555 796 1606 3556 795 1607 3557 795 1607 3558 796 1606 3559 793 1608 3560 793 1608 3561 796 1606 3562 801 1609 3563 801 1609 3564 796 1606 3565 799 1610 3566 801 1609 3567 799 1610 3568 802 1611 3569 802 1611 3570 799 1610 3571 870 1612 3572 870 1612 3573 799 1610 3574 871 1613 3575 870 1612 3576 871 1613 3577 872 1614 3578 870 1612 3579 872 1614 3580 873 1615 3581 799 1610 3582 796 1606 3583 798 1616 3584 799 1610 3585 798 1616 3586 800 1617 3587 799 1610 3588 800 1617 3589 886 1618 3590 803 1619 3591 804 1620 3592 805 1621 3593 803 1619 3594 805 1621 3595 806 1622 3596 809 1623 3597 807 1624 3598 808 1625 3599 807 1626 3600 810 1627 3601 811 1628 3602 812 1629 3603 813 1630 3604 814 1631 3605 812 1629 3606 814 1631 3607 815 1632 3608 815 1632 3609 814 1631 3610 820 1633 3611 815 1632 3612 820 1633 3613 821 1634 3614 816 1635 3615 817 1636 3616 818 1637 3617 816 1635 3618 818 1637 3619 819 1638 3620 822 1639 3621 823 1640 3622 824 1641 3623 822 1639 3624 824 1641 3625 825 1642 3626 825 1642 3627 824 1641 3628 826 1643 3629 825 1642 3630 826 1643 3631 827 1644 3632 828 1645 3633 829 1646 3634 830 1647 3635 828 1645 3636 830 1647 3637 831 1648 3638 840 1649 3639 839 1650 3640 636 1651 3641 844 1652 3642 845 1653 3643 843 1654 3644 843 1654 3645 845 1653 3646 846 1655 3647 848 1656 3648 849 1657 3649 847 1658 3650 847 1658 3651 849 1657 3652 850 1659 3653 1843 1660 3654 852 1661 3655 851 1662 3656 851 1662 3657 852 1661 3658 853 1663 3659 851 1662 3660 853 1663 3661 854 1664 3662 854 1664 3663 853 1663 3664 855 1665 3665 856 1666 3666 857 1667 3667 858 1668 3668 858 1668 3669 857 1667 3670 859 1669 3671 858 1668 3672 859 1669 3673 860 1670 3674 860 1670 3675 859 1669 3676 861 1671 3677 875 1672 3678 876 1673 3679 874 1674 3680 874 1674 3681 876 1673 3682 877 1675 3683 879 1676 3684 880 1677 3685 878 1678 3686 878 1678 3687 880 1677 3688 881 1679 3689 883 1680 3690 884 1681 3691 882 1682 3692 882 1682 3693 884 1681 3694 885 1683 3695 887 1684 3696 888 1685 3697 889 1686 3698 889 1686 3699 888 1685 3700 890 1687 3701 898 1688 3702 899 1689 3703 900 1690 3704 900 1690 3705 899 1689 3706 901 1691 3707 900 1692 3708 1371 1693 3709 1372 1694 3710 938 1695 3711 936 1696 3712 937 1697 3713 936 1698 3714 939 1699 3715 940 1700 3716 1171 1701 3717 936 1702 3718 1170 1703 3719 1170 1704 3720 1173 1705 3721 1172 1706 3722 1172 1706 3723 1173 1705 3724 1174 1707 3725 1174 1708 3726 1175 1709 3727 1176 1710 3728 1176 1710 3729 1175 1709 3730 1177 1711 3731 1399 1712 3732 1400 1713 3733 1176 1714 3734 1398 1715 3735 1399 1716 3736 1396 1717 3737 1398 1715 3738 1396 1717 3739 1397 1718 3740 978 1719 3741 977 1720 3742 976 1721 3743 977 1722 3744 979 1723 3745 980 1724 3746 987 1725 3747 985 1726 3748 986 1727 3749 987 1725 3750 986 1727 3751 988 1728 3752 991 1729 3753 989 1730 3754 990 1731 3755 991 1729 3756 990 1731 3757 992 1732 3758 991 1729 3759 992 1732 3760 993 1733 3761 993 1733 3762 992 1732 3763 994 1734 3764 993 1733 3765 994 1734 3766 995 1735 3767 995 1735 3768 994 1734 3769 996 1736 3770 995 1735 3771 996 1736 3772 997 1737 3773 995 1735 3774 997 1737 3775 998 1738 3776 998 1738 3777 997 1737 3778 999 1739 3779 998 1738 3780 999 1739 3781 1000 1740 3782 1001 1741 3783 1002 1742 3784 1003 1743 3785 1001 1741 3786 1003 1743 3787 1004 1744 3788 1004 1744 3789 1003 1743 3790 1005 1745 3791 1004 1744 3792 1005 1745 3793 1006 1746 3794 1006 1746 3795 1005 1745 3796 1007 1747 3797 1006 1746 3798 1007 1747 3799 1008 1748 3800 1008 1748 3801 1007 1747 3802 1009 1749 3803 1009 1749 3804 1007 1747 3805 1010 1750 3806 1009 1749 3807 1010 1750 3808 1011 1751 3809 1011 1751 3810 1010 1750 3811 1012 1752 3812 1013 1753 3813 1014 1754 3814 1015 1755 3815 1022 1756 3816 1038 1757 3817 1039 1758 3818 1022 1756 3819 1039 1758 3820 1041 1759 3821 1022 1756 3822 1041 1759 3823 1023 1760 3824 1023 1760 3825 1041 1759 3826 1042 1761 3827 1023 1760 3828 1042 1761 3829 1025 1762 3830 1023 1760 3831 1025 1762 3832 1024 1763 3833 1023 1760 3834 1024 1763 3835 1021 1764 3836 1023 1760 3837 1021 1764 3838 1022 1756 3839 1022 1756 3840 1021 1764 3841 1037 1765 3842 1037 1765 3843 1021 1764 3844 1036 1766 3845 1039 1767 3846 1037 1768 3847 1040 1769 3848 1021 1770 3849 1034 1771 3850 1035 1772 3851 1059 1773 3852 1060 1774 3853 1061 1775 3854 1061 1775 3855 1060 1774 3856 1062 1776 3857 1061 1775 3858 1062 1776 3859 1063 1777 3860 1063 1777 3861 1062 1776 3862 1064 1778 3863 1063 1777 3864 1064 1778 3865 1065 1779 3866 1063 1777 3867 1065 1779 3868 1066 1780 3869 1066 1780 3870 1065 1779 3871 1067 1781 3872 1066 1780 3873 1067 1781 3874 1068 1782 3875 1068 1782 3876 1067 1781 3877 1069 1783 3878 1069 1784 3879 1070 1785 3880 1071 1786 3881 1071 1786 3882 1070 1785 3883 1072 1787 3884 1071 1786 3885 1072 1787 3886 1073 1788 3887 1073 1788 3888 1072 1787 3889 1074 1789 3890 1073 1788 3891 1074 1789 3892 1059 1790 3893 1073 1788 3894 1059 1790 3895 1075 1791 3896 1076 1792 3897 1077 1793 3898 1078 1794 3899 1076 1792 3900 1078 1794 3901 1079 1795 3902 1079 1795 3903 1078 1794 3904 1080 1796 3905 1079 1795 3906 1080 1796 3907 1081 1797 3908 1081 1797 3909 1080 1796 3910 1082 1798 3911 1081 1797 3912 1082 1798 3913 1083 1799 3914 1081 1797 3915 1083 1799 3916 1084 1800 3917 1084 1800 3918 1083 1799 3919 1085 1801 3920 1084 1800 3921 1085 1801 3922 1086 1802 3923 1090 1803 3924 1093 1804 3925 1086 1805 3926 1090 1803 3927 1086 1805 3928 1092 1806 3929 1090 1803 3930 1092 1806 3931 1091 1807 3932 1088 1808 3933 1090 1809 3934 1089 1810 3935 1088 1808 3936 1089 1810 3937 1087 1811 3938 1088 1808 3939 1087 1811 3940 1077 1812 3941 1096 1813 3942 1094 1814 3943 1095 1815 3944 1096 1813 3945 1095 1815 3946 1097 1816 3947 1099 1817 3948 1098 1818 3949 1097 1819 3950 1242 1820 3951 1243 1821 3952 1099 1822 3953 1099 1822 3954 1243 1821 3955 1244 1823 3956 1244 1823 3957 1243 1821 3958 1245 1824 3959 1245 1825 3960 1246 1826 3961 1247 1827 3962 1249 1828 3963 1248 1829 3964 1247 1830 3965 1252 1831 3966 1249 1832 3967 1251 1833 3968 1251 1833 3969 1249 1832 3970 1250 1834 3971 1101 1835 3972 1102 1836 3973 1100 1837 3974 1100 1837 3975 1102 1836 3976 1103 1838 3977 1100 1837 3978 1103 1838 3979 1630 1839 3980 1107 1840 3981 1108 1841 3982 1106 1842 3983 1107 1840 3984 1106 1842 3985 1104 1843 3986 1104 1843 3987 1106 1842 3988 1105 1844 3989 1104 1843 3990 1105 1844 3991 1103 1838 3992 1103 1838 3993 1105 1844 3994 1635 1845 3995 1103 1838 3996 1635 1845 3997 1631 1846 3998 1103 1838 3999 1631 1846 4000 1630 1839 4001 1630 1839 4002 1631 1846 4003 1632 1847 4004 1632 1847 4005 1631 1846 4006 1633 1848 4007 1633 1848 4008 1631 1846 4009 1634 1849 4010 1634 1849 4011 1631 1846 4012 1635 1845 4013 1103 1838 4014 1102 1836 4015 1104 1843 4016 1104 1843 4017 1102 1836 4018 1109 1850 4019 1104 1843 4020 1109 1850 4021 1107 1840 4022 1123 1851 4023 1121 1852 4024 1122 1853 4025 1123 1851 4026 1122 1853 4027 1124 1854 4028 1124 1854 4029 1122 1853 4030 1131 1855 4031 1129 1856 4032 1128 1857 4033 1127 1858 4034 1127 1858 4035 1128 1857 4036 1125 1859 4037 1127 1858 4038 1125 1859 4039 1126 1860 4040 1126 1860 4041 1125 1859 4042 1124 1854 4043 1126 1860 4044 1124 1854 4045 1136 1861 4046 1136 1861 4047 1124 1854 4048 1132 1862 4049 1132 1862 4050 1124 1854 4051 1131 1855 4052 1132 1862 4053 1131 1855 4054 1133 1863 4055 1132 1862 4056 1133 1863 4057 1134 1864 4058 1132 1862 4059 1134 1864 4060 1135 1865 4061 1132 1862 4062 1135 1865 4063 1136 1861 4064 1123 1851 4065 1124 1854 4066 1125 1859 4067 1123 1851 4068 1125 1859 4069 1130 1866 4070 1130 1866 4071 1125 1859 4072 1128 1857 4073 1137 1867 4074 1138 1868 4075 1139 1869 4076 1182 1870 4077 1180 1871 4078 1181 1872 4079 1182 1870 4080 1181 1872 4081 1183 1873 4082 1188 1874 4083 1187 1875 4084 1183 1876 4085 1187 1877 4086 1186 1878 4087 1185 1879 4088 1185 1879 4089 1186 1878 4090 1184 1880 4091 1189 1881 4092 1190 1882 4093 1191 1883 4094 1191 1883 4095 1190 1882 4096 1192 1884 4097 1191 1883 4098 1192 1884 4099 1193 1885 4100 1191 1883 4101 1193 1885 4102 1194 1886 4103 1217 1887 4104 1218 1888 4105 1219 1889 4106 1217 1887 4107 1219 1889 4108 1220 1890 4109 1220 1890 4110 1219 1889 4111 1221 1891 4112 1221 1891 4113 1219 1889 4114 1222 1892 4115 1221 1891 4116 1222 1892 4117 1223 1893 4118 1253 1894 4119 1254 1895 4120 1255 1896 4121 1253 1894 4122 1255 1896 4123 1256 1897 4124 1261 1898 4125 1256 1899 4126 1260 1900 4127 1260 1901 4128 1257 1902 4129 1259 1903 4130 1259 1903 4131 1257 1902 4132 1258 1904 4133 1263 1905 4134 1264 1906 4135 1262 1907 4136 1262 1907 4137 1264 1906 4138 1265 1908 4139 1265 1908 4140 1264 1906 4141 1266 1909 4142 1266 1909 4143 1264 1906 4144 1267 1910 4145 1268 1911 4146 1269 1912 4147 1270 1913 4148 1270 1913 4149 1269 1912 4150 1271 1914 4151 1271 1914 4152 1269 1912 4153 1281 1915 4154 1281 1915 4155 1269 1912 4156 1288 1916 4157 1281 1915 4158 1288 1916 4159 1289 1917 4160 1281 1915 4161 1289 1917 4162 1290 1918 4163 1281 1915 4164 1290 1918 4165 1291 1919 4166 1291 1919 4167 1290 1918 4168 1292 1920 4169 1270 1921 4170 1272 1922 4171 1273 1923 4172 1304 1924 4173 1281 1915 4174 1291 1919 4175 1304 1924 4176 1291 1919 4177 1296 1925 4178 1280 1926 4179 1278 1927 4180 1279 1928 4181 1280 1929 4182 1277 1930 4183 1281 1915 4184 1281 1915 4185 1277 1930 4186 1275 1931 4187 1281 1915 4188 1275 1931 4189 1271 1914 4190 1271 1914 4191 1275 1931 4192 1274 1932 4193 1274 1932 4194 1275 1931 4195 1276 1933 4196 1276 1933 4197 1275 1931 4198 1277 1930 4199 1292 1934 4200 1294 1935 4201 1293 1936 4202 1293 1936 4203 1294 1935 4204 1295 1937 4205 1294 1938 4206 1297 1939 4207 1296 1940 4208 1296 1940 4209 1297 1939 4210 1298 1941 4211 1296 1940 4212 1298 1941 4213 1299 1942 4214 1299 1942 4215 1298 1941 4216 1300 1943 4217 1300 1943 4218 1298 1941 4219 1301 1944 4220 1300 1943 4221 1301 1944 4222 1302 1945 4223 1302 1945 4224 1301 1944 4225 1303 1946 4226 1282 1947 4227 1283 1948 4228 1284 1949 4229 1286 1950 4230 1282 1951 4231 1285 1952 4232 1286 1950 4233 1285 1952 4234 1287 1953 4235 415 1954 4236 1305 1955 4237 1306 1956 4238 415 1954 4239 1306 1956 4240 1307 1957 4241 1307 1957 4242 1306 1956 4243 1308 1958 4244 1308 1958 4245 1306 1956 4246 1309 1959 4247 1314 1960 4248 1315 1961 4249 1316 1962 4250 1350 1963 4251 1348 1964 4252 1349 1965 4253 1348 1966 4254 1351 1967 4255 1352 1968 4256 1352 1968 4257 1351 1967 4258 1353 1969 4259 1365 1970 4260 1366 1971 4261 1367 1972 4262 1394 1973 4263 1392 1974 4264 1393 1975 4265 1394 1973 4266 1393 1975 4267 1395 1976 4268 1446 1977 4269 1444 1978 4270 1445 1979 4271 1446 1977 4272 1445 1979 4273 1447 1980 4274 1446 1977 4275 1447 1980 4276 1448 1981 4277 1446 1977 4278 1448 1981 4279 1449 1982 4280 1449 1982 4281 1448 1981 4282 1450 1983 4283 1449 1982 4284 1450 1983 4285 1451 1984 4286 1451 1984 4287 1450 1983 4288 1452 1985 4289 1451 1984 4290 1452 1985 4291 1453 1986 4292 1453 1986 4293 1452 1985 4294 1454 1987 4295 1454 1987 4296 1452 1985 4297 1455 1988 4298 1455 1988 4299 1452 1985 4300 1456 1989 4301 1501 1990 4302 1502 1991 4303 1500 1992 4304 1500 1992 4305 1502 1991 4306 1503 1993 4307 1503 1993 4308 1502 1991 4309 1504 1994 4310 1504 1994 4311 1502 1991 4312 1505 1995 4313 1504 1994 4314 1505 1995 4315 1506 1996 4316 1506 1996 4317 1505 1995 4318 1507 1997 4319 1506 1996 4320 1507 1997 4321 1508 1998 4322 1508 1998 4323 1507 1997 4324 1509 1999 4325 1508 1998 4326 1509 1999 4327 1510 2000 4328 1508 1998 4329 1510 2000 4330 1511 2001 4331 1508 1998 4332 1511 2001 4333 1512 2002 4334 1520 2003 4335 1521 2004 4336 1522 2005 4337 1520 2003 4338 1522 2005 4339 1615 2006 4340 1523 2007 4341 1524 2008 4342 1525 2009 4343 1523 2007 4344 1525 2009 4345 1526 2010 4346 1526 2010 4347 1525 2009 4348 1527 2011 4349 1526 2010 4350 1527 2011 4351 1528 2012 4352 1528 2012 4353 1527 2011 4354 1529 2013 4355 1529 2013 4356 1527 2011 4357 1549 2014 4358 1529 2013 4359 1549 2014 4360 1550 2015 4361 1529 2013 4362 1550 2015 4363 1551 2016 4364 1529 2013 4365 1551 2016 4366 1552 2017 4367 1529 2013 4368 1552 2017 4369 1531 2018 4370 1529 2013 4371 1531 2018 4372 1530 2019 4373 1530 2019 4374 1531 2018 4375 1532 2020 4376 1530 2019 4377 1532 2020 4378 1533 2021 4379 1533 2021 4380 1532 2020 4381 1534 2022 4382 1533 2021 4383 1534 2022 4384 1535 2023 4385 1535 2023 4386 1534 2022 4387 1536 2024 4388 1535 2023 4389 1536 2024 4390 1537 2025 4391 1535 2023 4392 1537 2025 4393 1538 2026 4394 1538 2026 4395 1537 2025 4396 1539 2027 4397 1539 2027 4398 1537 2025 4399 1544 2028 4400 1539 2027 4401 1544 2028 4402 1543 2029 4403 1539 2027 4404 1543 2029 4405 1542 2030 4406 1539 2027 4407 1542 2030 4408 1541 2031 4409 1539 2027 4410 1541 2031 4411 1540 2032 4412 1539 2027 4413 1540 2032 4414 1538 2026 4415 1538 2026 4416 1540 2032 4417 1535 2023 4418 1535 2023 4419 1540 2032 4420 1547 2033 4421 1535 2023 4422 1547 2033 4423 1546 2034 4424 1546 2034 4425 1547 2033 4426 1545 2035 4427 1527 2011 4428 1525 2009 4429 1549 2014 4430 1530 2019 4431 1528 2012 4432 1529 2013 4433 1530 2019 4434 1533 2021 4435 1548 2036 4436 1548 2036 4437 1533 2021 4438 1546 2034 4439 1546 2034 4440 1533 2021 4441 1535 2023 4442 1556 2037 4443 1554 2038 4444 1557 2039 4445 1559 2040 4446 1560 2041 4447 1561 2042 4448 1559 2040 4449 1561 2042 4450 1562 2043 4451 1562 2043 4452 1561 2042 4453 1563 2044 4454 1562 2043 4455 1565 2045 4456 1559 2040 4457 1559 2040 4458 1565 2045 4459 1566 2046 4460 1566 2046 4461 1565 2045 4462 1567 2047 4463 1567 2047 4464 1565 2045 4465 1581 2048 4466 1581 2048 4467 1565 2045 4468 1582 2049 4469 1582 2049 4470 1565 2045 4471 1562 2043 4472 1582 2049 4473 1562 2043 4474 1583 2050 4475 1583 2050 4476 1562 2043 4477 1584 2051 4478 1584 2051 4479 1562 2043 4480 1564 2052 4481 1584 2051 4482 1564 2052 4483 1585 2053 4484 1585 2053 4485 1564 2052 4486 1563 2044 4487 1585 2053 4488 1563 2044 4489 1586 2054 4490 1585 2053 4491 1586 2054 4492 1587 2055 4493 1585 2053 4494 1587 2055 4495 1588 2056 4496 1585 2053 4497 1588 2056 4498 1589 2057 4499 1585 2053 4500 1589 2057 4501 1584 2051 4502 1564 2052 4503 1562 2043 4504 1563 2044 4505 1581 2048 4506 1575 2058 4507 1567 2047 4508 1567 2047 4509 1575 2058 4510 1571 2059 4511 1567 2047 4512 1571 2059 4513 1580 2060 4514 1571 2059 4515 1575 2058 4516 1574 2061 4517 1571 2059 4518 1574 2061 4519 1573 2062 4520 1571 2059 4521 1573 2062 4522 1572 2063 4523 1571 2059 4524 1572 2063 4525 1570 2064 4526 1571 2059 4527 1570 2064 4528 1569 2065 4529 1569 2065 4530 1570 2064 4531 1568 2066 4532 1569 2065 4533 1568 2066 4534 1578 2067 4535 1578 2067 4536 1568 2066 4537 1577 2068 4538 1577 2068 4539 1568 2066 4540 1576 2069 4541 1571 2059 4542 1569 2065 4543 1579 2070 4544 1579 2070 4545 1569 2065 4546 1578 2067 4547 1591 2071 4548 1592 2072 4549 1590 2073 4550 1590 2073 4551 1592 2072 4552 1593 2074 4553 1593 2074 4554 1592 2072 4555 1594 2075 4556 1594 2075 4557 1592 2072 4558 1595 2076 4559 1595 2076 4560 1592 2072 4561 1596 2077 4562 1592 2078 4563 1597 2079 4564 1598 2080 4565 1599 2081 4566 1600 2082 4567 1601 2083 4568 1599 2081 4569 1601 2083 4570 1602 2084 4571 1606 2085 4572 1605 2086 4573 1601 2087 4574 1605 2088 4575 1604 2089 4576 1603 2090 4577 1603 2090 4578 1604 2089 4579 1602 2091 4580 1517 2092 4581 1616 2093 4582 1617 2094 4583 1620 2095 4584 1618 2096 4585 1619 2097 4586 1620 2095 4587 1619 2097 4588 1621 2098 4589 1620 2095 4590 1621 2098 4591 1622 2099 4592 1622 2099 4593 1621 2098 4594 1623 2100 4595 1623 2100 4596 1621 2098 4597 1624 2101 4598 1623 2100 4599 1624 2101 4600 1625 2102 4601 1625 2102 4602 1624 2101 4603 1626 2103 4604 1625 2102 4605 1626 2103 4606 1627 2104 4607 1627 2104 4608 1626 2103 4609 1628 2105 4610 1628 2105 4611 1626 2103 4612 1629 2106 4613 1660 2107 4614 1661 2108 4615 1659 2109 4616 1659 2109 4617 1661 2108 4618 1662 2110 4619 1662 2110 4620 1661 2108 4621 1663 2111 4622 1663 2111 4623 1661 2108 4624 1664 2112 4625 1663 2111 4626 1664 2112 4627 1665 2113 4628 1663 2111 4629 1665 2113 4630 1666 2114 4631 1666 2114 4632 1665 2113 4633 1667 2115 4634 1666 2114 4635 1667 2115 4636 1668 2116 4637 1666 2114 4638 1668 2116 4639 1669 2117 4640 1669 2117 4641 1668 2116 4642 1670 2118 4643 1670 2118 4644 1668 2116 4645 1671 2119 4646 1672 2120 4647 1673 2121 4648 1674 2122 4649 1674 2122 4650 1673 2121 4651 1675 2123 4652 1675 2123 4653 1673 2121 4654 1676 2124 4655 1676 2124 4656 1673 2121 4657 1677 2125 4658 1676 2124 4659 1677 2125 4660 1678 2126 4661 1678 2126 4662 1677 2125 4663 1679 2127 4664 1678 2126 4665 1679 2127 4666 1680 2128 4667 1680 2128 4668 1679 2127 4669 1681 2129 4670 1681 2129 4671 1679 2127 4672 1682 2130 4673 1681 2129 4674 1682 2130 4675 1683 2131 4676 1684 2132 4677 1685 2133 4678 1686 2134 4679 1684 2132 4680 1686 2134 4681 1687 2135 4682 1690 2136 4683 1688 2137 4684 1689 2138 4685 1690 2136 4686 1689 2138 4687 1691 2139 4688 1690 2136 4689 1691 2139 4690 1692 2140 4691 1692 2140 4692 1691 2139 4693 1693 2141 4694 1693 2141 4695 1691 2139 4696 1694 2142 4697 1696 2143 4698 1697 2144 4699 1695 2145 4700 1695 2145 4701 1697 2144 4702 1698 2146 4703 1700 2147 4704 1701 2148 4705 1699 2149 4706 1699 2149 4707 1701 2148 4708 1702 2150 4709 1706 2151 4710 1709 2152 4711 125 2153 4712 1705 2154 4713 1706 2155 4714 1703 2156 4715 1705 2154 4716 1703 2156 4717 1704 2157 4718 1704 2158 4719 1823 2159 4720 1824 2160 4721 1712 2161 4722 33 2162 4723 1713 2163 4724 1724 2164 4725 1722 2165 4726 1723 2166 4727 1725 2167 4728 1726 2168 4729 1727 2169 4730 1730 2170 4731 1728 2171 4732 1729 2172 4733 1730 2170 4734 1729 2172 4735 1731 2173 4736 1730 2170 4737 1731 2173 4738 1732 2174 4739 1749 2175 4740 1747 2176 4741 1748 2177 4742 1749 2175 4743 1748 2177 4744 1750 2178 4745 1749 2175 4746 1750 2178 4747 1751 2179 4748 1749 2175 4749 1751 2179 4750 1752 2180 4751 1752 2180 4752 1751 2179 4753 1753 2181 4754 1753 2181 4755 1751 2179 4756 1754 2182 4757 1753 2181 4758 1754 2182 4759 1755 2183 4760 1755 2183 4761 1754 2182 4762 1756 2184 4763 1756 2184 4764 1754 2182 4765 1757 2185 4766 1756 2184 4767 1757 2185 4768 1758 2186 4769 1756 2184 4770 1758 2186 4771 1759 2187 4772 1766 2188 4773 1764 2189 4774 1765 2190 4775 1766 2188 4776 1765 2190 4777 1767 2191 4778 1766 2188 4779 1767 2191 4780 1768 2192 4781 1766 2188 4782 1768 2192 4783 1769 2193 4784 1766 2188 4785 1769 2193 4786 1770 2194 4787 1772 2195 4788 1766 2196 4789 1771 2197 4790 1773 2198 4791 1774 2199 4792 1775 2200 4793 1775 2200 4794 1774 2199 4795 1776 2201 4796 1775 2200 4797 1776 2201 4798 1777 2202 4799 1791 2203 4800 1789 2204 4801 1790 2205 4802 1791 2203 4803 1790 2205 4804 1792 2206 4805 1791 2203 4806 1792 2206 4807 1793 2207 4808 1796 2208 4809 1794 2209 4810 1795 2210 4811 1796 2211 4812 1798 2212 4813 1799 2213 4814 1802 2214 4815 1800 2215 4816 1801 2216 4817 1803 2217 4818 1804 2218 4819 1805 2219 4820 1808 2220 4821 1806 2221 4822 1807 2222 4823 1811 2223 4824 1812 2224 4825 1813 2225 4826 1816 2226 4827 1814 2227 4828 1815 2228 4829 1819 2229 4830 1820 2230 4831 1818 2231 4832 1818 2231 4833 1820 2230 4834 1821 2232 4835 1821 2232 4836 1820 2230 4837 1822 2233 4838 1826 2234 4839 1827 2235 4840 1825 2236 4841 1825 2236 4842 1827 2235 4843 1828 2237 4844 1835 2238 4845 1833 2239 4846 1834 2240 4847 1834 2240 4848 1833 2239 4849 1836 2241 4850 1837 2242 4851 1838 2243 4852 1839 2244 4853 1840 2245 4854 1838 2246 4855 1841 2247 4856 1840 2245 4857 1841 2247 4858 1842 2248 4859 1845 2249 4860 1844 2250 4861 1055 2251 4862 1845 2252 4863 1846 2253 4864 1847 2254 4865 1858 2255 4866 1856 2256 4867 1857 2257 4868 1867 2258 4869 1868 2259 4870 1869 2260 4871</p>
        </triangles>
        <triangles material="light_shield_cc-material" count="30">
          <input semantic="VERTEX" source="#chest_base-mesh-vertices" offset="0"/>
          <input semantic="NORMAL" source="#chest_base-mesh-normals" offset="1"/>
          <input semantic="TEXCOORD" source="#chest_base-mesh-map-0" offset="2" set="0"/>
          <p>1870 2261 4872 1871 2262 4873 1872 2263 4874 1872 2263 4875 1871 2262 4876 1873 2264 4877 1874 2265 4878 1875 2265 4879 1876 2265 4880 1876 2266 4881 1875 2266 4882 1877 2266 4883 1878 2267 4884 1879 2267 4885 1880 2267 4886 1880 2268 4887 1879 2269 4888 1881 2270 4889 1882 2271 4890 1883 2272 4891 1884 2273 4892 1884 2274 4893 1883 2275 4894 1885 2276 4895 1886 2277 4896 1887 2278 4897 1888 2279 4898 1888 2280 4899 1887 2281 4900 1889 2282 4901 1890 2283 4902 1891 2283 4903 1892 2284 4904 1892 2285 4905 1891 2286 4906 1893 2287 4907 1894 2288 4908 1895 2289 4909 1896 2290 4910 1896 2291 4911 1895 2292 4912 1897 2293 4913 1898 2294 4914 1899 2295 4915 1900 2294 4916 1900 2296 4917 1899 2297 4918 1901 2298 4919 1902 2299 4920 1903 2300 4921 1904 2300 4922 1904 2301 4923 1903 2302 4924 1905 2303 4925 1906 2304 4926 1907 2305 4927 1908 2305 4928 1908 2306 4929 1907 2306 4930 1909 2307 4931 1910 2308 4932 1911 2308 4933 1912 2308 4934 1912 2309 4935 1911 2309 4936 1913 2309 4937 1914 2310 4938 1915 2310 4939 1916 2310 4940 1916 2311 4941 1915 2311 4942 1917 2311 4943 1918 2312 4944 1919 2313 4945 1920 2314 4946 1920 2314 4947 1919 2313 4948 1921 2315 4949 1922 2316 4950 1923 2317 4951 1924 2318 4952 1924 2319 4953 1923 2320 4954 1925 2321 4955 1926 2322 4956 1927 2323 4957 1928 2324 4958 1928 2325 4959 1927 2326 4960 1929 2327 4961</p>
        </triangles>
        <triangles material="emblem-material" count="8">
          <input semantic="VERTEX" source="#chest_base-mesh-vertices" offset="0"/>
          <input semantic="NORMAL" source="#chest_base-mesh-normals" offset="1"/>
          <input semantic="TEXCOORD" source="#chest_base-mesh-map-0" offset="2" set="0"/>
          <p>1937 2328 4962 1935 2329 4963 1930 2330 4964 1933 2331 4965 1934 2332 4966 1936 2333 4967 1934 2332 4968 1931 2334 4969 1936 2333 4970 1932 2335 4971 1937 2328 4972 1930 2330 4973 1940 2336 4974 1939 2337 4975 1941 2338 4976 1939 2337 4977 1938 2339 4978 1941 2338 4979 1943 2340 4980 1945 2341 4981 1944 2340 4982 1942 2342 4983 1943 2340 4984 1944 2340 4985</p>
        </triangles>
      </mesh>
    </geometry>
  </library_geometries>
  <library_controllers>
    <controller id="Armature_default_mp_beta-skin" name="Armature">
      <skin source="#default_mp_beta-mesh">
        <bind_shape_matrix>1 0 0 0 0 1 0 0 0 0 1 0 0 0 0 1</bind_shape_matrix>
        <source id="Armature_default_mp_beta-skin-joints">
          <Name_array id="Armature_default_mp_beta-skin-joints-array" count="51">pelvis l_thigh r_thigh spine l_calf r_calf spine1 l_foot r_foot l_clavicle neck r_clavicle l_toe r_toe l_upperarm head r_upperarm l_forearm r_forearm l_hand r_hand l_index_low l_middle_low l_pinky_low l_ring_low l_thumb_low r_index_low r_middle_low r_pinky_low r_ring_low r_thumb_low l_index_mid l_middle_mid l_pinky_mid l_ring_mid l_thumb_mid r_index_mid r_middle_mid r_pinky_mid r_ring_mid r_thumb_mid l_index_tip l_middle_tip l_pinky_tip l_ring_tip l_thumb_tip r_index_tip r_middle_tip r_pinky_tip r_ring_tip r_thumb_tip</Name_array>
          <technique_common>
            <accessor source="#Armature_default_mp_beta-skin-joints-array" count="51" stride="1">
              <param name="JOINT" type="name"/>
            </accessor>
          </technique_common>
        </source>
        <source id="Armature_default_mp_beta-skin-bind_poses">
          <float_array id="Armature_default_mp_beta-skin-bind_poses-array" count="816">1.98285e-6 0 1 -39.43847 0 1 0 0 -1 0 1.98285e-6 -0.8210782 0 0 0 1 -0.09711545 0 -0.9952731 39.1723 0 1 0 -4.218651 0.9952731 0 -0.09711545 4.647207 0 0 0 1 0.02842217 0 -0.9995961 39.44588 0 1 0 4.218651 0.9995961 0 0.02842217 -0.3002634 0 0 0 1 7.96036e-4 0 0.9999997 -43.1744 0 1 0 -3.69549e-6 -0.9999997 0 7.96036e-4 -0.8612564 0 0 0 1 -0.2221002 0 -0.9750239 21.40363 0 1 0 -5.312521 0.9750239 0 -0.2221002 6.3097 0 0 0 1 -0.1064299 0 -0.9943203 21.99434 0 1 0 5.230562 0.9943203 0 -0.1064299 3.704057 0 0 0 1 7.96036e-4 0 0.9999997 -50.57437 0 1 0 -1.93119e-5 -0.9999997 0 7.96036e-4 -0.8681024 0 0 0 1 6.70552e-7 0 -1 6.877819 0 1 0 -6.299339 1 0 6.70552e-7 3.901764 0 0 0 1 1.14739e-6 0 -1 6.877312 0 1 0 6.14305 1 0 1.14739e-6 3.911528 0 0 0 1 1 0 -2.5034e-6 0.8211237 0 1 0 -5.980301 2.5034e-6 0 1 -56.92436 0 0 0 1 0.06076008 0 0.9981524 -59.02845 0 1 0 -3.12328e-5 -0.9981524 0 0.06076008 -4.417078 0 0 0 1 -0.9999997 0 8.02906e-4 -0.8666705 0 1 0 5.980243 -8.02906e-4 0 -0.9999997 56.92372 0 0 0 1 1 0 -4.29253e-6 -1.858573 0 1 0 -6.29932 4.29253e-6 0 1 -0.05844295 0 0 0 1 1 0 -3.81569e-6 -1.848813 0 1 0 6.143054 3.81569e-6 0 1 -0.05793178 0 0 0 1 0.2013086 0 -0.979528 55.92427 0 1 0 -9.022868 0.979528 0 0.2013086 -10.6552 0 0 0 1 -2.86847e-7 0 1 -60.90931 0 1 0 -3.40939e-5 -1 0 -2.86847e-7 -0.7175332 0 0 0 1 -0.188954 0 -0.9819861 55.74386 0 1 0 9.022809 0.9819861 0 -0.188954 11.56228 0 0 0 1 0.3294743 0 -0.9441646 43.92884 0 1 0 -11.13758 0.9441646 0 0.3294743 -14.5592 0 0 0 1 -0.05045419 0 -0.9987264 46.17688 0 1 0 11.1376 0.9987264 0 -0.05045419 3.069371 0 0 0 1 -0.3649712 0 0.931019 -32.45397 0 1 0 -13.31552 -0.931019 0 -0.3649712 13.73834 0 0 0 1 0.1465873 0 -0.9891977 34.71136 0 1 0 13.31563 0.9891977 0 0.1465873 -6.082541 0 0 0 1 -0.2425774 0 0.9701322 -28.72574 0 1 0 -13.16013 -0.9701322 0 -0.2425774 9.976641 0 0 0 1 -0.3114544 0 0.9502612 -28.08117 0 1 0 -13.37454 -0.9502612 0 -0.3114544 10.951 0 0 0 1 -0.46657 0 0.8844845 -27.4635 0 1 0 -13.22775 -0.8844845 0 -0.46657 14.0206 0 0 0 1 -0.3888717 0 0.921292 -27.49639 0 1 0 -13.42517 -0.921292 0 -0.3888717 12.35433 0 0 0 1 -0.3083322 0 -0.9512789 32.53058 0 1 0 -12.68094 0.9512789 0 -0.3083322 7.083755 0 0 0 1 0.2604886 0 -0.9654768 28.53913 0 1 0 13.16032 0.9654768 0 0.2604886 -10.4852 0 0 0 1 0.09874564 0 -0.9951127 29.78438 0 1 0 13.37468 0.9951127 0 0.09874564 -4.602375 0 0 0 1 -0.09375363 0 -0.9955954 30.65595 0 1 0 13.22785 0.9955954 0 -0.09375363 3.322331 0 0 0 1 -0.03773862 0 -0.9992875 30.13907 0 1 0 13.42534 0.9992875 0 -0.03773862 0.4698128 0 0 0 1 0.6197924 0 -0.7847658 23.9684 0 1 0 12.68104 0.7847658 0 0.6197924 -23.09979 0 0 0 1 -0.2185275 0 0.9758309 -27.32168 0 1 0 -12.73438 -0.9758309 0 -0.2185275 9.277963 0 0 0 1 -0.2238233 0 0.9746298 -27.14057 0 1 0 -12.80065 -0.9746298 0 -0.2238233 8.117479 0 0 0 1 -0.2371218 0 0.97148 -28.81913 0 1 0 -12.77139 -0.97148 0 -0.2371218 6.474303 0 0 0 1 -0.2760125 0 0.9611542 -27.24076 0 1 0 -12.78509 -0.9611542 0 -0.2760125 8.510142 0 0 0 1 -0.6593345 0 -0.75185 26.65189 0 1 0 -12.19146 0.75185 0 -0.6593345 17.95915 0 0 0 1 0.2228222 0 -0.9748591 27.29351 0 1 0 12.69474 0.9748591 0 0.2228222 -9.364563 0 0 0 1 0.1069902 0 -0.99426 27.91951 0 1 0 12.77262 0.99426 0 0.1069902 -4.85506 0 0 0 1 -0.08998388 0 -0.9959431 29.36953 0 1 0 12.74902 0.9959431 0 -0.08998388 3.204443 0 0 0 1 -0.03635287 0 -0.999339 28.54778 0 1 0 12.75291 0.999339 0 -0.03635287 0.4196385 0 0 0 1 0.5639691 0 -0.8257959 24.0387 0 1 0 12.19158 0.8257959 0 0.5639691 -21.32115 0 0 0 1 -0.2133874 0 0.9769678 -26.31636 0 1 0 -11.9954 -0.9769678 0 -0.2133874 9.147328 0 0 0 1 -0.19561 0 0.9806818 -26.21331 0 1 0 -12.10106 -0.9806818 0 -0.19561 7.206446 0 0 0 1 -0.1628126 0 0.9866571 -28.31106 0 1 0 -12.08911 -0.9866571 0 -0.1628126 4.000612 0 0 0 1 -0.1944855 0 0.9809055 -26.73184 0 1 0 -12.09561 -0.9809055 0 -0.1944855 5.938566 0 0 0 1 -0.6593342 0 -0.7518502 26.24094 0 1 0 -11.68869 0.7518502 0 -0.6593342 17.07201 0 0 0 1 0.2080776 0 -0.9781123 26.32795 0 1 0 12.03857 0.9781123 0 0.2080776 -8.863822 0 0 0 1 0.1108917 0 -0.9938323 26.75414 0 1 0 12.05594 0.9938323 0 0.1108917 -4.987036 0 0 0 1 -0.08812284 0 -0.9961094 28.43285 0 1 0 12.04966 0.9961094 0 -0.08812284 3.140432 0 0 0 1 -0.03259128 0 -0.9994686 27.37545 0 1 0 12.0948 0.9994686 0 -0.03259128 0.3055174 0 0 0 1 0.4898511 0 -0.8718062 24.84788 0 1 0 11.6969 0.8718062 0 0.4898511 -19.05307 0 0 0 1</float_array>
          <technique_common>
            <accessor source="#Armature_default_mp_beta-skin-bind_poses-array" count="51" stride="16">
              <param name="TRANSFORM" type="float4x4"/>
            </accessor>
          </technique_common>
        </source>
        <source id="Armature_default_mp_beta-skin-weights">
          <float_array id="Armature_default_mp_beta-skin-weights-array" count="123">1 1 1 1 1 1 1 1 1 1 1 1 1 1 1 1 1 1 1 1 1 1 1 1 1 1 1 1 1 1 1 1 1 1 1 1 1 1 1 1 1 1 1 1 1 1 1 1 1 1 1 1 1 1 1 1 1 1 1 1 1 1 1 1 1 1 1 1 1 1 1 1 1 1 1 1 1 1 1 1 1 1 1 1 1 0.9989002 0.001099765 1 1 1 1 1 1 1 1 1 1 1 1 1 1 1 1 0.9999746 2.53535e-5 1 1 1 0.999462 5.38073e-4 0.9999746 2.53535e-5 1 1 0.9989002 0.001099765 1 1 1 1 1 1 1</float_array>
          <technique_common>
            <accessor source="#Armature_default_mp_beta-skin-weights-array" count="123" stride="1">
              <param name="WEIGHT" type="float"/>
            </accessor>
          </technique_common>
        </source>
        <joints>
          <input semantic="JOINT" source="#Armature_default_mp_beta-skin-joints"/>
          <input semantic="INV_BIND_MATRIX" source="#Armature_default_mp_beta-skin-bind_poses"/>
        </joints>
        <vertex_weights count="118">
          <input semantic="JOINT" source="#Armature_default_mp_beta-skin-joints" offset="0"/>
          <input semantic="WEIGHT" source="#Armature_default_mp_beta-skin-weights" offset="1"/>
          <vcount>1 1 1 1 1 1 1 1 1 1 1 1 1 1 1 1 1 1 1 1 1 1 1 1 1 1 1 1 1 1 1 1 1 1 1 1 1 1 1 1 1 1 1 1 1 1 1 1 1 1 1 1 1 1 1 1 1 1 1 1 1 1 1 1 1 1 1 1 1 1 1 1 1 1 1 1 1 1 1 1 1 1 1 1 1 2 1 1 1 1 1 1 1 1 1 1 1 1 1 1 1 1 2 1 1 1 2 2 1 1 2 1 1 1 1 1 1 1 </vcount>
          <v>15 0 15 1 15 2 15 3 15 4 15 5 15 6 15 7 15 8 15 9 15 10 15 11 15 12 15 13 15 14 15 15 15 16 15 17 15 18 15 19 15 20 15 21 15 22 15 23 15 24 15 25 15 26 15 27 15 28 15 29 15 30 15 31 15 32 15 33 15 34 15 35 15 36 15 37 15 38 15 39 15 40 15 41 15 42 15 43 15 44 15 45 15 46 15 47 15 48 15 49 15 50 15 51 15 52 15 53 15 54 15 55 15 56 15 57 15 58 15 59 15 60 15 61 15 62 15 63 15 64 15 65 15 66 15 67 15 68 15 69 15 70 15 71 15 72 15 73 15 74 15 75 15 76 15 77 15 78 15 79 15 80 15 81 15 82 15 83 15 84 15 85 32 86 15 87 15 88 15 89 15 90 15 91 15 92 15 93 15 94 15 95 15 96 15 97 15 98 15 99 15 100 15 101 15 102 15 103 32 104 15 105 15 106 15 107 15 108 32 109 15 110 32 111 15 112 15 113 15 114 32 115 15 116 15 117 15 118 15 119 15 120 15 121 15 122</v>
        </vertex_weights>
      </skin>
    </controller>
    <controller id="Armature_chest_mp_beta-skin" name="Armature">
      <skin source="#chest_mp_beta-mesh">
        <bind_shape_matrix>1 0 0 0 0 1 0 0 0 0 1 0 0 0 0 1</bind_shape_matrix>
        <source id="Armature_chest_mp_beta-skin-joints">
          <Name_array id="Armature_chest_mp_beta-skin-joints-array" count="51">pelvis l_thigh r_thigh spine l_calf r_calf spine1 l_foot r_foot l_clavicle neck r_clavicle l_toe r_toe l_upperarm head r_upperarm l_forearm r_forearm l_hand r_hand l_index_low l_middle_low l_pinky_low l_ring_low l_thumb_low r_index_low r_middle_low r_pinky_low r_ring_low r_thumb_low l_index_mid l_middle_mid l_pinky_mid l_ring_mid l_thumb_mid r_index_mid r_middle_mid r_pinky_mid r_ring_mid r_thumb_mid l_index_tip l_middle_tip l_pinky_tip l_ring_tip l_thumb_tip r_index_tip r_middle_tip r_pinky_tip r_ring_tip r_thumb_tip</Name_array>
          <technique_common>
            <accessor source="#Armature_chest_mp_beta-skin-joints-array" count="51" stride="1">
              <param name="JOINT" type="name"/>
            </accessor>
          </technique_common>
        </source>
        <source id="Armature_chest_mp_beta-skin-bind_poses">
          <float_array id="Armature_chest_mp_beta-skin-bind_poses-array" count="816">1.98285e-6 0 1 -39.43847 0 1 0 0 -1 0 1.98285e-6 -0.8210782 0 0 0 1 -0.09711545 0 -0.9952731 39.1723 0 1 0 -4.218651 0.9952731 0 -0.09711545 4.647207 0 0 0 1 0.02842217 0 -0.9995961 39.44588 0 1 0 4.218651 0.9995961 0 0.02842217 -0.3002634 0 0 0 1 7.96036e-4 0 0.9999997 -43.1744 0 1 0 -3.69549e-6 -0.9999997 0 7.96036e-4 -0.8612564 0 0 0 1 -0.2221002 0 -0.9750239 21.40363 0 1 0 -5.312521 0.9750239 0 -0.2221002 6.3097 0 0 0 1 -0.1064299 0 -0.9943203 21.99434 0 1 0 5.230562 0.9943203 0 -0.1064299 3.704057 0 0 0 1 7.96036e-4 0 0.9999997 -50.57437 0 1 0 -1.93119e-5 -0.9999997 0 7.96036e-4 -0.8681024 0 0 0 1 6.70552e-7 0 -1 6.877819 0 1 0 -6.299339 1 0 6.70552e-7 3.901764 0 0 0 1 1.14739e-6 0 -1 6.877312 0 1 0 6.14305 1 0 1.14739e-6 3.911528 0 0 0 1 1 0 -2.5034e-6 0.8211237 0 1 0 -5.980301 2.5034e-6 0 1 -56.92436 0 0 0 1 0.06076008 0 0.9981524 -59.02845 0 1 0 -3.12328e-5 -0.9981524 0 0.06076008 -4.417078 0 0 0 1 -0.9999997 0 8.02906e-4 -0.8666705 0 1 0 5.980243 -8.02906e-4 0 -0.9999997 56.92372 0 0 0 1 1 0 -4.29253e-6 -1.858573 0 1 0 -6.29932 4.29253e-6 0 1 -0.05844295 0 0 0 1 1 0 -3.81569e-6 -1.848813 0 1 0 6.143054 3.81569e-6 0 1 -0.05793178 0 0 0 1 0.2013086 0 -0.979528 55.92427 0 1 0 -9.022868 0.979528 0 0.2013086 -10.6552 0 0 0 1 -2.86847e-7 0 1 -60.90931 0 1 0 -3.40939e-5 -1 0 -2.86847e-7 -0.7175332 0 0 0 1 -0.188954 0 -0.9819861 55.74386 0 1 0 9.022809 0.9819861 0 -0.188954 11.56228 0 0 0 1 0.3294743 0 -0.9441646 43.92884 0 1 0 -11.13758 0.9441646 0 0.3294743 -14.5592 0 0 0 1 -0.05045419 0 -0.9987264 46.17688 0 1 0 11.1376 0.9987264 0 -0.05045419 3.069371 0 0 0 1 -0.3649712 0 0.931019 -32.45397 0 1 0 -13.31552 -0.931019 0 -0.3649712 13.73834 0 0 0 1 0.1465873 0 -0.9891977 34.71136 0 1 0 13.31563 0.9891977 0 0.1465873 -6.082541 0 0 0 1 -0.2425774 0 0.9701322 -28.72574 0 1 0 -13.16013 -0.9701322 0 -0.2425774 9.976641 0 0 0 1 -0.3114544 0 0.9502612 -28.08117 0 1 0 -13.37454 -0.9502612 0 -0.3114544 10.951 0 0 0 1 -0.46657 0 0.8844845 -27.4635 0 1 0 -13.22775 -0.8844845 0 -0.46657 14.0206 0 0 0 1 -0.3888717 0 0.921292 -27.49639 0 1 0 -13.42517 -0.921292 0 -0.3888717 12.35433 0 0 0 1 -0.3083322 0 -0.9512789 32.53058 0 1 0 -12.68094 0.9512789 0 -0.3083322 7.083755 0 0 0 1 0.2604886 0 -0.9654768 28.53913 0 1 0 13.16032 0.9654768 0 0.2604886 -10.4852 0 0 0 1 0.09874564 0 -0.9951127 29.78438 0 1 0 13.37468 0.9951127 0 0.09874564 -4.602375 0 0 0 1 -0.09375363 0 -0.9955954 30.65595 0 1 0 13.22785 0.9955954 0 -0.09375363 3.322331 0 0 0 1 -0.03773862 0 -0.9992875 30.13907 0 1 0 13.42534 0.9992875 0 -0.03773862 0.4698128 0 0 0 1 0.6197924 0 -0.7847658 23.9684 0 1 0 12.68104 0.7847658 0 0.6197924 -23.09979 0 0 0 1 -0.2185275 0 0.9758309 -27.32168 0 1 0 -12.73438 -0.9758309 0 -0.2185275 9.277963 0 0 0 1 -0.2238233 0 0.9746298 -27.14057 0 1 0 -12.80065 -0.9746298 0 -0.2238233 8.117479 0 0 0 1 -0.2371218 0 0.97148 -28.81913 0 1 0 -12.77139 -0.97148 0 -0.2371218 6.474303 0 0 0 1 -0.2760125 0 0.9611542 -27.24076 0 1 0 -12.78509 -0.9611542 0 -0.2760125 8.510142 0 0 0 1 -0.6593345 0 -0.75185 26.65189 0 1 0 -12.19146 0.75185 0 -0.6593345 17.95915 0 0 0 1 0.2228222 0 -0.9748591 27.29351 0 1 0 12.69474 0.9748591 0 0.2228222 -9.364563 0 0 0 1 0.1069902 0 -0.99426 27.91951 0 1 0 12.77262 0.99426 0 0.1069902 -4.85506 0 0 0 1 -0.08998388 0 -0.9959431 29.36953 0 1 0 12.74902 0.9959431 0 -0.08998388 3.204443 0 0 0 1 -0.03635287 0 -0.999339 28.54778 0 1 0 12.75291 0.999339 0 -0.03635287 0.4196385 0 0 0 1 0.5639691 0 -0.8257959 24.0387 0 1 0 12.19158 0.8257959 0 0.5639691 -21.32115 0 0 0 1 -0.2133874 0 0.9769678 -26.31636 0 1 0 -11.9954 -0.9769678 0 -0.2133874 9.147328 0 0 0 1 -0.19561 0 0.9806818 -26.21331 0 1 0 -12.10106 -0.9806818 0 -0.19561 7.206446 0 0 0 1 -0.1628126 0 0.9866571 -28.31106 0 1 0 -12.08911 -0.9866571 0 -0.1628126 4.000612 0 0 0 1 -0.1944855 0 0.9809055 -26.73184 0 1 0 -12.09561 -0.9809055 0 -0.1944855 5.938566 0 0 0 1 -0.6593342 0 -0.7518502 26.24094 0 1 0 -11.68869 0.7518502 0 -0.6593342 17.07201 0 0 0 1 0.2080776 0 -0.9781123 26.32795 0 1 0 12.03857 0.9781123 0 0.2080776 -8.863822 0 0 0 1 0.1108917 0 -0.9938323 26.75414 0 1 0 12.05594 0.9938323 0 0.1108917 -4.987036 0 0 0 1 -0.08812284 0 -0.9961094 28.43285 0 1 0 12.04966 0.9961094 0 -0.08812284 3.140432 0 0 0 1 -0.03259128 0 -0.9994686 27.37545 0 1 0 12.0948 0.9994686 0 -0.03259128 0.3055174 0 0 0 1 0.4898511 0 -0.8718062 24.84788 0 1 0 11.6969 0.8718062 0 0.4898511 -19.05307 0 0 0 1</float_array>
          <technique_common>
            <accessor source="#Armature_chest_mp_beta-skin-bind_poses-array" count="51" stride="16">
              <param name="TRANSFORM" type="float4x4"/>
            </accessor>
          </technique_common>
        </source>
        <source id="Armature_chest_mp_beta-skin-weights">
          <float_array id="Armature_chest_mp_beta-skin-weights-array" count="1405">1 1 1 0.5 0.5 1 1 0.9998931 1.06908e-4 1 1 0.5 0.5 1 0.5 0.5 1 1 1 1 0.5 0.5 1 1 1 1 1 1 1 1 1 1 1 0.9998931 1.06908e-4 0.9997857 2.14281e-4 0.5 0.5 0.5 0.5 1 0.9998931 1.06908e-4 1 1 1 1 0.9998931 1.06908e-4 0.9997857 2.14281e-4 1 1 1 1 1 1 1 1 1 1 1 1 1 1 0.5 0.5 1 1 1 1 1 0.5 0.5 1 1 1 1 1 1 1 1 1 1 1 1 1 1 1 1 1 1 1 1 1 1 1 1 0.5 0.5 1 1 1 1 1 1 1 1 1 1 1 1 1 0.5 0.5 1 1 1 1 1 1 1 1 1 1 1 0.5 0.5 1 0.5 0.5 1 1 0.5 0.5 0.5 0.5 1 0.5 0.5 1 1 1 1 1 1 1 1 1 1 1 1 1 1 1 1 1 1 1 1 1 1 1 1 1 1 1 1 1 1 1 1 1 1 1 1 1 1 1 1 1 1 1 0.9997857 2.14281e-4 1 0.9997857 2.14281e-4 0.9295642 0.07043576 0.7613935 0.2386065 1 1 0.9379589 0.06204104 1 0.4242599 0.5757401 1 0.9296364 0.07036358 1 1 0.7613965 0.2386034 1 1 1 1 1 1 1 0.9295642 0.07043576 1 0.9784132 0.02158677 1 1 1 1 0.9777938 0.02220618 0.7613965 0.2386034 0.938546 0.06145399 1 1 1 1 0.4241171 0.575883 0.1171815 0.8828184 0.1171815 0.8828184 0.1062031 0.8937969 0.1062031 0.8937969 1 0.08020102 0.919799 1 0.9332992 0.06670087 0.05271363 0.9472864 1 1 1 1 1 1 1 1 1 1 1 1 1 1 1 0.9429084 0.05709165 1 0.7403343 0.2596657 1 1 1 1 0.06671619 0.9332838 1 1 1 1 1 1 0.05164891 0.948351 1 0.07868206 0.9213179 1 1 1 1 1 1 0.7391437 0.2608563 1 1 1 1 1 1 1 1 1 1 1 1 1 1 1 1 1 1 1 1 1 1 1 1 1 1 1 1 1 1 1 1 1 1 1 1 1 1 1 1 1 1 1 1 1 1 1 1 1 1 1 1 1 1 1 1 1 1 1 1 1 1 1 1 1 1 0.07777273 0.9222272 0.04636257 0.9536375 1 1 1 1 0.04636257 0.9536375 1 1 1 1 1 1 1 1 1 1 1 1 1 1 1 1 1 1 1 1 0.04419904 0.9558009 1 1 1 1 1 1 1 1 1 0.04419904 0.9558009 0.07953345 0.9204666 1 1 1 0.4241171 0.575883 1 1 0.9777938 0.02220618 0.9295642 0.07043576 1 1 1 1 1 0.938546 0.06145399 0.9784132 0.02158677 1 1 0.4242599 0.5757401 0.9379589 0.06204104 1 1 1 1 1 0.9296364 0.07036358 0.3179659 0.6820341 0.4250409 0.5749592 0.1999999 0.8 1 1 0.1199773 0.8800227 0.423002 0.5769981 0.1171815 0.8828184 0.2 0.8 1 0.3165278 0.6834723 1 0.4285067 0.5714933 0.1062031 0.8937969 0.1195883 0.8804118 0.4214971 0.578503 1 1 0.9332992 0.06670087 1 1 0.08020102 0.919799 0.05271363 0.9472864 1 1 1 1 0.8292871 0.170713 1 0.7403343 0.2596657 0.9429084 0.05709165 1 0.7403343 0.2596657 0.05164891 0.948351 0.7403343 0.2596657 1 1 1 0.07868206 0.9213179 0.06671619 0.9332838 1 1 0.09468144 0.9053186 0.8293349 0.1706651 0.09468144 0.9053186 1 1 1 1 1 0.7391437 0.2608563 1 0.7391437 0.2608563 0.852784 0.147216 1 0.8274925 0.1725074 1 1 1 0.852784 0.147216 1 1 0.7391437 0.2608563 1 1 1 1 1 1 1 1 1 1 1 1 1 1 1 1 1 1 0.8274925 0.1725074 0.8253983 0.1746016 1 1 1 1 1 1 1 1 1 1 1 1 0.8253983 0.1746016 1 1 1 1 1 1 1 0.8513459 0.1486541 1 1 1 1 1 1 1 1 1 1 1 0.8513459 0.1486541 1 1 1 1 1 1 1 1 1 1 1 1 1 1 1 1 1 1 1 1 1 1 1 1 1 1 1 1 1 1 1 1 1 1 1 1 1 1 1 0.04636257 0.9536375 1 1 0.07777273 0.9222272 1 0.04636257 0.9536375 1 1 1 1 1 1 1 1 1 1 1 1 1 1 1 1 1 1 1 1 1 1 1 1 1 1 1 1 1 1 1 1 1 1 0.04419904 0.9558009 1 1 1 1 1 0.04419904 0.9558009 0.07953345 0.9204666 1 1 1 1 1 1 1 1 1 1 1 1 1 1 1 1 1 0.6376532 0.3623468 0.9913351 0.008664846 0.6713544 0.3286457 0.05225342 0.9477466 0.05225342 0.9477466 1 1 1 1 1 1 1 1 1 1 1 1 1 1 1 1 1 1 1 1 1 1 1 1 1 1 1 1 1 1 1 1 1 1 1 1 1 1 1 1 1 1 1 1 1 1 1 1 1 1 1 1 1 1 1 1 0.9439886 0.05601143 0.9439826 0.05601751 1 1 1 1 1 1 1 1 1 1 1 1 1 1 1 1 0.9198319 0.08016806 1 0.8620545 0.1379455 0.8620545 0.1379455 1 1 1 1 0.7016712 0.2983288 0.8910621 0.1089379 1 1 0.9198486 0.08015149 1 1 0.3093729 0.6906271 1 0.3093729 0.6906271 0.5760752 0.4239249 0.8910605 0.1089395 0.06315654 0.9368435 0.7613935 0.2386065 1 0.7613965 0.2386034 0.7613935 0.2386065 0.06315654 0.9368435 1 0.7613965 0.2386034 1 0.06341683 0.9365831 1 1 1 1 0.05225342 0.9477466 1 1 1 1 1 1 1 0.03336286 0.9666371 0.03341299 0.9665871 1 0.9913351 0.008664846 1 0.6713544 0.3286457 1 1 1 1 1 1 1 1 1 1 1 1 0.05225342 0.9477466 1 1 1 1 0.5550481 0.444952 1 0.05225342 0.9477466 0.6376532 0.3623468 0.6376532 0.3623468 1 1 1 1 1 1 1 1 1 1 1 1 1 1 1 1 1 1 1 1 1 1 1 1 1 1 1 1 1 1 1 1 1 1 1 1 1 1 1 1 1 1 1 1 1 1 1 1 1 1 1 1 1 1 1 1 1 0.9198319 0.08016806 1 0.9198486 0.08015149 1 1 0.9439826 0.05601751 0.3093729 0.6906271 1 0.8910621 0.1089379 0.9439886 0.05601143 1 1 0.5760752 0.4239249 1 1 0.7016712 0.2983288 1 0.8620545 0.1379455 0.8910605 0.1089395 1 1 0.8007441 0.199256 0.8007572 0.1992428 0.8 0.2 0.8053044 0.1946957 0.8053039 0.194696 0.8 0.2 0.2 0.8 1 0.3856822 0.6143178 0.5925382 0.4074618 0.927421 0.07257896 0.8631616 0.1368384 0.8259016 0.1740983 0.189105 0.810895 0.8963912 0.1036087 1 1 1 0.2328954 0.7671046 0.429132 0.570868 1 1 1 0.2 0.8 0.8259716 0.1740283 0.5931367 0.4068633 0.8964262 0.1035737 1 0.8631991 0.1368009 0.9274467 0.07255327 0.6977151 0.302285 1 1 0.1999999 0.8 0.2 0.8 1 0.6983844 0.3016157 1 1 0.1999999 0.8 1 0.1999999 0.8 1 1 1 1 1 0.6977151 0.302285 1 1 1 1 1 1 1 1 1 1 1 0.500064 0.4999359 0.500064 0.4999359 1 1 1 1 1 1 1 1 1 0.2 0.8 1 0.2 0.8 1 1 1 1 1 1 1 1 1 0.6983844 0.3016157 1 0.5055431 0.494457 1 1 1 1 0.5055431 0.494457 1 1 1 1 1 1 1 1 1 1 1 1 0.9628457 0.03715437 0.9557567 0.04424333 0.8348997 0.1651002 0.9816966 0.01830333 1 1 1 1 1 0.2 0.8 0.2 0.8 1 0.1999999 0.8 1 0.8841572 0.1158428 1 1 1 0.8841572 0.1158428 0.8841572 0.1158428 1 0.8109326 0.1890674 0.870163 0.129837 1 0.8841572 0.1158428 0.870163 0.129837 0.8109326 0.1890674 0.9025394 0.09746062 0.9025394 0.09746062 1 0.8841572 0.1158428 0.8841572 0.1158428 0.500064 0.4999359 1 0.9573945 0.04260551 0.9292336 0.07076644 0.9292336 0.07076644 0.9292336 0.07076644 0.500064 0.4999359 0.9292336 0.07076644 1 1 1 0.9573945 0.04260551 1 0.8699867 0.1300134 1 0.9024335 0.09756642 1 1 0.8841621 0.1158379 0.8841621 0.1158379 1 0.8841621 0.1158379 0.8841621 0.1158379 0.8841621 0.1158379 0.8841621 0.1158379 1 0.8109038 0.1890962 0.8109038 0.1890962 0.8699867 0.1300134 0.9024335 0.09756642 1 0.2 0.8 1 0.5055431 0.494457 1 1 1 1 1 1 0.5055431 0.494457 1 1 0.957554 0.04244601 0.957554 0.04244601 1 1 1 1 1 1 1 1 0.9581208 0.04187923 1 1 0.9581208 0.04187923 0.8663634 0.1336366 1 1 1 0.9794812 0.02051872 1 0.9794812 0.02051872 1 1 0.9343649 0.06563508 1 1 0.01418846 0.9858116 0.01418846 0.9858116 1 1 1 1 1 1 1 1 1 1 0.5640772 0.4359228 1 1 1 1 0.8466116 0.1533885 1 0.8466116 0.1533885 1 1 1 0.9628457 0.03715437 1 0.9557567 0.04424333 1 1 1 1 1 1 1 1 1 1 1 1 1 1 1 1 1 1 1 1 1 1 1 1 1 1 1 1 1 1 1 1 1 1 1 0.8348997 0.1651002 1 1 1 1 1 1 1 1 0.01593971 0.9840603 1 1 1 1 1 1 1 1 1 1 1 1 1 1 1 1 1 1 1 1 1 1 1 1 1 1 1 1 1 1 1 1 1 0.9246582 0.07534182 0.9816966 0.01830333 1 0.9246582 0.07534182 1 1 1 1 0.6646217 0.3353783 1 1 1 1 1 1 1 1 1 1 1 1 1 1 1 1</float_array>
          <technique_common>
            <accessor source="#Armature_chest_mp_beta-skin-weights-array" count="1405" stride="1">
              <param name="WEIGHT" type="float"/>
            </accessor>
          </technique_common>
        </source>
        <joints>
          <input semantic="JOINT" source="#Armature_chest_mp_beta-skin-joints"/>
          <input semantic="INV_BIND_MATRIX" source="#Armature_chest_mp_beta-skin-bind_poses"/>
        </joints>
        <vertex_weights count="1157">
          <input semantic="JOINT" source="#Armature_chest_mp_beta-skin-joints" offset="0"/>
          <input semantic="WEIGHT" source="#Armature_chest_mp_beta-skin-weights" offset="1"/>
          <vcount>1 1 1 2 1 1 2 1 1 2 1 2 1 1 1 1 2 1 1 1 1 1 1 1 1 1 1 1 2 2 2 2 1 2 1 1 1 1 2 2 1 1 1 1 1 1 1 1 1 1 1 1 1 1 2 1 1 1 1 1 2 1 1 1 1 1 1 1 1 1 1 1 1 1 1 1 1 1 1 1 1 1 1 1 1 2 1 1 1 1 1 1 1 1 1 1 1 1 1 2 1 1 1 1 1 1 1 1 1 1 1 2 1 2 1 1 2 2 1 2 1 1 1 1 1 1 1 1 1 1 1 1 1 1 1 1 1 1 1 1 1 1 1 1 1 1 1 1 1 1 1 1 1 1 1 1 1 1 1 1 1 1 1 2 1 2 2 2 1 1 2 1 2 1 2 1 1 2 1 1 1 1 1 1 1 2 1 2 1 1 1 1 2 2 2 1 1 1 1 2 2 2 2 2 1 2 1 2 2 1 1 1 1 1 1 1 1 1 1 1 1 1 1 1 2 1 2 1 1 1 1 2 1 1 1 1 1 1 2 1 2 1 1 1 1 1 1 2 1 1 1 1 1 1 1 1 1 1 1 1 1 1 1 1 1 1 1 1 1 1 1 1 1 1 1 1 1 1 1 1 1 1 1 1 1 1 1 1 1 1 1 1 1 1 1 1 1 1 1 1 1 1 1 1 1 1 1 1 1 1 1 1 1 1 2 2 1 1 1 1 2 1 1 1 1 1 1 1 1 1 1 1 1 1 1 1 1 1 1 1 1 2 1 1 1 1 1 1 1 1 1 2 2 1 1 1 2 1 1 2 2 1 1 1 1 1 2 2 1 1 2 2 1 1 1 1 1 2 2 2 2 1 1 2 2 2 2 1 2 1 2 2 2 2 1 1 2 1 1 2 2 1 1 1 1 2 1 2 2 1 2 2 2 1 1 1 2 2 1 1 2 2 2 1 1 1 1 1 2 1 2 2 1 2 1 1 1 2 1 1 2 1 1 1 1 1 1 1 1 1 1 1 1 1 1 1 1 1 1 2 2 1 1 1 1 1 1 1 1 1 1 1 1 2 1 1 1 1 1 1 1 2 1 1 1 1 1 1 1 1 1 1 1 2 1 1 1 1 1 1 1 1 1 1 1 1 1 1 1 1 1 1 1 1 1 1 1 1 1 1 1 1 1 1 1 1 1 1 1 1 1 1 1 2 1 1 2 1 2 1 1 1 1 1 1 1 1 1 1 1 1 1 1 1 1 1 1 1 1 1 1 1 1 1 1 1 1 1 1 1 1 1 1 2 1 1 1 1 1 2 2 1 1 1 1 1 1 1 1 1 1 1 1 1 1 1 1 1 2 2 2 2 2 1 1 1 1 1 1 1 1 1 1 1 1 1 1 1 1 1 1 1 1 1 1 1 1 1 1 1 1 1 1 1 1 1 1 1 1 1 1 1 1 1 1 1 1 1 1 1 1 1 1 1 1 1 1 1 1 2 2 1 1 1 1 1 1 1 1 1 1 1 1 1 1 1 1 2 1 2 2 1 1 1 1 2 2 1 1 2 1 1 2 1 2 2 2 2 2 1 2 2 2 1 2 1 2 1 1 1 1 2 1 1 1 1 1 1 1 2 2 1 2 1 2 1 1 1 1 1 1 1 1 1 1 1 1 2 1 1 1 1 2 1 2 2 2 1 1 1 1 1 1 1 1 1 1 1 1 1 1 1 1 1 1 1 1 1 1 1 1 1 1 1 1 1 1 1 1 1 1 1 1 1 1 1 1 1 1 1 1 1 1 1 1 1 1 1 1 1 1 1 1 1 2 1 2 1 1 2 2 1 2 2 1 1 2 1 1 2 1 2 2 1 1 2 2 2 2 2 2 2 1 2 2 2 2 2 2 2 1 1 1 2 2 1 1 1 2 2 2 2 1 2 2 2 1 1 2 2 1 2 1 1 2 1 2 1 1 1 1 1 2 1 1 1 1 1 1 1 1 1 1 1 2 2 1 1 1 1 1 1 1 1 1 2 1 2 1 1 1 1 1 1 1 1 1 2 1 2 1 1 1 1 2 1 1 1 1 1 1 1 1 1 1 1 1 2 2 2 2 1 1 1 1 1 2 2 1 2 1 2 1 1 1 2 2 1 2 2 1 2 2 2 2 2 1 2 2 2 1 2 2 2 2 2 2 1 1 1 2 1 2 1 2 1 1 2 2 1 2 2 2 2 1 2 2 2 2 1 2 1 2 1 1 1 1 1 1 2 1 1 2 2 1 1 1 1 1 1 1 1 2 1 1 2 2 1 1 1 2 1 2 1 1 2 1 1 2 2 1 1 1 1 1 1 1 1 1 1 2 1 1 1 1 2 1 2 1 1 1 2 1 2 1 1 1 1 1 1 1 1 1 1 1 1 1 1 1 1 1 1 1 1 1 1 1 1 1 1 1 1 1 1 1 1 1 1 1 2 1 1 1 1 1 1 1 1 2 1 1 1 1 1 1 1 1 1 1 1 1 1 1 1 1 1 1 1 1 1 1 1 1 1 1 1 1 1 1 1 1 1 2 2 1 2 1 1 1 1 2 1 1 1 1 1 1 1 1 1 1 1 1 1 1 1 1 </vcount>
          <v>6 0 6 1 6 2 0 3 6 4 6 5 6 6 6 7 18 8 6 9 6 10 0 11 6 12 6 13 0 14 6 15 6 16 6 17 6 18 6 19 0 20 6 21 6 22 6 23 6 24 6 25 6 26 6 27 6 28 6 29 6 30 6 31 6 32 6 33 18 34 6 35 18 36 0 37 6 38 0 39 6 40 6 41 6 42 18 43 6 44 6 45 6 46 6 47 6 48 18 49 6 50 18 51 6 52 6 53 6 54 6 55 6 56 6 57 6 58 6 59 6 60 6 61 6 62 6 63 6 64 6 65 0 66 6 67 6 68 6 69 6 70 6 71 6 72 0 73 6 74 6 75 6 76 6 77 6 78 6 79 6 80 6 81 6 82 6 83 6 84 6 85 6 86 6 87 6 88 6 89 6 90 6 91 6 92 6 93 6 94 6 95 6 96 6 97 6 98 0 99 6 100 6 101 6 102 6 103 6 104 6 105 6 106 6 107 6 108 6 109 6 110 6 111 6 112 6 113 0 114 6 115 6 116 6 117 6 118 6 119 6 120 6 121 6 122 6 123 6 124 6 125 6 126 0 127 6 128 6 129 0 130 6 131 6 132 6 133 0 134 6 135 0 136 6 137 6 138 0 139 6 140 6 141 6 142 6 143 6 144 6 145 6 146 6 147 6 148 6 149 6 150 6 151 6 152 6 153 6 154 6 155 6 156 6 157 6 158 6 159 6 160 6 161 6 162 6 163 6 164 6 165 6 166 6 167 6 168 6 169 6 170 6 171 6 172 6 173 6 174 6 175 6 176 6 177 6 178 6 179 6 180 6 181 6 182 6 183 6 184 18 185 6 186 6 187 18 188 0 189 1 190 0 191 3 192 0 193 0 194 0 195 2 196 0 197 0 198 2 199 0 200 0 201 2 202 0 203 0 204 0 205 3 206 0 207 0 208 0 209 0 210 0 211 0 212 0 213 0 214 1 215 0 216 0 217 2 218 0 219 0 220 0 221 0 222 0 223 1 224 0 225 3 226 0 227 1 228 0 229 0 230 0 231 0 232 0 233 1 234 0 235 1 236 0 237 1 238 0 239 2 240 0 241 2 242 2 243 0 244 1 245 1 246 1 247 4 248 0 249 1 250 1 251 1 252 1 253 1 254 1 255 1 256 1 257 1 258 1 259 1 260 1 261 1 262 1 263 1 264 1 265 2 266 5 267 2 268 2 269 5 270 2 271 2 272 2 273 2 274 0 275 1 276 2 277 2 278 2 279 2 280 2 281 2 282 0 283 2 284 2 285 0 286 2 287 2 288 2 289 2 290 2 291 4 292 4 293 1 294 4 295 4 296 4 297 4 298 4 299 4 300 4 301 4 302 4 303 4 304 4 305 4 306 4 307 4 308 4 309 4 310 4 311 4 312 4 313 4 314 4 315 4 316 4 317 4 318 4 319 5 320 5 321 5 322 5 323 5 324 5 325 5 326 5 327 5 328 5 329 5 330 5 331 5 332 5 333 5 334 5 335 5 336 5 337 5 338 5 339 5 340 5 341 5 342 5 343 5 344 5 345 7 346 7 347 7 348 7 349 7 350 7 351 7 352 7 353 7 354 7 355 7 356 7 357 7 358 7 359 7 360 7 361 4 362 7 363 4 364 7 365 7 366 7 367 7 368 7 369 4 370 7 371 7 372 7 373 7 374 7 375 7 376 7 377 8 378 8 379 8 380 8 381 8 382 8 383 8 384 8 385 8 386 8 387 8 388 8 389 8 390 8 391 5 392 8 393 8 394 8 395 8 396 8 397 8 398 8 399 8 400 8 401 8 402 5 403 8 404 5 405 8 406 8 407 8 408 8 409 0 410 1 411 0 412 0 413 0 414 1 415 0 416 1 417 0 418 0 419 0 420 0 421 0 422 0 423 1 424 0 425 2 426 0 427 0 428 0 429 2 430 0 431 2 432 0 433 0 434 0 435 0 436 0 437 0 438 2 439 0 440 1 441 0 442 1 443 0 444 1 445 0 446 0 447 0 448 1 449 0 450 1 451 0 452 1 453 0 454 2 455 0 456 0 457 2 458 0 459 0 460 2 461 0 462 2 463 0 464 2 465 0 466 2 467 1 468 1 469 1 470 4 471 2 472 1 473 0 474 1 475 0 476 1 477 1 478 1 479 1 480 4 481 1 482 4 483 4 484 2 485 5 486 2 487 5 488 2 489 2 490 5 491 0 492 2 493 2 494 5 495 2 496 2 497 2 498 0 499 2 500 0 501 1 502 2 503 2 504 2 505 5 506 2 507 5 508 2 509 5 510 4 511 4 512 4 513 4 514 4 515 1 516 4 517 4 518 1 519 4 520 4 521 7 522 4 523 4 524 7 525 4 526 4 527 4 528 4 529 7 530 4 531 4 532 1 533 4 534 4 535 4 536 4 537 4 538 4 539 4 540 4 541 4 542 4 543 4 544 4 545 4 546 4 547 4 548 4 549 4 550 4 551 4 552 4 553 7 554 5 555 8 556 5 557 5 558 5 559 5 560 5 561 5 562 5 563 5 564 5 565 5 566 5 567 5 568 5 569 8 570 5 571 5 572 5 573 5 574 5 575 5 576 5 577 5 578 8 579 5 580 5 581 5 582 5 583 5 584 5 585 5 586 5 587 5 588 5 589 5 590 5 591 8 592 7 593 7 594 7 595 7 596 7 597 7 598 7 599 7 600 7 601 7 602 7 603 7 604 7 605 7 606 7 607 7 608 7 609 7 610 7 611 7 612 7 613 7 614 7 615 7 616 7 617 7 618 7 619 7 620 7 621 7 622 7 623 7 624 7 625 7 626 7 627 7 628 7 629 7 630 7 631 4 632 7 633 7 634 7 635 4 636 7 637 7 638 4 639 7 640 7 641 7 642 8 643 8 644 8 645 8 646 8 647 8 648 8 649 8 650 8 651 8 652 8 653 8 654 8 655 8 656 8 657 8 658 8 659 8 660 8 661 8 662 8 663 8 664 8 665 8 666 8 667 8 668 8 669 8 670 8 671 8 672 8 673 8 674 5 675 8 676 8 677 8 678 8 679 8 680 8 681 5 682 8 683 5 684 8 685 8 686 8 687 8 688 8 689 8 690 8 691 8 692 6 693 6 694 6 695 3 696 6 697 3 698 3 699 3 700 6 701 6 702 3 703 6 704 3 705 6 706 3 707 6 708 3 709 6 710 3 711 6 712 6 713 6 714 6 715 6 716 6 717 6 718 6 719 6 720 6 721 6 722 6 723 6 724 6 725 6 726 6 727 6 728 6 729 6 730 6 731 6 732 6 733 3 734 3 735 6 736 6 737 6 738 6 739 6 740 6 741 6 742 6 743 6 744 6 745 6 746 6 747 6 748 6 749 6 750 6 751 6 752 6 753 6 754 6 755 6 756 6 757 6 758 6 759 6 760 6 761 6 762 6 763 6 764 6 765 6 766 6 767 6 768 6 769 15 770 6 771 15 772 6 773 6 774 6 775 6 776 6 777 6 778 6 779 6 780 6 781 6 782 6 783 6 784 6 785 6 786 6 787 6 788 6 789 15 790 6 791 6 792 16 793 6 794 16 795 6 796 6 797 6 798 6 799 6 800 16 801 6 802 16 803 6 804 6 805 6 806 15 807 6 808 6 809 6 810 14 811 6 812 6 813 14 814 6 815 14 816 6 817 14 818 0 819 3 820 0 821 3 822 0 823 0 824 3 825 0 826 3 827 0 828 3 829 0 830 0 831 3 832 0 833 0 834 3 835 0 836 0 837 0 838 0 839 3 840 6 841 3 842 3 843 6 844 3 845 3 846 3 847 3 848 0 849 3 850 0 851 3 852 3 853 3 854 6 855 3 856 3 857 6 858 3 859 3 860 6 861 3 862 3 863 3 864 3 865 3 866 3 867 3 868 3 869 6 870 3 871 6 872 6 873 6 874 6 875 6 876 3 877 6 878 6 879 3 880 6 881 3 882 6 883 3 884 6 885 3 886 3 887 6 888 6 889 6 890 6 891 6 892 6 893 6 894 6 895 6 896 6 897 6 898 6 899 6 900 6 901 6 902 6 903 6 904 6 905 6 906 6 907 6 908 6 909 6 910 6 911 6 912 6 913 6 914 6 915 6 916 6 917 6 918 6 919 6 920 6 921 6 922 6 923 6 924 6 925 6 926 6 927 6 928 6 929 6 930 6 931 6 932 6 933 6 934 6 935 6 936 6 937 6 938 6 939 6 940 6 941 6 942 6 943 15 944 6 945 6 946 15 947 6 948 6 949 6 950 15 951 6 952 14 953 6 954 6 955 16 956 6 957 15 958 6 959 6 960 6 961 14 962 6 963 6 964 6 965 16 966 6 967 6 968 16 969 6 970 14 971 6 972 6 973 6 974 15 975 6 976 15 977 6 978 15 979 6 980 15 981 6 982 15 983 6 984 15 985 6 986 14 987 14 988 6 989 14 990 6 991 14 992 6 993 14 994 6 995 14 996 6 997 14 998 6 999 14 1000 6 1001 14 1002 14 1003 14 1004 14 1005 6 1006 16 1007 6 1008 16 1009 16 1010 16 1011 16 1012 6 1013 16 1014 6 1015 16 1016 6 1017 16 1018 6 1019 16 1020 16 1021 6 1022 16 1023 6 1024 16 1025 6 1026 14 1027 14 1028 14 1029 6 1030 14 1031 6 1032 16 1033 16 1034 6 1035 16 1036 16 1037 14 1038 6 1039 14 1040 14 1041 6 1042 14 1043 14 1044 14 1045 14 1046 14 1047 14 1048 6 1049 14 1050 14 1051 14 1052 14 1053 14 1054 14 1055 14 1056 14 1057 14 1058 14 1059 17 1060 14 1061 14 1062 17 1063 14 1064 17 1065 17 1066 14 1067 14 1068 16 1069 16 1070 16 1071 16 1072 16 1073 16 1074 6 1075 16 1076 16 1077 6 1078 16 1079 16 1080 16 1081 16 1082 16 1083 16 1084 16 1085 16 1086 16 1087 16 1088 6 1089 16 1090 16 1091 16 1092 18 1093 16 1094 18 1095 16 1096 18 1097 16 1098 18 1099 17 1100 17 1101 17 1102 17 1103 18 1104 18 1105 18 1106 18 1107 17 1108 17 1109 17 1110 17 1111 17 1112 19 1113 17 1114 19 1115 18 1116 20 1117 18 1118 20 1119 18 1120 18 1121 18 1122 18 1123 14 1124 6 1125 14 1126 6 1127 16 1128 16 1129 6 1130 14 1131 14 1132 14 1133 17 1134 14 1135 14 1136 14 1137 14 1138 17 1139 14 1140 17 1141 14 1142 14 1143 17 1144 14 1145 17 1146 14 1147 14 1148 17 1149 14 1150 17 1151 14 1152 17 1153 14 1154 17 1155 14 1156 17 1157 14 1158 14 1159 17 1160 14 1161 17 1162 14 1163 17 1164 14 1165 14 1166 17 1167 14 1168 17 1169 14 1170 17 1171 14 1172 17 1173 14 1174 17 1175 14 1176 17 1177 17 1178 17 1179 14 1180 14 1181 17 1182 14 1183 16 1184 18 1185 16 1186 16 1187 18 1188 16 1189 16 1190 16 1191 18 1192 16 1193 18 1194 16 1195 16 1196 18 1197 16 1198 18 1199 16 1200 18 1201 16 1202 18 1203 16 1204 16 1205 18 1206 16 1207 18 1208 16 1209 18 1210 16 1211 18 1212 16 1213 6 1214 16 1215 16 1216 16 1217 18 1218 16 1219 18 1220 16 1221 16 1222 16 1223 18 1224 16 1225 18 1226 16 1227 16 1228 16 1229 18 1230 16 1231 18 1232 16 1233 17 1234 17 1235 19 1236 19 1237 17 1238 17 1239 17 1240 17 1241 19 1242 17 1243 17 1244 17 1245 19 1246 17 1247 19 1248 17 1249 18 1250 18 1251 18 1252 20 1253 18 1254 18 1255 20 1256 18 1257 18 1258 18 1259 20 1260 18 1261 18 1262 18 1263 20 1264 18 1265 20 1266 18 1267 19 1268 19 1269 19 1270 19 1271 19 1272 19 1273 19 1274 19 1275 19 1276 17 1277 19 1278 19 1279 19 1280 19 1281 19 1282 17 1283 19 1284 19 1285 17 1286 19 1287 17 1288 19 1289 17 1290 17 1291 19 1292 17 1293 17 1294 19 1295 19 1296 19 1297 19 1298 19 1299 19 1300 19 1301 19 1302 19 1303 19 1304 19 1305 19 1306 19 1307 19 1308 19 1309 19 1310 19 1311 19 1312 19 1313 19 1314 19 1315 19 1316 19 1317 19 1318 19 1319 19 1320 19 1321 19 1322 19 1323 19 1324 19 1325 19 1326 19 1327 20 1328 20 1329 20 1330 18 1331 20 1332 20 1333 20 1334 20 1335 20 1336 18 1337 20 1338 20 1339 20 1340 18 1341 20 1342 20 1343 20 1344 20 1345 20 1346 20 1347 20 1348 20 1349 20 1350 20 1351 20 1352 20 1353 20 1354 20 1355 20 1356 20 1357 20 1358 20 1359 20 1360 20 1361 20 1362 20 1363 20 1364 20 1365 20 1366 20 1367 20 1368 20 1369 20 1370 20 1371 20 1372 20 1373 18 1374 20 1375 18 1376 20 1377 18 1378 20 1379 20 1380 18 1381 20 1382 20 1383 20 1384 20 1385 18 1386 18 1387 20 1388 6 1389 6 1390 6 1391 6 1392 6 1393 6 1394 6 1395 6 1396 14 1397 14 1398 14 1399 14 1400 16 1401 16 1402 16 1403 16 1404</v>
        </vertex_weights>
      </skin>
    </controller>
    <controller id="Armature_default_mp_recon-skin" name="Armature">
      <skin source="#default_mp_recon-mesh">
        <bind_shape_matrix>1 0 0 0 0 1 0 0 0 0 1 0 0 0 0 1</bind_shape_matrix>
        <source id="Armature_default_mp_recon-skin-joints">
          <Name_array id="Armature_default_mp_recon-skin-joints-array" count="51">pelvis l_thigh r_thigh spine l_calf r_calf spine1 l_foot r_foot l_clavicle neck r_clavicle l_toe r_toe l_upperarm head r_upperarm l_forearm r_forearm l_hand r_hand l_index_low l_middle_low l_pinky_low l_ring_low l_thumb_low r_index_low r_middle_low r_pinky_low r_ring_low r_thumb_low l_index_mid l_middle_mid l_pinky_mid l_ring_mid l_thumb_mid r_index_mid r_middle_mid r_pinky_mid r_ring_mid r_thumb_mid l_index_tip l_middle_tip l_pinky_tip l_ring_tip l_thumb_tip r_index_tip r_middle_tip r_pinky_tip r_ring_tip r_thumb_tip</Name_array>
          <technique_common>
            <accessor source="#Armature_default_mp_recon-skin-joints-array" count="51" stride="1">
              <param name="JOINT" type="name"/>
            </accessor>
          </technique_common>
        </source>
        <source id="Armature_default_mp_recon-skin-bind_poses">
          <float_array id="Armature_default_mp_recon-skin-bind_poses-array" count="816">1.98285e-6 0 1 -39.43847 0 1 0 0 -1 0 1.98285e-6 -0.8210782 0 0 0 1 -0.09711545 0 -0.9952731 39.1723 0 1 0 -4.218651 0.9952731 0 -0.09711545 4.647207 0 0 0 1 0.02842217 0 -0.9995961 39.44588 0 1 0 4.218651 0.9995961 0 0.02842217 -0.3002634 0 0 0 1 7.96036e-4 0 0.9999997 -43.1744 0 1 0 -3.69549e-6 -0.9999997 0 7.96036e-4 -0.8612564 0 0 0 1 -0.2221002 0 -0.9750239 21.40363 0 1 0 -5.312521 0.9750239 0 -0.2221002 6.3097 0 0 0 1 -0.1064299 0 -0.9943203 21.99434 0 1 0 5.230562 0.9943203 0 -0.1064299 3.704057 0 0 0 1 7.96036e-4 0 0.9999997 -50.57437 0 1 0 -1.93119e-5 -0.9999997 0 7.96036e-4 -0.8681024 0 0 0 1 6.70552e-7 0 -1 6.877819 0 1 0 -6.299339 1 0 6.70552e-7 3.901764 0 0 0 1 1.14739e-6 0 -1 6.877312 0 1 0 6.14305 1 0 1.14739e-6 3.911528 0 0 0 1 1 0 -2.5034e-6 0.8211237 0 1 0 -5.980301 2.5034e-6 0 1 -56.92436 0 0 0 1 0.06076008 0 0.9981524 -59.02845 0 1 0 -3.12328e-5 -0.9981524 0 0.06076008 -4.417078 0 0 0 1 -0.9999997 0 8.02906e-4 -0.8666705 0 1 0 5.980243 -8.02906e-4 0 -0.9999997 56.92372 0 0 0 1 1 0 -4.29253e-6 -1.858573 0 1 0 -6.29932 4.29253e-6 0 1 -0.05844295 0 0 0 1 1 0 -3.81569e-6 -1.848813 0 1 0 6.143054 3.81569e-6 0 1 -0.05793178 0 0 0 1 0.2013086 0 -0.979528 55.92427 0 1 0 -9.022868 0.979528 0 0.2013086 -10.6552 0 0 0 1 -2.86847e-7 0 1 -60.90931 0 1 0 -3.40939e-5 -1 0 -2.86847e-7 -0.7175332 0 0 0 1 -0.188954 0 -0.9819861 55.74386 0 1 0 9.022809 0.9819861 0 -0.188954 11.56228 0 0 0 1 0.3294743 0 -0.9441646 43.92884 0 1 0 -11.13758 0.9441646 0 0.3294743 -14.5592 0 0 0 1 -0.05045419 0 -0.9987264 46.17688 0 1 0 11.1376 0.9987264 0 -0.05045419 3.069371 0 0 0 1 -0.3649712 0 0.931019 -32.45397 0 1 0 -13.31552 -0.931019 0 -0.3649712 13.73834 0 0 0 1 0.1465873 0 -0.9891977 34.71136 0 1 0 13.31563 0.9891977 0 0.1465873 -6.082541 0 0 0 1 -0.2425774 0 0.9701322 -28.72574 0 1 0 -13.16013 -0.9701322 0 -0.2425774 9.976641 0 0 0 1 -0.3114544 0 0.9502612 -28.08117 0 1 0 -13.37454 -0.9502612 0 -0.3114544 10.951 0 0 0 1 -0.46657 0 0.8844845 -27.4635 0 1 0 -13.22775 -0.8844845 0 -0.46657 14.0206 0 0 0 1 -0.3888717 0 0.921292 -27.49639 0 1 0 -13.42517 -0.921292 0 -0.3888717 12.35433 0 0 0 1 -0.3083322 0 -0.9512789 32.53058 0 1 0 -12.68094 0.9512789 0 -0.3083322 7.083755 0 0 0 1 0.2604886 0 -0.9654768 28.53913 0 1 0 13.16032 0.9654768 0 0.2604886 -10.4852 0 0 0 1 0.09874564 0 -0.9951127 29.78438 0 1 0 13.37468 0.9951127 0 0.09874564 -4.602375 0 0 0 1 -0.09375363 0 -0.9955954 30.65595 0 1 0 13.22785 0.9955954 0 -0.09375363 3.322331 0 0 0 1 -0.03773862 0 -0.9992875 30.13907 0 1 0 13.42534 0.9992875 0 -0.03773862 0.4698128 0 0 0 1 0.6197924 0 -0.7847658 23.9684 0 1 0 12.68104 0.7847658 0 0.6197924 -23.09979 0 0 0 1 -0.2185275 0 0.9758309 -27.32168 0 1 0 -12.73438 -0.9758309 0 -0.2185275 9.277963 0 0 0 1 -0.2238233 0 0.9746298 -27.14057 0 1 0 -12.80065 -0.9746298 0 -0.2238233 8.117479 0 0 0 1 -0.2371218 0 0.97148 -28.81913 0 1 0 -12.77139 -0.97148 0 -0.2371218 6.474303 0 0 0 1 -0.2760125 0 0.9611542 -27.24076 0 1 0 -12.78509 -0.9611542 0 -0.2760125 8.510142 0 0 0 1 -0.6593345 0 -0.75185 26.65189 0 1 0 -12.19146 0.75185 0 -0.6593345 17.95915 0 0 0 1 0.2228222 0 -0.9748591 27.29351 0 1 0 12.69474 0.9748591 0 0.2228222 -9.364563 0 0 0 1 0.1069902 0 -0.99426 27.91951 0 1 0 12.77262 0.99426 0 0.1069902 -4.85506 0 0 0 1 -0.08998388 0 -0.9959431 29.36953 0 1 0 12.74902 0.9959431 0 -0.08998388 3.204443 0 0 0 1 -0.03635287 0 -0.999339 28.54778 0 1 0 12.75291 0.999339 0 -0.03635287 0.4196385 0 0 0 1 0.5639691 0 -0.8257959 24.0387 0 1 0 12.19158 0.8257959 0 0.5639691 -21.32115 0 0 0 1 -0.2133874 0 0.9769678 -26.31636 0 1 0 -11.9954 -0.9769678 0 -0.2133874 9.147328 0 0 0 1 -0.19561 0 0.9806818 -26.21331 0 1 0 -12.10106 -0.9806818 0 -0.19561 7.206446 0 0 0 1 -0.1628126 0 0.9866571 -28.31106 0 1 0 -12.08911 -0.9866571 0 -0.1628126 4.000612 0 0 0 1 -0.1944855 0 0.9809055 -26.73184 0 1 0 -12.09561 -0.9809055 0 -0.1944855 5.938566 0 0 0 1 -0.6593342 0 -0.7518502 26.24094 0 1 0 -11.68869 0.7518502 0 -0.6593342 17.07201 0 0 0 1 0.2080776 0 -0.9781123 26.32795 0 1 0 12.03857 0.9781123 0 0.2080776 -8.863822 0 0 0 1 0.1108917 0 -0.9938323 26.75414 0 1 0 12.05594 0.9938323 0 0.1108917 -4.987036 0 0 0 1 -0.08812284 0 -0.9961094 28.43285 0 1 0 12.04966 0.9961094 0 -0.08812284 3.140432 0 0 0 1 -0.03259128 0 -0.9994686 27.37545 0 1 0 12.0948 0.9994686 0 -0.03259128 0.3055174 0 0 0 1 0.4898511 0 -0.8718062 24.84788 0 1 0 11.6969 0.8718062 0 0.4898511 -19.05307 0 0 0 1</float_array>
          <technique_common>
            <accessor source="#Armature_default_mp_recon-skin-bind_poses-array" count="51" stride="16">
              <param name="TRANSFORM" type="float4x4"/>
            </accessor>
          </technique_common>
        </source>
        <source id="Armature_default_mp_recon-skin-weights">
          <float_array id="Armature_default_mp_recon-skin-weights-array" count="414">1 1 1 1 1 1 1 1 1 1 1 1 1 1 1 1 1 1 1 1 1 1 1 1 1 1 1 1 1 1 1 1 1 1 1 1 1 1 1 1 1 1 1 1 1 1 1 1 1 1 1 1 1 1 1 1 1 1 1 1 1 1 1 1 1 1 1 1 1 1 1 1 1 1 1 1 1 1 1 1 1 1 1 1 1 1 1 1 1 1 1 1 1 1 1 1 1 1 1 1 1 1 1 1 1 1 1 1 1 1 1 1 1 1 1 1 1 1 1 1 1 1 1 1 1 1 1 1 1 1 1 1 1 1 1 1 1 1 1 1 1 1 1 1 1 1 1 1 1 1 1 1 1 1 1 1 1 1 1 1 1 1 1 1 1 1 1 1 1 1 1 1 1 1 1 1 1 1 1 1 1 1 1 1 1 1 1 1 1 1 1 1 1 1 1 1 1 1 1 1 1 1 1 1 1 1 1 1 1 1 1 1 1 1 1 1 1 1 1 1 1 1 1 1 1 1 1 1 1 1 1 1 1 1 1 1 1 1 1 1 1 1 1 1 1 1 1 1 1 1 1 1 1 1 1 1 1 1 1 1 1 1 1 1 1 1 1 1 1 1 1 1 1 1 1 1 1 1 1 1 1 1 1 1 1 1 1 1 1 1 1 1 1 1 1 1 1 1 1 1 1 1 1 1 1 1 1 1 1 1 1 1 1 1 1 1 1 1 1 1 1 1 1 1 1 1 1 1 1 1 1 1 1 1 1 1 1 1 1 1 1 1 1 1 1 1 1 1 1 1 1 1 1 1 1 1 1 1 1 1 1 1 1 1 1 1 1 1 1 1 1 1 1 1 1 1 1 1 1 1 1 1 1 1 1 1 1 1 1 1 1 1 1 1 1 1 1 1 1 1 1 1 1 1 1 1 1 1 1 1 1 1 1 1</float_array>
          <technique_common>
            <accessor source="#Armature_default_mp_recon-skin-weights-array" count="414" stride="1">
              <param name="WEIGHT" type="float"/>
            </accessor>
          </technique_common>
        </source>
        <joints>
          <input semantic="JOINT" source="#Armature_default_mp_recon-skin-joints"/>
          <input semantic="INV_BIND_MATRIX" source="#Armature_default_mp_recon-skin-bind_poses"/>
        </joints>
        <vertex_weights count="414">
          <input semantic="JOINT" source="#Armature_default_mp_recon-skin-joints" offset="0"/>
          <input semantic="WEIGHT" source="#Armature_default_mp_recon-skin-weights" offset="1"/>
          <vcount>1 1 1 1 1 1 1 1 1 1 1 1 1 1 1 1 1 1 1 1 1 1 1 1 1 1 1 1 1 1 1 1 1 1 1 1 1 1 1 1 1 1 1 1 1 1 1 1 1 1 1 1 1 1 1 1 1 1 1 1 1 1 1 1 1 1 1 1 1 1 1 1 1 1 1 1 1 1 1 1 1 1 1 1 1 1 1 1 1 1 1 1 1 1 1 1 1 1 1 1 1 1 1 1 1 1 1 1 1 1 1 1 1 1 1 1 1 1 1 1 1 1 1 1 1 1 1 1 1 1 1 1 1 1 1 1 1 1 1 1 1 1 1 1 1 1 1 1 1 1 1 1 1 1 1 1 1 1 1 1 1 1 1 1 1 1 1 1 1 1 1 1 1 1 1 1 1 1 1 1 1 1 1 1 1 1 1 1 1 1 1 1 1 1 1 1 1 1 1 1 1 1 1 1 1 1 1 1 1 1 1 1 1 1 1 1 1 1 1 1 1 1 1 1 1 1 1 1 1 1 1 1 1 1 1 1 1 1 1 1 1 1 1 1 1 1 1 1 1 1 1 1 1 1 1 1 1 1 1 1 1 1 1 1 1 1 1 1 1 1 1 1 1 1 1 1 1 1 1 1 1 1 1 1 1 1 1 1 1 1 1 1 1 1 1 1 1 1 1 1 1 1 1 1 1 1 1 1 1 1 1 1 1 1 1 1 1 1 1 1 1 1 1 1 1 1 1 1 1 1 1 1 1 1 1 1 1 1 1 1 1 1 1 1 1 1 1 1 1 1 1 1 1 1 1 1 1 1 1 1 1 1 1 1 1 1 1 1 1 1 1 1 1 1 1 1 1 1 1 1 1 1 1 1 1 1 1 1 1 1 1 1 1 1 1 1 1 1 1 1 1 1 1 1 1 1 1 1 1 1 1 1 1 1 </vcount>
          <v>15 0 15 1 15 2 15 3 15 4 15 5 15 6 15 7 15 8 15 9 15 10 15 11 15 12 15 13 15 14 15 15 15 16 15 17 15 18 15 19 15 20 15 21 15 22 15 23 15 24 15 25 15 26 15 27 15 28 15 29 15 30 15 31 15 32 15 33 15 34 15 35 15 36 15 37 15 38 15 39 15 40 15 41 15 42 15 43 15 44 15 45 15 46 15 47 15 48 15 49 15 50 15 51 15 52 15 53 15 54 15 55 15 56 15 57 15 58 15 59 15 60 15 61 15 62 15 63 15 64 15 65 15 66 15 67 15 68 15 69 15 70 15 71 15 72 15 73 15 74 15 75 15 76 15 77 15 78 15 79 15 80 15 81 15 82 15 83 15 84 15 85 15 86 15 87 15 88 15 89 15 90 15 91 15 92 15 93 15 94 15 95 15 96 15 97 15 98 15 99 15 100 15 101 15 102 15 103 15 104 15 105 15 106 15 107 15 108 15 109 15 110 15 111 15 112 15 113 15 114 15 115 15 116 15 117 15 118 15 119 15 120 15 121 15 122 15 123 15 124 15 125 15 126 15 127 15 128 15 129 15 130 15 131 15 132 15 133 15 134 15 135 15 136 15 137 15 138 15 139 15 140 15 141 15 142 15 143 15 144 15 145 15 146 15 147 15 148 15 149 15 150 15 151 15 152 15 153 15 154 15 155 15 156 15 157 15 158 15 159 15 160 15 161 15 162 15 163 15 164 15 165 15 166 15 167 15 168 15 169 15 170 15 171 15 172 15 173 15 174 15 175 15 176 15 177 15 178 15 179 15 180 15 181 15 182 15 183 15 184 15 185 15 186 15 187 15 188 15 189 15 190 15 191 15 192 15 193 15 194 15 195 15 196 15 197 15 198 15 199 15 200 15 201 15 202 15 203 15 204 15 205 15 206 15 207 15 208 15 209 15 210 15 211 15 212 15 213 15 214 15 215 15 216 15 217 15 218 15 219 15 220 15 221 15 222 15 223 15 224 15 225 15 226 15 227 15 228 15 229 15 230 15 231 15 232 15 233 15 234 15 235 15 236 15 237 15 238 15 239 15 240 15 241 15 242 15 243 15 244 15 245 15 246 15 247 15 248 15 249 15 250 15 251 15 252 15 253 15 254 15 255 15 256 15 257 15 258 15 259 15 260 15 261 15 262 15 263 15 264 15 265 15 266 15 267 15 268 15 269 15 270 15 271 15 272 15 273 15 274 15 275 15 276 15 277 15 278 15 279 15 280 15 281 15 282 15 283 15 284 15 285 15 286 15 287 15 288 15 289 15 290 15 291 15 292 15 293 15 294 15 295 15 296 15 297 15 298 15 299 15 300 15 301 15 302 15 303 15 304 15 305 15 306 15 307 15 308 15 309 15 310 15 311 15 312 15 313 15 314 15 315 15 316 15 317 15 318 15 319 15 320 15 321 15 322 15 323 15 324 15 325 15 326 15 327 15 328 15 329 15 330 15 331 15 332 15 333 15 334 15 335 15 336 15 337 15 338 15 339 15 340 15 341 15 342 15 343 15 344 15 345 15 346 15 347 15 348 15 349 15 350 15 351 15 352 15 353 15 354 15 355 15 356 15 357 15 358 15 359 15 360 15 361 15 362 15 363 15 364 15 365 15 366 15 367 15 368 15 369 15 370 15 371 15 372 15 373 15 374 15 375 15 376 15 377 15 378 15 379 15 380 15 381 15 382 15 383 15 384 15 385 15 386 15 387 15 388 15 389 15 390 15 391 15 392 15 393 15 394 15 395 15 396 15 397 15 398 15 399 15 400 15 401 15 402 15 403 15 404 15 405 15 406 15 407 15 408 15 409 15 410 15 411 15 412 15 413</v>
        </vertex_weights>
      </skin>
    </controller>
    <controller id="Armature_default_default-skin" name="Armature">
      <skin source="#default_default-mesh">
        <bind_shape_matrix>1 0 0 0 0 1 0 0 0 0 1 0 0 0 0 1</bind_shape_matrix>
        <source id="Armature_default_default-skin-joints">
          <Name_array id="Armature_default_default-skin-joints-array" count="51">pelvis l_thigh r_thigh spine l_calf r_calf spine1 l_foot r_foot l_clavicle neck r_clavicle l_toe r_toe l_upperarm head r_upperarm l_forearm r_forearm l_hand r_hand l_index_low l_middle_low l_pinky_low l_ring_low l_thumb_low r_index_low r_middle_low r_pinky_low r_ring_low r_thumb_low l_index_mid l_middle_mid l_pinky_mid l_ring_mid l_thumb_mid r_index_mid r_middle_mid r_pinky_mid r_ring_mid r_thumb_mid l_index_tip l_middle_tip l_pinky_tip l_ring_tip l_thumb_tip r_index_tip r_middle_tip r_pinky_tip r_ring_tip r_thumb_tip</Name_array>
          <technique_common>
            <accessor source="#Armature_default_default-skin-joints-array" count="51" stride="1">
              <param name="JOINT" type="name"/>
            </accessor>
          </technique_common>
        </source>
        <source id="Armature_default_default-skin-bind_poses">
          <float_array id="Armature_default_default-skin-bind_poses-array" count="816">1.98285e-6 0 1 -39.43847 0 1 0 0 -1 0 1.98285e-6 -0.8210782 0 0 0 1 -0.09711545 0 -0.9952731 39.1723 0 1 0 -4.218651 0.9952731 0 -0.09711545 4.647207 0 0 0 1 0.02842217 0 -0.9995961 39.44588 0 1 0 4.218651 0.9995961 0 0.02842217 -0.3002634 0 0 0 1 7.96036e-4 0 0.9999997 -43.1744 0 1 0 -3.69549e-6 -0.9999997 0 7.96036e-4 -0.8612564 0 0 0 1 -0.2221002 0 -0.9750239 21.40363 0 1 0 -5.312521 0.9750239 0 -0.2221002 6.3097 0 0 0 1 -0.1064299 0 -0.9943203 21.99434 0 1 0 5.230562 0.9943203 0 -0.1064299 3.704057 0 0 0 1 7.96036e-4 0 0.9999997 -50.57437 0 1 0 -1.93119e-5 -0.9999997 0 7.96036e-4 -0.8681024 0 0 0 1 6.70552e-7 0 -1 6.877819 0 1 0 -6.299339 1 0 6.70552e-7 3.901764 0 0 0 1 1.14739e-6 0 -1 6.877312 0 1 0 6.14305 1 0 1.14739e-6 3.911528 0 0 0 1 1 0 -2.5034e-6 0.8211237 0 1 0 -5.980301 2.5034e-6 0 1 -56.92436 0 0 0 1 0.06076008 0 0.9981524 -59.02845 0 1 0 -3.12328e-5 -0.9981524 0 0.06076008 -4.417078 0 0 0 1 -0.9999997 0 8.02906e-4 -0.8666705 0 1 0 5.980243 -8.02906e-4 0 -0.9999997 56.92372 0 0 0 1 1 0 -4.29253e-6 -1.858573 0 1 0 -6.29932 4.29253e-6 0 1 -0.05844295 0 0 0 1 1 0 -3.81569e-6 -1.848813 0 1 0 6.143054 3.81569e-6 0 1 -0.05793178 0 0 0 1 0.2013086 0 -0.979528 55.92427 0 1 0 -9.022868 0.979528 0 0.2013086 -10.6552 0 0 0 1 -2.86847e-7 0 1 -60.90931 0 1 0 -3.40939e-5 -1 0 -2.86847e-7 -0.7175332 0 0 0 1 -0.188954 0 -0.9819861 55.74386 0 1 0 9.022809 0.9819861 0 -0.188954 11.56228 0 0 0 1 0.3294743 0 -0.9441646 43.92884 0 1 0 -11.13758 0.9441646 0 0.3294743 -14.5592 0 0 0 1 -0.05045419 0 -0.9987264 46.17688 0 1 0 11.1376 0.9987264 0 -0.05045419 3.069371 0 0 0 1 -0.3649712 0 0.931019 -32.45397 0 1 0 -13.31552 -0.931019 0 -0.3649712 13.73834 0 0 0 1 0.1465873 0 -0.9891977 34.71136 0 1 0 13.31563 0.9891977 0 0.1465873 -6.082541 0 0 0 1 -0.2425774 0 0.9701322 -28.72574 0 1 0 -13.16013 -0.9701322 0 -0.2425774 9.976641 0 0 0 1 -0.3114544 0 0.9502612 -28.08117 0 1 0 -13.37454 -0.9502612 0 -0.3114544 10.951 0 0 0 1 -0.46657 0 0.8844845 -27.4635 0 1 0 -13.22775 -0.8844845 0 -0.46657 14.0206 0 0 0 1 -0.3888717 0 0.921292 -27.49639 0 1 0 -13.42517 -0.921292 0 -0.3888717 12.35433 0 0 0 1 -0.3083322 0 -0.9512789 32.53058 0 1 0 -12.68094 0.9512789 0 -0.3083322 7.083755 0 0 0 1 0.2604886 0 -0.9654768 28.53913 0 1 0 13.16032 0.9654768 0 0.2604886 -10.4852 0 0 0 1 0.09874564 0 -0.9951127 29.78438 0 1 0 13.37468 0.9951127 0 0.09874564 -4.602375 0 0 0 1 -0.09375363 0 -0.9955954 30.65595 0 1 0 13.22785 0.9955954 0 -0.09375363 3.322331 0 0 0 1 -0.03773862 0 -0.9992875 30.13907 0 1 0 13.42534 0.9992875 0 -0.03773862 0.4698128 0 0 0 1 0.6197924 0 -0.7847658 23.9684 0 1 0 12.68104 0.7847658 0 0.6197924 -23.09979 0 0 0 1 -0.2185275 0 0.9758309 -27.32168 0 1 0 -12.73438 -0.9758309 0 -0.2185275 9.277963 0 0 0 1 -0.2238233 0 0.9746298 -27.14057 0 1 0 -12.80065 -0.9746298 0 -0.2238233 8.117479 0 0 0 1 -0.2371218 0 0.97148 -28.81913 0 1 0 -12.77139 -0.97148 0 -0.2371218 6.474303 0 0 0 1 -0.2760125 0 0.9611542 -27.24076 0 1 0 -12.78509 -0.9611542 0 -0.2760125 8.510142 0 0 0 1 -0.6593345 0 -0.75185 26.65189 0 1 0 -12.19146 0.75185 0 -0.6593345 17.95915 0 0 0 1 0.2228222 0 -0.9748591 27.29351 0 1 0 12.69474 0.9748591 0 0.2228222 -9.364563 0 0 0 1 0.1069902 0 -0.99426 27.91951 0 1 0 12.77262 0.99426 0 0.1069902 -4.85506 0 0 0 1 -0.08998388 0 -0.9959431 29.36953 0 1 0 12.74902 0.9959431 0 -0.08998388 3.204443 0 0 0 1 -0.03635287 0 -0.999339 28.54778 0 1 0 12.75291 0.999339 0 -0.03635287 0.4196385 0 0 0 1 0.5639691 0 -0.8257959 24.0387 0 1 0 12.19158 0.8257959 0 0.5639691 -21.32115 0 0 0 1 -0.2133874 0 0.9769678 -26.31636 0 1 0 -11.9954 -0.9769678 0 -0.2133874 9.147328 0 0 0 1 -0.19561 0 0.9806818 -26.21331 0 1 0 -12.10106 -0.9806818 0 -0.19561 7.206446 0 0 0 1 -0.1628126 0 0.9866571 -28.31106 0 1 0 -12.08911 -0.9866571 0 -0.1628126 4.000612 0 0 0 1 -0.1944855 0 0.9809055 -26.73184 0 1 0 -12.09561 -0.9809055 0 -0.1944855 5.938566 0 0 0 1 -0.6593342 0 -0.7518502 26.24094 0 1 0 -11.68869 0.7518502 0 -0.6593342 17.07201 0 0 0 1 0.2080776 0 -0.9781123 26.32795 0 1 0 12.03857 0.9781123 0 0.2080776 -8.863822 0 0 0 1 0.1108917 0 -0.9938323 26.75414 0 1 0 12.05594 0.9938323 0 0.1108917 -4.987036 0 0 0 1 -0.08812284 0 -0.9961094 28.43285 0 1 0 12.04966 0.9961094 0 -0.08812284 3.140432 0 0 0 1 -0.03259128 0 -0.9994686 27.37545 0 1 0 12.0948 0.9994686 0 -0.03259128 0.3055174 0 0 0 1 0.4898511 0 -0.8718062 24.84788 0 1 0 11.6969 0.8718062 0 0.4898511 -19.05307 0 0 0 1</float_array>
          <technique_common>
            <accessor source="#Armature_default_default-skin-bind_poses-array" count="51" stride="16">
              <param name="TRANSFORM" type="float4x4"/>
            </accessor>
          </technique_common>
        </source>
        <source id="Armature_default_default-skin-weights">
          <float_array id="Armature_default_default-skin-weights-array" count="388">1 1 1 1 1 1 1 1 1 1 1 1 1 1 1 1 1 1 1 1 1 1 1 1 1 1 1 1 1 1 1 1 1 1 1 1 1 1 1 1 1 1 1 1 1 1 1 1 1 1 1 1 1 1 1 1 1 1 1 1 1 1 1 1 1 1 1 1 1 1 1 1 1 1 1 1 1 1 1 1 1 1 1 1 1 1 1 1 1 1 1 1 1 1 1 1 1 1 1 1 1 1 1 1 1 1 1 1 1 1 1 1 1 1 1 1 1 1 1 1 1 1 1 1 1 1 1 1 1 1 1 1 1 1 1 1 1 1 1 1 1 1 1 1 1 1 1 1 1 1 1 1 1 1 1 1 1 1 1 1 1 1 1 1 1 1 1 1 1 1 1 1 1 1 1 1 1 1 1 1 1 1 1 1 1 1 1 1 1 1 1 1 1 1 1 1 1 1 1 1 1 1 1 1 1 1 1 1 1 1 1 1 1 1 1 1 1 1 1 1 1 1 1 1 1 1 1 1 1 1 1 1 1 1 1 1 1 1 1 1 1 1 1 1 1 1 1 1 1 1 1 1 1 1 1 1 1 1 1 1 1 1 1 1 1 1 1 1 1 1 1 1 1 1 1 1 1 1 1 1 1 1 1 1 1 1 1 1 1 1 1 1 1 1 1 1 1 1 1 1 1 1 1 1 1 1 1 1 1 1 1 1 1 1 1 1 1 1 1 1 1 1 1 1 1 1 1 1 1 1 1 1 1 1 1 1 1 1 1 1 1 1 1 1 1 1 1 1 1 1 1 1 1 1 1 1 1 1 1 1 1 1 1 1 1 1 1 1 1 1 1 1 1 1 1 1 1 1 1 1 1 1 1 1 1 1 1 1</float_array>
          <technique_common>
            <accessor source="#Armature_default_default-skin-weights-array" count="388" stride="1">
              <param name="WEIGHT" type="float"/>
            </accessor>
          </technique_common>
        </source>
        <joints>
          <input semantic="JOINT" source="#Armature_default_default-skin-joints"/>
          <input semantic="INV_BIND_MATRIX" source="#Armature_default_default-skin-bind_poses"/>
        </joints>
        <vertex_weights count="388">
          <input semantic="JOINT" source="#Armature_default_default-skin-joints" offset="0"/>
          <input semantic="WEIGHT" source="#Armature_default_default-skin-weights" offset="1"/>
          <vcount>1 1 1 1 1 1 1 1 1 1 1 1 1 1 1 1 1 1 1 1 1 1 1 1 1 1 1 1 1 1 1 1 1 1 1 1 1 1 1 1 1 1 1 1 1 1 1 1 1 1 1 1 1 1 1 1 1 1 1 1 1 1 1 1 1 1 1 1 1 1 1 1 1 1 1 1 1 1 1 1 1 1 1 1 1 1 1 1 1 1 1 1 1 1 1 1 1 1 1 1 1 1 1 1 1 1 1 1 1 1 1 1 1 1 1 1 1 1 1 1 1 1 1 1 1 1 1 1 1 1 1 1 1 1 1 1 1 1 1 1 1 1 1 1 1 1 1 1 1 1 1 1 1 1 1 1 1 1 1 1 1 1 1 1 1 1 1 1 1 1 1 1 1 1 1 1 1 1 1 1 1 1 1 1 1 1 1 1 1 1 1 1 1 1 1 1 1 1 1 1 1 1 1 1 1 1 1 1 1 1 1 1 1 1 1 1 1 1 1 1 1 1 1 1 1 1 1 1 1 1 1 1 1 1 1 1 1 1 1 1 1 1 1 1 1 1 1 1 1 1 1 1 1 1 1 1 1 1 1 1 1 1 1 1 1 1 1 1 1 1 1 1 1 1 1 1 1 1 1 1 1 1 1 1 1 1 1 1 1 1 1 1 1 1 1 1 1 1 1 1 1 1 1 1 1 1 1 1 1 1 1 1 1 1 1 1 1 1 1 1 1 1 1 1 1 1 1 1 1 1 1 1 1 1 1 1 1 1 1 1 1 1 1 1 1 1 1 1 1 1 1 1 1 1 1 1 1 1 1 1 1 1 1 1 1 1 1 1 1 1 1 1 1 1 1 1 1 1 1 1 1 1 1 1 1 1 1 1 </vcount>
          <v>15 0 15 1 15 2 15 3 15 4 15 5 15 6 15 7 15 8 15 9 15 10 15 11 15 12 15 13 15 14 15 15 15 16 15 17 15 18 15 19 15 20 15 21 15 22 15 23 15 24 15 25 15 26 15 27 15 28 15 29 15 30 15 31 15 32 15 33 15 34 15 35 15 36 15 37 15 38 15 39 15 40 15 41 15 42 15 43 15 44 15 45 15 46 15 47 15 48 15 49 15 50 15 51 15 52 15 53 15 54 15 55 15 56 15 57 15 58 15 59 15 60 15 61 15 62 15 63 15 64 15 65 15 66 15 67 15 68 15 69 15 70 15 71 15 72 15 73 15 74 15 75 15 76 15 77 15 78 15 79 15 80 15 81 15 82 15 83 15 84 15 85 15 86 15 87 15 88 15 89 15 90 15 91 15 92 15 93 15 94 15 95 15 96 15 97 15 98 15 99 15 100 15 101 15 102 15 103 15 104 15 105 15 106 15 107 15 108 15 109 15 110 15 111 15 112 15 113 15 114 15 115 15 116 15 117 15 118 15 119 15 120 15 121 15 122 15 123 15 124 15 125 15 126 15 127 15 128 15 129 15 130 15 131 15 132 15 133 15 134 15 135 15 136 15 137 15 138 15 139 15 140 15 141 15 142 15 143 15 144 15 145 15 146 15 147 15 148 15 149 15 150 15 151 15 152 15 153 15 154 15 155 15 156 15 157 15 158 15 159 15 160 15 161 15 162 15 163 15 164 15 165 15 166 15 167 15 168 15 169 15 170 15 171 15 172 15 173 15 174 15 175 15 176 15 177 15 178 15 179 15 180 15 181 15 182 15 183 15 184 15 185 15 186 15 187 15 188 15 189 15 190 15 191 15 192 15 193 15 194 15 195 15 196 15 197 15 198 15 199 15 200 15 201 15 202 15 203 15 204 15 205 15 206 15 207 15 208 15 209 15 210 15 211 15 212 15 213 15 214 15 215 15 216 15 217 15 218 15 219 15 220 15 221 15 222 15 223 15 224 15 225 15 226 15 227 15 228 15 229 15 230 15 231 15 232 15 233 15 234 15 235 15 236 15 237 15 238 15 239 15 240 15 241 15 242 15 243 15 244 15 245 15 246 15 247 15 248 15 249 15 250 15 251 15 252 15 253 15 254 15 255 15 256 15 257 15 258 15 259 15 260 15 261 15 262 15 263 15 264 15 265 15 266 15 267 15 268 15 269 15 270 15 271 15 272 15 273 15 274 15 275 15 276 15 277 15 278 15 279 15 280 15 281 15 282 15 283 15 284 15 285 15 286 15 287 15 288 15 289 15 290 15 291 15 292 15 293 15 294 15 295 15 296 15 297 15 298 15 299 15 300 15 301 15 302 15 303 15 304 15 305 15 306 15 307 15 308 15 309 15 310 15 311 15 312 15 313 15 314 15 315 15 316 15 317 15 318 15 319 15 320 15 321 15 322 15 323 15 324 15 325 15 326 15 327 15 328 15 329 15 330 15 331 15 332 15 333 15 334 15 335 15 336 15 337 15 338 15 339 15 340 15 341 15 342 15 343 15 344 15 345 15 346 15 347 15 348 15 349 15 350 15 351 15 352 15 353 15 354 15 355 15 356 15 357 15 358 15 359 15 360 15 361 15 362 15 363 15 364 15 365 15 366 15 367 15 368 15 369 15 370 15 371 15 372 15 373 15 374 15 375 15 376 15 377 15 378 15 379 15 380 15 381 15 382 15 383 15 384 15 385 15 386 15 387</v>
        </vertex_weights>
      </skin>
    </controller>
    <controller id="Armature_chest_mp_recon-skin" name="Armature">
      <skin source="#chest_mp_recon-mesh">
        <bind_shape_matrix>1 0 0 0 0 1 0 0 0 0 1 0 0 0 0 1</bind_shape_matrix>
        <source id="Armature_chest_mp_recon-skin-joints">
          <Name_array id="Armature_chest_mp_recon-skin-joints-array" count="51">pelvis l_thigh r_thigh spine l_calf r_calf spine1 l_foot r_foot l_clavicle neck r_clavicle l_toe r_toe l_upperarm head r_upperarm l_forearm r_forearm l_hand r_hand l_index_low l_middle_low l_pinky_low l_ring_low l_thumb_low r_index_low r_middle_low r_pinky_low r_ring_low r_thumb_low l_index_mid l_middle_mid l_pinky_mid l_ring_mid l_thumb_mid r_index_mid r_middle_mid r_pinky_mid r_ring_mid r_thumb_mid l_index_tip l_middle_tip l_pinky_tip l_ring_tip l_thumb_tip r_index_tip r_middle_tip r_pinky_tip r_ring_tip r_thumb_tip</Name_array>
          <technique_common>
            <accessor source="#Armature_chest_mp_recon-skin-joints-array" count="51" stride="1">
              <param name="JOINT" type="name"/>
            </accessor>
          </technique_common>
        </source>
        <source id="Armature_chest_mp_recon-skin-bind_poses">
          <float_array id="Armature_chest_mp_recon-skin-bind_poses-array" count="816">1.98285e-6 0 1 -39.43847 0 1 0 0 -1 0 1.98285e-6 -0.8210782 0 0 0 1 -0.09711545 0 -0.9952731 39.1723 0 1 0 -4.218651 0.9952731 0 -0.09711545 4.647207 0 0 0 1 0.02842217 0 -0.9995961 39.44588 0 1 0 4.218651 0.9995961 0 0.02842217 -0.3002634 0 0 0 1 7.96036e-4 0 0.9999997 -43.1744 0 1 0 -3.69549e-6 -0.9999997 0 7.96036e-4 -0.8612564 0 0 0 1 -0.2221002 0 -0.9750239 21.40363 0 1 0 -5.312521 0.9750239 0 -0.2221002 6.3097 0 0 0 1 -0.1064299 0 -0.9943203 21.99434 0 1 0 5.230562 0.9943203 0 -0.1064299 3.704057 0 0 0 1 7.96036e-4 0 0.9999997 -50.57437 0 1 0 -1.93119e-5 -0.9999997 0 7.96036e-4 -0.8681024 0 0 0 1 6.70552e-7 0 -1 6.877819 0 1 0 -6.299339 1 0 6.70552e-7 3.901764 0 0 0 1 1.14739e-6 0 -1 6.877312 0 1 0 6.14305 1 0 1.14739e-6 3.911528 0 0 0 1 1 0 -2.5034e-6 0.8211237 0 1 0 -5.980301 2.5034e-6 0 1 -56.92436 0 0 0 1 0.06076008 0 0.9981524 -59.02845 0 1 0 -3.12328e-5 -0.9981524 0 0.06076008 -4.417078 0 0 0 1 -0.9999997 0 8.02906e-4 -0.8666705 0 1 0 5.980243 -8.02906e-4 0 -0.9999997 56.92372 0 0 0 1 1 0 -4.29253e-6 -1.858573 0 1 0 -6.29932 4.29253e-6 0 1 -0.05844295 0 0 0 1 1 0 -3.81569e-6 -1.848813 0 1 0 6.143054 3.81569e-6 0 1 -0.05793178 0 0 0 1 0.2013086 0 -0.979528 55.92427 0 1 0 -9.022868 0.979528 0 0.2013086 -10.6552 0 0 0 1 -2.86847e-7 0 1 -60.90931 0 1 0 -3.40939e-5 -1 0 -2.86847e-7 -0.7175332 0 0 0 1 -0.188954 0 -0.9819861 55.74386 0 1 0 9.022809 0.9819861 0 -0.188954 11.56228 0 0 0 1 0.3294743 0 -0.9441646 43.92884 0 1 0 -11.13758 0.9441646 0 0.3294743 -14.5592 0 0 0 1 -0.05045419 0 -0.9987264 46.17688 0 1 0 11.1376 0.9987264 0 -0.05045419 3.069371 0 0 0 1 -0.3649712 0 0.931019 -32.45397 0 1 0 -13.31552 -0.931019 0 -0.3649712 13.73834 0 0 0 1 0.1465873 0 -0.9891977 34.71136 0 1 0 13.31563 0.9891977 0 0.1465873 -6.082541 0 0 0 1 -0.2425774 0 0.9701322 -28.72574 0 1 0 -13.16013 -0.9701322 0 -0.2425774 9.976641 0 0 0 1 -0.3114544 0 0.9502612 -28.08117 0 1 0 -13.37454 -0.9502612 0 -0.3114544 10.951 0 0 0 1 -0.46657 0 0.8844845 -27.4635 0 1 0 -13.22775 -0.8844845 0 -0.46657 14.0206 0 0 0 1 -0.3888717 0 0.921292 -27.49639 0 1 0 -13.42517 -0.921292 0 -0.3888717 12.35433 0 0 0 1 -0.3083322 0 -0.9512789 32.53058 0 1 0 -12.68094 0.9512789 0 -0.3083322 7.083755 0 0 0 1 0.2604886 0 -0.9654768 28.53913 0 1 0 13.16032 0.9654768 0 0.2604886 -10.4852 0 0 0 1 0.09874564 0 -0.9951127 29.78438 0 1 0 13.37468 0.9951127 0 0.09874564 -4.602375 0 0 0 1 -0.09375363 0 -0.9955954 30.65595 0 1 0 13.22785 0.9955954 0 -0.09375363 3.322331 0 0 0 1 -0.03773862 0 -0.9992875 30.13907 0 1 0 13.42534 0.9992875 0 -0.03773862 0.4698128 0 0 0 1 0.6197924 0 -0.7847658 23.9684 0 1 0 12.68104 0.7847658 0 0.6197924 -23.09979 0 0 0 1 -0.2185275 0 0.9758309 -27.32168 0 1 0 -12.73438 -0.9758309 0 -0.2185275 9.277963 0 0 0 1 -0.2238233 0 0.9746298 -27.14057 0 1 0 -12.80065 -0.9746298 0 -0.2238233 8.117479 0 0 0 1 -0.2371218 0 0.97148 -28.81913 0 1 0 -12.77139 -0.97148 0 -0.2371218 6.474303 0 0 0 1 -0.2760125 0 0.9611542 -27.24076 0 1 0 -12.78509 -0.9611542 0 -0.2760125 8.510142 0 0 0 1 -0.6593345 0 -0.75185 26.65189 0 1 0 -12.19146 0.75185 0 -0.6593345 17.95915 0 0 0 1 0.2228222 0 -0.9748591 27.29351 0 1 0 12.69474 0.9748591 0 0.2228222 -9.364563 0 0 0 1 0.1069902 0 -0.99426 27.91951 0 1 0 12.77262 0.99426 0 0.1069902 -4.85506 0 0 0 1 -0.08998388 0 -0.9959431 29.36953 0 1 0 12.74902 0.9959431 0 -0.08998388 3.204443 0 0 0 1 -0.03635287 0 -0.999339 28.54778 0 1 0 12.75291 0.999339 0 -0.03635287 0.4196385 0 0 0 1 0.5639691 0 -0.8257959 24.0387 0 1 0 12.19158 0.8257959 0 0.5639691 -21.32115 0 0 0 1 -0.2133874 0 0.9769678 -26.31636 0 1 0 -11.9954 -0.9769678 0 -0.2133874 9.147328 0 0 0 1 -0.19561 0 0.9806818 -26.21331 0 1 0 -12.10106 -0.9806818 0 -0.19561 7.206446 0 0 0 1 -0.1628126 0 0.9866571 -28.31106 0 1 0 -12.08911 -0.9866571 0 -0.1628126 4.000612 0 0 0 1 -0.1944855 0 0.9809055 -26.73184 0 1 0 -12.09561 -0.9809055 0 -0.1944855 5.938566 0 0 0 1 -0.6593342 0 -0.7518502 26.24094 0 1 0 -11.68869 0.7518502 0 -0.6593342 17.07201 0 0 0 1 0.2080776 0 -0.9781123 26.32795 0 1 0 12.03857 0.9781123 0 0.2080776 -8.863822 0 0 0 1 0.1108917 0 -0.9938323 26.75414 0 1 0 12.05594 0.9938323 0 0.1108917 -4.987036 0 0 0 1 -0.08812284 0 -0.9961094 28.43285 0 1 0 12.04966 0.9961094 0 -0.08812284 3.140432 0 0 0 1 -0.03259128 0 -0.9994686 27.37545 0 1 0 12.0948 0.9994686 0 -0.03259128 0.3055174 0 0 0 1 0.4898511 0 -0.8718062 24.84788 0 1 0 11.6969 0.8718062 0 0.4898511 -19.05307 0 0 0 1</float_array>
          <technique_common>
            <accessor source="#Armature_chest_mp_recon-skin-bind_poses-array" count="51" stride="16">
              <param name="TRANSFORM" type="float4x4"/>
            </accessor>
          </technique_common>
        </source>
        <source id="Armature_chest_mp_recon-skin-weights">
          <float_array id="Armature_chest_mp_recon-skin-weights-array" count="1515">1 1 1 1 1 1 1 1 1 1 1 1 1 1 1 1 1 1 1 1 1 1 1 1 1 1 1 1 1 1 1 1 1 1 1 1 1 1 1 1 1 1 1 1 1 1 1 1 1 1 1 1 1 1 1 1 1 1 1 1 1 1 1 1 1 1 1 1 1 1 1 1 1 1 1 1 1 1 1 1 1 1 1 1 1 1 1 1 1 1 1 1 1 1 1 1 1 1 1 1 1 1 1 1 1 1 1 1 1 1 1 1 1 1 1 1 1 1 1 1 1 1 1 1 1 1 1 1 1 1 1 1 1 1 1 1 1 1 1 1 1 1 1 1 1 1 1 0.5 0.5 1 1 0.5 0.5 1 1 1 1 1 1 1 1 1 1 1 1 1 1 1 1 1 1 1 1 1 1 1 1 1 1 1 1 1 1 1 1 1 1 1 1 1 1 1 1 1 1 1 1 1 1 1 1 1 1 1 1 1 1 1 1 1 1 0.5 0.5 1 0.5 0.5 1 0.5 0.5 1 1 1 1 1 1 1 1 1 1 0.5 0.5 1 1 0.5 0.5 0.5 0.5 1 0.5 0.5 1 0.5 0.5 0.5 0.5 1 0.5 0.5 1 0.5 0.5 1 0.5 0.5 1 1 1 1 1 1 1 1 1 1 1 0.5 0.5 1 1 1 1 1 1 1 0.5 0.5 1 1 1 1 1 1 1 1 1 1 1 1 1 1 0.5 0.5 1 1 0.5 0.5 1 0.5 0.5 1 0.5 0.5 1 0.5 0.5 1 0.5 0.5 1 0.5 0.5 1 0.5 0.5 0.5 0.5 1 0.5 0.5 1 1 0.5 0.5 1 1 1 0.5 0.5 1 1 1 1 1 1 0.5 0.5 1 0.5 0.5 1 1 1 1 1 1 1 1 1 1 1 1 1 1 1 1 1 1 1 1 1 1 1 1 1 1 1 1 1 1 1 1 1 1 1 1 0.5 0.5 1 0.5 0.5 1 1 1 0.5 0.5 0.5 0.5 1 0.5 0.5 1 1 0.5 0.5 1 1 1 1 0.5 0.5 0.5 0.5 1 0.5 0.5 1 1 1 1 1 1 1 1 1 1 1 1 0.5 0.5 1 1 1 1 1 1 1 1 1 1 1 1 1 1 1 1 1 1 1 1 1 1 1 1 1 1 1 1 1 1 1 1 1 1 1 1 0.5 0.5 1 1 1 1 1 1 1 1 1 1 1 1 1 1 1 1 1 1 1 1 1 1 1 1 1 1 1 1 1 1 1 1 1 1 1 1 1 1 1 1 1 1 1 1 1 1 1 1 1 1 1 1 1 1 1 1 1 1 1 0.5 0.5 1 1 1 1 1 1 1 1 1 1 1 1 1 1 1 1 1 1 1 1 1 1 1 1 1 1 1 1 1 1 1 1 1 1 1 1 1 1 1 1 1 1 1 0.5 0.5 1 0.5 0.5 1 1 1 1 0.5 0.5 1 0.5 0.5 1 0.5 0.5 1 1 1 1 1 1 0.5 0.5 0.5 0.5 0.5 0.5 1 1 1 1 1 1 1 1 1 1 1 1 1 1 1 1 1 1 1 1 1 1 1 1 1 1 1 1 1 1 1 1 1 1 1 1 1 1 1 1 1 1 1 1 1 1 1 1 1 1 1 1 1 1 1 1 1 1 0.5 0.5 1 1 0.5 0.5 1 1 0.5 0.5 1 1 1 1 1 1 1 0.5 0.5 1 1 1 0.5 0.5 1 1 1 0.5 0.5 1 1 1 1 1 1 1 1 1 1 1 1 1 1 1 1 1 1 1 1 1 1 1 1 1 1 1 1 1 1 1 1 1 1 1 1 1 1 1 1 1 1 1 1 1 1 1 1 1 1 1 1 1 1 1 1 1 1 1 1 1 1 1 1 1 1 1 1 1 1 1 1 1 1 1 1 1 1 1 1 1 1 1 1 1 1 1 1 1 1 1 1 1 1 1 1 1 1 1 1 1 1 1 1 1 1 1 0.5 0.5 1 0.5 0.5 1 0.5 0.5 0.5 0.5 1 0.5 0.5 1 1 1 1 1 1 1 1 1 1 1 1 1 1 1 1 1 1 1 1 1 1 1 1 1 1 1 1 1 1 1 1 1 1 1 1 1 1 1 1 1 1 1 1 1 1 1 1 1 1 1 1 1 1 1 1 1 1 1 1 1 1 1 1 1 1 1 1 1 1 1 1 1 1 1 1 1 1 1 1 1 0.5 0.5 0.5 0.5 1 0.5 0.5 1 1 0.5 0.5 0.5 0.5 1 1 0.5 0.5 0.5 0.5 0.5 0.5 0.5 0.5 1 1 1 1 1 1 1 1 1 1 1 1 1 1 1 1 1 1 1 1 1 1 1 1 1 1 1 1 1 1 1 1 1 1 1 1 1 1 1 1 1 1 1 1 1 1 1 1 1 1 1 1 1 1 1 1 1 1 1 1 1 1 1 1 1 1 1 1 1 1 1 1 1 1 1 1 0.5 0.5 1 0.5 0.5 1 1 1 1 1 1 1 1 1 1 1 1 1 1 1 1 1 1 1 1 1 1 1 1 1 1 1 1 1 1 1 1 1 1 1 1 1 0.5 0.5 1 1 1 1 1 1 0.5 0.5 0.5 0.5 1 0.5 0.5 1 1 1 1 1 1 1 0.5 0.5 0.5 0.5 1 1 1 1 1 1 1 1 1 1 1 1 1 1 1 1 1 1 1 1 1 1 1 1 1 1 1 1 1 1 1 1 1 1 1 1 1 1 1 1 1 1 1 1 1 1 1 1 1 1 1 1 1 1 1 1 1 1 1 1 1 1 1 1 1 1 1 1 1 1 1 1 1 1 0.5 0.5 1 0.5 0.5 0.5 0.5 0.5 0.5 1 1 0.5 0.5 1 0.5 0.5 1 1 1 1 1 1 1 0.5 0.5 1 1 1 1 0.5 0.5 0.5 0.5 0.5 0.5 0.5 0.5 1 1 1 1 1 1 1 1 1 1 1 1 1 0.5 0.5 0.5 0.5 1 1 1 1 1 1 1 1 1 1 1 1 1 1 1 1 1 1 1 1 1 1 1 1 1 1 1 1 1 1 1 1 1 1 1 1 1 1 1 1 1 1 1 1 1 1 1 1 1 1 1 1 1 1 1 1 1 1 1 1 1 1 1 1 1 1 1 1 1 1 1 1 1 1 1 1 1 1 1 1 1 1 1 1 1 1 1 1 1 1 1 1 1 1 1 1 1 1 1 1 1 1 1 1 1 1 1 1 1 1 1 1 1 1 1 1 1 1 1 1 1 1 1 1 1 1 1 1 1 1 1 1 1 1 1 1 1 1 1 1 1 1 1 1 1 1 1 1 1 1 1 1 0.5 0.5 1 1 0.5 0.5 1 0.5 0.5 0.5 0.5 1 1 1 1 1 1 1 1 1 1 1 1 1 1 1 1 1 1 1 1 1 1 1 1 1 1 1 1 1 1 1 1 1 1 1 1 1 1 1 1 1 1 1 1 1 1 1 1 1 1 1 1 1 1 0.5 0.5 0.5 0.5 0.5 0.5 1 1 1 1 0.5 0.5 1 1 1 0.5 0.5 1 1 1 1 1 1 1 0.5 0.5 1 1 1 1 1 1 1 1 1 1 1 1 1 1 1 1 1 1 1 1 1 1 0.5 0.5 1 1 1 1 1 0.5 0.5 0.5 0.5 0.5 0.5 1 1 1 1 1 1 0.5 0.5 0.5 0.5 1 1 1 1 1 1 1 1 1 1 1 1 1 1 1 0.5 0.5 1 0.5 0.5 1 1 1 1 1 1 0.5 0.5 1 1 1 1 1 1 1 1 1 1 1 1 1 1 1 1 1 1 1 1 1 1 1 1 1 1</float_array>
          <technique_common>
            <accessor source="#Armature_chest_mp_recon-skin-weights-array" count="1515" stride="1">
              <param name="WEIGHT" type="float"/>
            </accessor>
          </technique_common>
        </source>
        <joints>
          <input semantic="JOINT" source="#Armature_chest_mp_recon-skin-joints"/>
          <input semantic="INV_BIND_MATRIX" source="#Armature_chest_mp_recon-skin-bind_poses"/>
        </joints>
        <vertex_weights count="1405">
          <input semantic="JOINT" source="#Armature_chest_mp_recon-skin-joints" offset="0"/>
          <input semantic="WEIGHT" source="#Armature_chest_mp_recon-skin-weights" offset="1"/>
          <vcount>1 1 1 1 1 1 1 1 1 1 1 1 1 1 1 1 1 1 1 1 1 1 1 1 1 1 1 1 1 1 1 1 1 1 1 1 1 1 1 1 1 1 1 1 1 1 1 1 1 1 1 1 1 1 1 1 1 1 1 1 1 1 1 1 1 1 1 1 1 1 1 1 1 1 1 1 1 1 1 1 1 1 1 1 1 1 1 1 1 1 1 1 1 1 1 1 1 1 1 1 1 1 1 1 1 1 1 1 1 1 1 1 1 1 1 1 1 1 1 1 1 1 1 1 1 1 1 1 1 1 1 1 1 1 1 1 1 1 1 1 1 1 1 1 1 1 1 2 1 1 2 1 1 1 1 1 1 1 1 1 1 1 1 1 1 1 1 1 1 1 1 1 1 1 1 1 1 1 1 1 1 1 1 1 1 1 1 1 1 1 1 1 1 1 1 1 1 1 1 1 1 1 1 1 1 1 1 1 1 2 1 2 1 2 1 1 1 1 1 1 1 1 1 1 2 1 1 2 2 1 2 1 2 2 1 2 1 2 1 2 1 1 1 1 1 1 1 1 1 1 1 2 1 1 1 1 1 1 1 2 1 1 1 1 1 1 1 1 1 1 1 1 1 1 2 1 1 2 1 2 1 2 1 2 1 2 1 2 1 2 2 1 2 1 1 2 1 1 1 2 1 1 1 1 1 1 2 1 2 1 1 1 1 1 1 1 1 1 1 1 1 1 1 1 1 1 1 1 1 1 1 1 1 1 1 1 1 1 1 1 1 1 1 1 1 2 1 2 1 1 1 2 2 1 2 1 1 2 1 1 1 1 2 2 1 2 1 1 1 1 1 1 1 1 1 1 1 1 2 1 1 1 1 1 1 1 1 1 1 1 1 1 1 1 1 1 1 1 1 1 1 1 1 1 1 1 1 1 1 1 1 1 1 1 1 2 1 1 1 1 1 1 1 1 1 1 1 1 1 1 1 1 1 1 1 1 1 1 1 1 1 1 1 1 1 1 1 1 1 1 1 1 1 1 1 1 1 1 1 1 1 1 1 1 1 1 1 1 1 1 1 1 1 1 1 2 1 1 1 1 1 1 1 1 1 1 1 1 1 1 1 1 1 1 1 1 1 1 1 1 1 1 1 1 1 1 1 1 1 1 1 1 1 1 1 1 1 1 1 2 1 2 1 1 1 1 2 1 2 1 2 1 1 1 1 1 1 2 2 2 1 1 1 1 1 1 1 1 1 1 1 1 1 1 1 1 1 1 1 1 1 1 1 1 1 1 1 1 1 1 1 1 1 1 1 1 1 1 1 1 1 1 1 1 1 1 1 1 1 1 1 1 1 1 1 1 1 1 2 1 1 2 1 1 2 1 1 1 1 1 1 1 2 1 1 1 2 1 1 1 2 1 1 1 1 1 1 1 1 1 1 1 1 1 1 1 1 1 1 1 1 1 1 1 1 1 1 1 1 1 1 1 1 1 1 1 1 1 1 1 1 1 1 1 1 1 1 1 1 1 1 1 1 1 1 1 1 1 1 1 1 1 1 1 1 1 1 1 1 1 1 1 1 1 1 1 1 1 1 1 1 1 1 1 1 1 1 1 1 1 1 1 1 1 1 1 1 1 1 1 1 1 1 1 1 1 1 1 2 1 2 1 2 2 1 2 1 1 1 1 1 1 1 1 1 1 1 1 1 1 1 1 1 1 1 1 1 1 1 1 1 1 1 1 1 1 1 1 1 1 1 1 1 1 1 1 1 1 1 1 1 1 1 1 1 1 1 1 1 1 1 1 1 1 1 1 1 1 1 1 1 1 1 1 1 1 1 1 1 1 1 1 1 1 1 1 1 2 2 1 2 1 1 2 2 1 1 2 2 2 2 1 1 1 1 1 1 1 1 1 1 1 1 1 1 1 1 1 1 1 1 1 1 1 1 1 1 1 1 1 1 1 1 1 1 1 1 1 1 1 1 1 1 1 1 1 1 1 1 1 1 1 1 1 1 1 1 1 1 1 1 1 1 1 1 1 1 1 1 1 1 1 1 1 1 1 1 2 1 2 1 1 1 1 1 1 1 1 1 1 1 1 1 1 1 1 1 1 1 1 1 1 1 1 1 1 1 1 1 1 1 1 1 1 1 1 1 2 1 1 1 1 1 1 2 2 1 2 1 1 1 1 1 1 1 2 2 1 1 1 1 1 1 1 1 1 1 1 1 1 1 1 1 1 1 1 1 1 1 1 1 1 1 1 1 1 1 1 1 1 1 1 1 1 1 1 1 1 1 1 1 1 1 1 1 1 1 1 1 1 1 1 1 1 1 1 1 1 1 1 1 1 1 1 1 1 1 1 1 1 1 2 1 2 2 2 1 1 2 1 2 1 1 1 1 1 1 1 2 1 1 1 1 2 2 2 2 1 1 1 1 1 1 1 1 1 1 1 1 1 2 2 1 1 1 1 1 1 1 1 1 1 1 1 1 1 1 1 1 1 1 1 1 1 1 1 1 1 1 1 1 1 1 1 1 1 1 1 1 1 1 1 1 1 1 1 1 1 1 1 1 1 1 1 1 1 1 1 1 1 1 1 1 1 1 1 1 1 1 1 1 1 1 1 1 1 1 1 1 1 1 1 1 1 1 1 1 1 1 1 1 1 1 1 1 1 1 1 1 1 1 1 1 1 1 1 1 1 1 1 1 1 1 1 1 1 1 1 1 1 1 1 1 1 1 1 1 1 1 1 1 1 1 1 1 1 1 1 1 1 1 1 1 1 1 1 1 1 1 1 1 1 1 1 2 1 1 2 1 2 2 1 1 1 1 1 1 1 1 1 1 1 1 1 1 1 1 1 1 1 1 1 1 1 1 1 1 1 1 1 1 1 1 1 1 1 1 1 1 1 1 1 1 1 1 1 1 1 1 1 1 1 1 1 1 2 2 2 1 1 1 1 2 1 1 1 2 1 1 1 1 1 1 1 2 1 1 1 1 1 1 1 1 1 1 1 1 1 1 1 1 1 1 1 1 1 1 2 1 1 1 1 1 2 2 2 1 1 1 1 1 1 2 2 1 1 1 1 1 1 1 1 1 1 1 1 1 1 1 2 1 2 1 1 1 1 1 1 2 1 1 1 1 1 1 1 1 1 1 1 1 1 1 1 1 1 1 1 1 1 1 1 1 1 1 </vcount>
          <v>19 0 19 1 19 2 19 3 19 4 19 5 19 6 19 7 19 8 19 9 19 10 19 11 19 12 19 13 17 14 19 15 17 16 19 17 19 18 17 19 19 20 17 21 7 22 4 23 4 24 4 25 4 26 17 27 17 28 19 29 19 30 19 31 19 32 4 33 4 34 4 35 4 36 4 37 4 38 4 39 4 40 4 41 4 42 4 43 4 44 4 45 3 46 0 47 0 48 3 49 0 50 0 51 0 52 3 53 3 54 3 55 3 56 3 57 3 58 3 59 3 60 20 61 20 62 20 63 20 64 20 65 20 66 20 67 20 68 20 69 20 70 20 71 20 72 20 73 20 74 0 75 3 76 0 77 3 78 0 79 3 80 0 81 3 82 20 83 20 84 20 85 20 86 20 87 0 88 3 89 3 90 3 91 3 92 3 93 6 94 6 95 6 96 6 97 6 98 3 99 3 100 3 101 3 102 3 103 0 104 0 105 3 106 19 107 19 108 19 109 19 110 19 111 19 112 19 113 6 114 6 115 6 116 6 117 6 118 6 119 6 120 6 121 6 122 6 123 6 124 6 125 6 126 6 127 6 128 6 129 6 130 6 131 6 132 20 133 18 134 18 135 20 136 20 137 18 138 20 139 18 140 0 141 3 142 3 143 0 144 0 145 3 146 0 147 1 148 1 149 1 150 0 151 1 152 1 153 18 154 20 155 20 156 20 157 20 158 20 159 20 160 20 161 20 162 20 163 20 164 20 165 20 166 20 167 20 168 20 169 20 170 20 171 20 172 20 173 20 174 20 175 20 176 2 177 2 178 2 179 2 180 2 181 2 182 2 183 2 184 2 185 2 186 2 187 2 188 2 189 2 190 2 191 2 192 2 193 2 194 2 195 2 196 2 197 17 198 17 199 17 200 17 201 17 202 17 203 17 204 17 205 17 206 17 207 17 208 17 209 17 210 0 211 2 212 2 213 0 214 2 215 2 216 0 217 2 218 17 219 17 220 17 221 17 222 17 223 17 224 17 225 17 226 17 227 17 228 9 229 14 230 14 231 14 232 9 233 14 234 9 235 14 236 14 237 9 238 14 239 14 240 9 241 14 242 9 243 14 244 14 245 9 246 14 247 14 248 9 249 14 250 14 251 9 252 14 253 14 254 14 255 6 256 14 257 14 258 6 259 6 260 14 261 6 262 14 263 6 264 9 265 14 266 6 267 6 268 6 269 6 270 6 271 6 272 6 273 9 274 14 275 6 276 14 277 6 278 14 279 6 280 6 281 6 282 6 283 8 284 8 285 8 286 8 287 8 288 6 289 11 290 16 291 6 292 6 293 11 294 16 295 6 296 11 297 16 298 6 299 11 300 16 301 6 302 11 303 16 304 6 305 11 306 16 307 6 308 11 309 16 310 6 311 11 312 16 313 11 314 16 315 16 316 11 317 16 318 16 319 16 320 11 321 16 322 8 323 8 324 16 325 11 326 16 327 16 328 16 329 16 330 16 331 16 332 16 333 11 334 16 335 16 336 11 337 16 338 16 339 16 340 18 341 18 342 18 343 18 344 18 345 0 346 0 347 0 348 0 349 0 350 0 351 0 352 0 353 0 354 0 355 0 356 0 357 0 358 19 359 19 360 19 361 19 362 17 363 17 364 19 365 19 366 19 367 19 368 19 369 19 370 19 371 19 372 19 373 19 374 14 375 17 376 17 377 14 378 17 379 14 380 14 381 17 382 14 383 17 384 14 385 17 386 14 387 14 388 17 389 14 390 14 391 14 392 17 393 14 394 17 395 17 396 14 397 14 398 17 399 14 400 17 401 14 402 14 403 17 404 14 405 17 406 17 407 17 408 17 409 17 410 17 411 17 412 17 413 17 414 17 415 17 416 14 417 17 418 14 419 14 420 14 421 14 422 14 423 14 424 14 425 14 426 14 427 14 428 14 429 14 430 14 431 14 432 3 433 3 434 3 435 3 436 3 437 3 438 3 439 3 440 3 441 3 442 3 443 3 444 0 445 3 446 3 447 3 448 4 449 4 450 4 451 4 452 4 453 4 454 1 455 4 456 4 457 4 458 4 459 4 460 4 461 6 462 3 463 3 464 3 465 0 466 5 467 5 468 5 469 5 470 5 471 5 472 5 473 5 474 5 475 5 476 3 477 6 478 3 479 3 480 6 481 6 482 6 483 6 484 6 485 6 486 6 487 3 488 3 489 3 490 3 491 6 492 6 493 6 494 6 495 6 496 6 497 6 498 6 499 6 500 6 501 6 502 6 503 6 504 6 505 6 506 3 507 3 508 3 509 3 510 0 511 0 512 0 513 0 514 0 515 0 516 1 517 0 518 0 519 0 520 6 521 6 522 6 523 6 524 6 525 6 526 6 527 6 528 3 529 3 530 6 531 6 532 3 533 3 534 3 535 3 536 6 537 6 538 6 539 6 540 6 541 6 542 20 543 20 544 20 545 20 546 20 547 20 548 20 549 20 550 20 551 18 552 18 553 18 554 20 555 20 556 18 557 18 558 18 559 18 560 16 561 18 562 18 563 16 564 18 565 18 566 16 567 16 568 16 569 16 570 18 571 16 572 16 573 18 574 16 575 16 576 18 577 18 578 18 579 18 580 18 581 16 582 16 583 16 584 18 585 16 586 18 587 16 588 18 589 18 590 18 591 18 592 18 593 18 594 18 595 16 596 16 597 16 598 16 599 16 600 16 601 16 602 16 603 16 604 16 605 16 606 16 607 16 608 16 609 16 610 16 611 16 612 16 613 16 614 16 615 16 616 16 617 16 618 16 619 16 620 16 621 16 622 16 623 16 624 16 625 16 626 16 627 16 628 3 629 3 630 3 631 3 632 3 633 3 634 3 635 3 636 3 637 3 638 3 639 3 640 3 641 16 642 16 643 5 644 5 645 5 646 5 647 2 648 5 649 16 650 16 651 0 652 2 653 2 654 2 655 0 656 2 657 2 658 6 659 6 660 6 661 6 662 6 663 6 664 0 665 2 666 2 667 2 668 2 669 0 670 2 671 2 672 0 673 0 674 0 675 2 676 2 677 0 678 0 679 0 680 0 681 0 682 3 683 6 684 3 685 6 686 3 687 6 688 6 689 6 690 6 691 6 692 6 693 6 694 6 695 6 696 6 697 6 698 6 699 6 700 3 701 3 702 6 703 3 704 6 705 6 706 6 707 6 708 6 709 6 710 6 711 6 712 6 713 6 714 6 715 6 716 6 717 6 718 6 719 6 720 6 721 15 722 6 723 6 724 15 725 6 726 6 727 15 728 15 729 6 730 15 731 6 732 15 733 5 734 5 735 5 736 5 737 5 738 8 739 4 740 4 741 7 742 7 743 7 744 7 745 7 746 7 747 7 748 7 749 7 750 7 751 7 752 6 753 6 754 6 755 6 756 6 757 6 758 6 759 6 760 6 761 0 762 0 763 0 764 0 765 0 766 0 767 0 768 0 769 6 770 6 771 6 772 6 773 6 774 6 775 6 776 6 777 6 778 6 779 6 780 6 781 5 782 5 783 2 784 5 785 5 786 2 787 5 788 5 789 2 790 5 791 2 792 5 793 5 794 2 795 5 796 5 797 3 798 3 799 3 800 3 801 3 802 3 803 0 804 5 805 5 806 5 807 5 808 5 809 5 810 5 811 4 812 4 813 4 814 4 815 4 816 4 817 4 818 1 819 1 820 1 821 1 822 1 823 1 824 1 825 19 826 19 827 19 828 19 829 17 830 19 831 19 832 19 833 19 834 19 835 19 836 19 837 19 838 19 839 19 840 19 841 19 842 19 843 19 844 1 845 1 846 1 847 1 848 1 849 1 850 1 851 1 852 1 853 2 854 2 855 2 856 2 857 2 858 2 859 2 860 1 861 1 862 1 863 1 864 1 865 1 866 1 867 1 868 1 869 1 870 1 871 1 872 3 873 3 874 3 875 3 876 1 877 0 878 1 879 0 880 1 881 1 882 0 883 1 884 4 885 4 886 1 887 4 888 1 889 4 890 4 891 4 892 1 893 4 894 1 895 4 896 1 897 4 898 1 899 4 900 4 901 4 902 5 903 5 904 5 905 5 906 5 907 5 908 5 909 4 910 4 911 4 912 4 913 4 914 4 915 4 916 1 917 1 918 1 919 17 920 17 921 17 922 3 923 3 924 3 925 3 926 3 927 3 928 3 929 3 930 3 931 2 932 2 933 2 934 17 935 17 936 17 937 17 938 17 939 18 940 18 941 18 942 18 943 18 944 17 945 17 946 17 947 17 948 20 949 20 950 20 951 20 952 18 953 20 954 20 955 20 956 6 957 6 958 6 959 6 960 6 961 6 962 6 963 6 964 6 965 7 966 7 967 7 968 7 969 7 970 7 971 7 972 7 973 7 974 4 975 4 976 0 977 1 978 1 979 0 980 1 981 0 982 3 983 3 984 3 985 3 986 3 987 3 988 3 989 3 990 3 991 3 992 3 993 3 994 3 995 3 996 3 997 3 998 3 999 6 1000 6 1001 6 1002 3 1003 3 1004 8 1005 8 1006 8 1007 8 1008 5 1009 5 1010 5 1011 8 1012 8 1013 8 1014 8 1015 8 1016 8 1017 5 1018 1 1019 4 1020 4 1021 4 1022 4 1023 4 1024 4 1025 4 1026 1 1027 4 1028 1 1029 4 1030 5 1031 2 1032 5 1033 5 1034 5 1035 5 1036 5 1037 5 1038 5 1039 5 1040 2 1041 5 1042 2 1043 5 1044 6 1045 6 1046 6 1047 6 1048 6 1049 6 1050 6 1051 6 1052 3 1053 6 1054 3 1055 6 1056 3 1057 6 1058 6 1059 3 1060 3 1061 6 1062 3 1063 6 1064 6 1065 6 1066 6 1067 6 1068 6 1069 6 1070 18 1071 18 1072 18 1073 18 1074 18 1075 18 1076 17 1077 17 1078 17 1079 17 1080 18 1081 18 1082 18 1083 18 1084 18 1085 18 1086 18 1087 18 1088 18 1089 18 1090 18 1091 18 1092 18 1093 18 1094 18 1095 18 1096 18 1097 18 1098 18 1099 18 1100 18 1101 6 1102 6 1103 15 1104 6 1105 15 1106 15 1107 6 1108 6 1109 6 1110 15 1111 15 1112 6 1113 15 1114 7 1115 7 1116 7 1117 7 1118 1 1119 4 1120 1 1121 1 1122 4 1123 1 1124 4 1125 1 1126 4 1127 5 1128 2 1129 2 1130 5 1131 2 1132 2 1133 5 1134 2 1135 2 1136 2 1137 2 1138 2 1139 2 1140 2 1141 2 1142 5 1143 2 1144 2 1145 5 1146 5 1147 2 1148 5 1149 2 1150 5 1151 2 1152 5 1153 2 1154 5 1155 5 1156 5 1157 5 1158 3 1159 0 1160 3 1161 3 1162 18 1163 18 1164 18 1165 18 1166 18 1167 18 1168 16 1169 18 1170 16 1171 18 1172 18 1173 7 1174 7 1175 7 1176 7 1177 7 1178 7 1179 7 1180 7 1181 7 1182 7 1183 7 1184 7 1185 7 1186 6 1187 6 1188 6 1189 6 1190 6 1191 6 1192 6 1193 6 1194 6 1195 6 1196 6 1197 6 1198 6 1199 6 1200 6 1201 6 1202 17 1203 17 1204 17 1205 17 1206 17 1207 17 1208 17 1209 17 1210 17 1211 17 1212 17 1213 17 1214 17 1215 17 1216 8 1217 8 1218 8 1219 8 1220 8 1221 8 1222 8 1223 8 1224 8 1225 8 1226 8 1227 8 1228 8 1229 7 1230 7 1231 4 1232 4 1233 4 1234 4 1235 4 1236 19 1237 19 1238 19 1239 4 1240 4 1241 4 1242 4 1243 4 1244 4 1245 4 1246 4 1247 4 1248 4 1249 4 1250 19 1251 19 1252 6 1253 6 1254 6 1255 6 1256 6 1257 6 1258 17 1259 17 1260 17 1261 17 1262 6 1263 6 1264 6 1265 2 1266 2 1267 2 1268 2 1269 2 1270 2 1271 2 1272 2 1273 2 1274 2 1275 2 1276 2 1277 2 1278 2 1279 1 1280 1 1281 1 1282 1 1283 1 1284 1 1285 1 1286 1 1287 1 1288 1 1289 1 1290 1 1291 1 1292 3 1293 3 1294 3 1295 3 1296 3 1297 3 1298 3 1299 5 1300 5 1301 5 1302 5 1303 5 1304 5 1305 5 1306 5 1307 5 1308 5 1309 8 1310 5 1311 5 1312 5 1313 5 1314 5 1315 5 1316 5 1317 8 1318 8 1319 8 1320 8 1321 0 1322 0 1323 0 1324 0 1325 1 1326 0 1327 0 1328 0 1329 1 1330 0 1331 0 1332 1 1333 0 1334 1 1335 1 1336 6 1337 6 1338 6 1339 6 1340 6 1341 6 1342 6 1343 3 1344 3 1345 3 1346 3 1347 14 1348 14 1349 14 1350 14 1351 14 1352 14 1353 14 1354 14 1355 14 1356 14 1357 14 1358 14 1359 14 1360 14 1361 14 1362 14 1363 14 1364 14 1365 14 1366 14 1367 6 1368 6 1369 6 1370 6 1371 6 1372 6 1373 6 1374 6 1375 6 1376 6 1377 6 1378 6 1379 6 1380 7 1381 7 1382 7 1383 3 1384 3 1385 3 1386 3 1387 3 1388 2 1389 0 1390 2 1391 0 1392 2 1393 0 1394 2 1395 0 1396 0 1397 0 1398 0 1399 0 1400 2 1401 0 1402 19 1403 19 1404 1 1405 4 1406 4 1407 4 1408 3 1409 3 1410 3 1411 5 1412 5 1413 2 1414 5 1415 3 1416 3 1417 3 1418 0 1419 0 1420 0 1421 0 1422 0 1423 0 1424 0 1425 0 1426 0 1427 0 1428 0 1429 0 1430 3 1431 3 1432 3 1433 3 1434 3 1435 0 1436 1 1437 0 1438 1 1439 1 1440 1 1441 1 1442 19 1443 18 1444 16 1445 18 1446 16 1447 18 1448 16 1449 18 1450 16 1451 3 1452 3 1453 3 1454 3 1455 17 1456 14 1457 17 1458 14 1459 17 1460 14 1461 5 1462 5 1463 5 1464 8 1465 8 1466 8 1467 8 1468 8 1469 8 1470 6 1471 6 1472 6 1473 1 1474 4 1475 1 1476 4 1477 1 1478 1 1479 4 1480 1 1481 1 1482 1 1483 1 1484 1 1485 1 1486 1 1487 4 1488 1 1489 1 1490 20 1491 20 1492 20 1493 16 1494 16 1495 6 1496 6 1497 6 1498 6 1499 6 1500 6 1501 6 1502 6 1503 6 1504 6 1505 6 1506 14 1507 14 1508 14 1509 14 1510 16 1511 16 1512 16 1513 16 1514</v>
        </vertex_weights>
      </skin>
    </controller>
    <controller id="Armature_chest_base-skin" name="Armature">
      <skin source="#chest_base-mesh">
        <bind_shape_matrix>1 0 0 0 0 1 0 0 0 0 1 0 0 0 0 1</bind_shape_matrix>
        <source id="Armature_chest_base-skin-joints">
          <Name_array id="Armature_chest_base-skin-joints-array" count="51">pelvis l_thigh r_thigh spine l_calf r_calf spine1 l_foot r_foot l_clavicle neck r_clavicle l_toe r_toe l_upperarm head r_upperarm l_forearm r_forearm l_hand r_hand l_index_low l_middle_low l_pinky_low l_ring_low l_thumb_low r_index_low r_middle_low r_pinky_low r_ring_low r_thumb_low l_index_mid l_middle_mid l_pinky_mid l_ring_mid l_thumb_mid r_index_mid r_middle_mid r_pinky_mid r_ring_mid r_thumb_mid l_index_tip l_middle_tip l_pinky_tip l_ring_tip l_thumb_tip r_index_tip r_middle_tip r_pinky_tip r_ring_tip r_thumb_tip</Name_array>
          <technique_common>
            <accessor source="#Armature_chest_base-skin-joints-array" count="51" stride="1">
              <param name="JOINT" type="name"/>
            </accessor>
          </technique_common>
        </source>
        <source id="Armature_chest_base-skin-bind_poses">
          <float_array id="Armature_chest_base-skin-bind_poses-array" count="816">1.98285e-6 0 1 -39.43847 0 1 0 0 -1 0 1.98285e-6 -0.8210782 0 0 0 1 -0.09711545 0 -0.9952731 39.1723 0 1 0 -4.218651 0.9952731 0 -0.09711545 4.647207 0 0 0 1 0.02842217 0 -0.9995961 39.44588 0 1 0 4.218651 0.9995961 0 0.02842217 -0.3002634 0 0 0 1 7.96036e-4 0 0.9999997 -43.1744 0 1 0 -3.69549e-6 -0.9999997 0 7.96036e-4 -0.8612564 0 0 0 1 -0.2221002 0 -0.9750239 21.40363 0 1 0 -5.312521 0.9750239 0 -0.2221002 6.3097 0 0 0 1 -0.1064299 0 -0.9943203 21.99434 0 1 0 5.230562 0.9943203 0 -0.1064299 3.704057 0 0 0 1 7.96036e-4 0 0.9999997 -50.57437 0 1 0 -1.93119e-5 -0.9999997 0 7.96036e-4 -0.8681024 0 0 0 1 6.70552e-7 0 -1 6.877819 0 1 0 -6.299339 1 0 6.70552e-7 3.901764 0 0 0 1 1.14739e-6 0 -1 6.877312 0 1 0 6.14305 1 0 1.14739e-6 3.911528 0 0 0 1 1 0 -2.5034e-6 0.8211237 0 1 0 -5.980301 2.5034e-6 0 1 -56.92436 0 0 0 1 0.06076008 0 0.9981524 -59.02845 0 1 0 -3.12328e-5 -0.9981524 0 0.06076008 -4.417078 0 0 0 1 -0.9999997 0 8.02906e-4 -0.8666705 0 1 0 5.980243 -8.02906e-4 0 -0.9999997 56.92372 0 0 0 1 1 0 -4.29253e-6 -1.858573 0 1 0 -6.29932 4.29253e-6 0 1 -0.05844295 0 0 0 1 1 0 -3.81569e-6 -1.848813 0 1 0 6.143054 3.81569e-6 0 1 -0.05793178 0 0 0 1 0.2013086 0 -0.979528 55.92427 0 1 0 -9.022868 0.979528 0 0.2013086 -10.6552 0 0 0 1 -2.86847e-7 0 1 -60.90931 0 1 0 -3.40939e-5 -1 0 -2.86847e-7 -0.7175332 0 0 0 1 -0.188954 0 -0.9819861 55.74386 0 1 0 9.022809 0.9819861 0 -0.188954 11.56228 0 0 0 1 0.3294743 0 -0.9441646 43.92884 0 1 0 -11.13758 0.9441646 0 0.3294743 -14.5592 0 0 0 1 -0.05045419 0 -0.9987264 46.17688 0 1 0 11.1376 0.9987264 0 -0.05045419 3.069371 0 0 0 1 -0.3649712 0 0.931019 -32.45397 0 1 0 -13.31552 -0.931019 0 -0.3649712 13.73834 0 0 0 1 0.1465873 0 -0.9891977 34.71136 0 1 0 13.31563 0.9891977 0 0.1465873 -6.082541 0 0 0 1 -0.2425774 0 0.9701322 -28.72574 0 1 0 -13.16013 -0.9701322 0 -0.2425774 9.976641 0 0 0 1 -0.3114544 0 0.9502612 -28.08117 0 1 0 -13.37454 -0.9502612 0 -0.3114544 10.951 0 0 0 1 -0.46657 0 0.8844845 -27.4635 0 1 0 -13.22775 -0.8844845 0 -0.46657 14.0206 0 0 0 1 -0.3888717 0 0.921292 -27.49639 0 1 0 -13.42517 -0.921292 0 -0.3888717 12.35433 0 0 0 1 -0.3083322 0 -0.9512789 32.53058 0 1 0 -12.68094 0.9512789 0 -0.3083322 7.083755 0 0 0 1 0.2604886 0 -0.9654768 28.53913 0 1 0 13.16032 0.9654768 0 0.2604886 -10.4852 0 0 0 1 0.09874564 0 -0.9951127 29.78438 0 1 0 13.37468 0.9951127 0 0.09874564 -4.602375 0 0 0 1 -0.09375363 0 -0.9955954 30.65595 0 1 0 13.22785 0.9955954 0 -0.09375363 3.322331 0 0 0 1 -0.03773862 0 -0.9992875 30.13907 0 1 0 13.42534 0.9992875 0 -0.03773862 0.4698128 0 0 0 1 0.6197924 0 -0.7847658 23.9684 0 1 0 12.68104 0.7847658 0 0.6197924 -23.09979 0 0 0 1 -0.2185275 0 0.9758309 -27.32168 0 1 0 -12.73438 -0.9758309 0 -0.2185275 9.277963 0 0 0 1 -0.2238233 0 0.9746298 -27.14057 0 1 0 -12.80065 -0.9746298 0 -0.2238233 8.117479 0 0 0 1 -0.2371218 0 0.97148 -28.81913 0 1 0 -12.77139 -0.97148 0 -0.2371218 6.474303 0 0 0 1 -0.2760125 0 0.9611542 -27.24076 0 1 0 -12.78509 -0.9611542 0 -0.2760125 8.510142 0 0 0 1 -0.6593345 0 -0.75185 26.65189 0 1 0 -12.19146 0.75185 0 -0.6593345 17.95915 0 0 0 1 0.2228222 0 -0.9748591 27.29351 0 1 0 12.69474 0.9748591 0 0.2228222 -9.364563 0 0 0 1 0.1069902 0 -0.99426 27.91951 0 1 0 12.77262 0.99426 0 0.1069902 -4.85506 0 0 0 1 -0.08998388 0 -0.9959431 29.36953 0 1 0 12.74902 0.9959431 0 -0.08998388 3.204443 0 0 0 1 -0.03635287 0 -0.999339 28.54778 0 1 0 12.75291 0.999339 0 -0.03635287 0.4196385 0 0 0 1 0.5639691 0 -0.8257959 24.0387 0 1 0 12.19158 0.8257959 0 0.5639691 -21.32115 0 0 0 1 -0.2133874 0 0.9769678 -26.31636 0 1 0 -11.9954 -0.9769678 0 -0.2133874 9.147328 0 0 0 1 -0.19561 0 0.9806818 -26.21331 0 1 0 -12.10106 -0.9806818 0 -0.19561 7.206446 0 0 0 1 -0.1628126 0 0.9866571 -28.31106 0 1 0 -12.08911 -0.9866571 0 -0.1628126 4.000612 0 0 0 1 -0.1944855 0 0.9809055 -26.73184 0 1 0 -12.09561 -0.9809055 0 -0.1944855 5.938566 0 0 0 1 -0.6593342 0 -0.7518502 26.24094 0 1 0 -11.68869 0.7518502 0 -0.6593342 17.07201 0 0 0 1 0.2080776 0 -0.9781123 26.32795 0 1 0 12.03857 0.9781123 0 0.2080776 -8.863822 0 0 0 1 0.1108917 0 -0.9938323 26.75414 0 1 0 12.05594 0.9938323 0 0.1108917 -4.987036 0 0 0 1 -0.08812284 0 -0.9961094 28.43285 0 1 0 12.04966 0.9961094 0 -0.08812284 3.140432 0 0 0 1 -0.03259128 0 -0.9994686 27.37545 0 1 0 12.0948 0.9994686 0 -0.03259128 0.3055174 0 0 0 1 0.4898511 0 -0.8718062 24.84788 0 1 0 11.6969 0.8718062 0 0.4898511 -19.05307 0 0 0 1</float_array>
          <technique_common>
            <accessor source="#Armature_chest_base-skin-bind_poses-array" count="51" stride="16">
              <param name="TRANSFORM" type="float4x4"/>
            </accessor>
          </technique_common>
        </source>
        <source id="Armature_chest_base-skin-weights">
          <float_array id="Armature_chest_base-skin-weights-array" count="2277">1 1 1 1 1 1 1 1 1 1 1 1 1 1 1 1 1 1 1 1 1 1 1 1 1 1 1 1 1 1 1 1 1 1 1 1 1 1 1 1 1 1 1 1 1 1 1 1 1 1 0.2 0.8 0.2 0.8 1 1 1 1 1 1 0.2 0.8 1 1 1 1 1 1 1 1 0.2 0.8 0.2 0.8 0.2 0.8 0.2 0.8 0.2 0.8 1 0.2 0.8 1 1 1 1 1 1 1 1 1 1 1 1 1 1 1 1 1 1 1 1 1 1 1 1 1 1 1 1 1 1 1 1 1 1 1 1 0.8 0.2 0.8 0.2 1 0.8 0.2 0.8 0.2 0.8 0.2 0.8 0.2 0.8 0.2 0.8 0.2 1 1 1 1 1 1 1 1 0.8 0.2 1 1 1 1 1 1 1 1 1 1 1 1 1 1 1 1 1 1 1 1 1 1 1 1 1 1 1 1 1 1 1 1 1 1 1 1 1 1 1 1 1 1 1 1 1 1 1 1 1 1 1 1 1 1 1 1 1 1 1 1 1 1 1 1 1 1 1 1 1 1 1 1 1 1 1 1 1 1 1 1 1 1 0.9015748 0.09842514 0.9015748 0.09842514 0.8 0.2 0.8 0.2 0.9015748 0.09842514 0.8 0.2 0.9015748 0.09842514 0.8 0.2 0.9015748 0.09842514 0.9015748 0.09842514 0.8 0.2 1 1 1 1 1 1 1 1 1 1 1 1 1 1 1 1 1 1 1 1 1 1 1 1 1 1 1 1 1 1 1 0.2 0.8 0.8 0.2 0.8 0.2 0.8 0.2 0.9015748 0.09842514 0.8 0.2 0.9015748 0.09842514 0.9015748 0.09842514 0.9015748 0.09842514 1 1 1 1 1 1 0.9015748 0.09842514 1 0.8 0.2 0.8 0.2 0.2 0.8 1 0.2 0.8 0.8 0.2 0.2 0.8 0.9015748 0.09842514 0.2 0.8 1 0.8 0.2 1 1 0.2 0.8 0.2 0.8 0.2 0.8 0.2 0.8 0.2 0.8 0.2 0.8 0.2 0.8 0.2 0.8 0.2 0.8 0.2 0.8 0.2 0.8 1 1 0.2 0.8 0.2 0.8 1 0.2 0.8 1 1 1 1 1 1 0.8 0.2 0.8 0.2 0.9015748 0.09842514 0.2 0.8 0.2 0.8 0.2 0.8 1 1 1 1 0.8 0.2 1 1 0.8 0.2 1 1 1 1 1 1 0.2 0.8 1 1 1 1 1 1 1 1 1 1 0.8 0.2 0.8 0.2 0.8 0.2 0.8 0.2 1 0.8 0.2 0.8 0.2 1 0.8 0.2 1 1 1 0.8 0.2 0.8 0.2 0.8 0.2 1 1 0.8 0.2 0.8 0.2 1 0.2 0.8 0.2 0.8 1 0.2 0.8 1 1 1 1 1 1 1 1 1 1 1 1 1 1 1 1 1 1 1 1 1 0.8 0.2 1 1 1 1 1 1 1 1 1 1 1 1 1 1 1 0.8 0.2 0.8 0.2 0.8 0.2 1 0.8 0.2 0.8 0.2 1 0.8 0.2 1 1 1 0.8 0.2 0.8 0.2 0.8 0.2 1 1 0.8 0.2 0.8 0.2 1 1 1 1 1 1 1 1 1 1 0.8 0.2 0.8 0.2 0.8 0.2 1 1 1 1 1 1 1 1 1 1 1 1 1 1 1 1 1 1 1 1 1 1 1 1 1 1 1 1 1 1 1 1 1 1 1 1 1 1 1 0.2 0.8 1 1 1 1 1 1 1 1 1 1 1 1 1 0.2 0.8 1 1 1 1 1 1 1 1 1 1 1 1 1 1 1 1 0.8 0.2 0.8 0.2 0.8 0.2 1 1 1 1 1 1 1 1 1 1 1 1 1 1 1 1 1 1 1 1 1 1 1 1 1 1 1 0.9015748 0.09842514 0.09842514 0.9015748 0.09842514 0.9015748 0.9015748 0.09842514 0.9015748 0.09842514 0.09842514 0.9015748 0.9015748 0.09842514 1 1 1 1 0.8 0.2 0.8 0.2 0.2 0.8 0.2 0.8 0.2 0.8 0.2 0.8 0.2 0.8 0.8 0.2 0.8 0.2 0.8 0.2 0.9015748 0.09842514 0.8 0.2 0.9015748 0.09842514 0.9015748 0.09842514 0.9015748 0.09842514 1 1 1 1 1 1 0.9015748 0.09842514 0.8 0.2 0.2 0.8 0.8 0.2 0.2 0.8 1 0.2 0.8 0.9015748 0.09842514 0.2 0.8 1 0.8 0.2 1 0.2 0.8 0.2 0.8 0.2 0.8 0.2 0.8 0.2 0.8 0.2 0.8 0.2 0.8 0.2 0.8 0.2 0.8 0.2 0.8 0.2 0.8 1 1 0.2 0.8 0.2 0.8 1 1 1 0.8 0.2 1 0.2 0.8 0.8 0.2 0.9015748 0.09842514 1 1 1 0.8 0.2 0.8 0.2 0.8 0.2 1 1 0.8 0.2 1 1 1 1 0.8 0.2 0.8 0.2 1 1 0.8 0.2 0.8 0.2 0.8 0.2 0.8 0.2 0.8 0.2 1 1 1 1 1 1 1 1 1 1 0.8 0.2 0.8 0.2 1 1 1 1 1 1 1 1 1 1 1 1 1 1 1 1 1 1 1 1 1 1 1 1 1 1 0.9015748 0.09842514 0.9015748 0.09842514 0.8 0.2 1 1 1 1 1 1 1 1 1 1 1 1 1 1 0.2 0.8 1 1 0.2 0.8 1 1 1 1 1 1 1 1 1 1 1 1 1 1 1 1 1 1 1 1 0.2 0.8 1 0.2 0.8 0.2 0.8 1 1 1 1 1 0.2 0.8 0.2 0.8 1 1 0.2 0.8 1 0.2 0.8 0.2 0.8 0.2 0.8 1 0.2 0.8 0.2 0.8 0.2 0.8 0.2 0.8 0.2 0.8 1 1 1 1 1 0.2 0.8 0.2 0.8 1 0.2 0.8 1 1 1 1 1 1 1 1 1 1 1 1 1 1 1 1 1 1 1 1 1 1 1 1 1 1 1 1 1 1 0.9015748 0.09842514 1 1 1 1 1 1 1 1 1 1 1 1 1 1 1 1 1 1 1 1 1 1 1 1 1 1 1 1 1 1 1 1 0.2 0.8 1 1 1 0.8 0.2 1 1 0.8 0.2 1 1 1 1 1 1 1 1 1 1 1 1 1 1 1 1 1 1 1 1 1 1 1 1 1 1 1 1 1 1 1 1 1 1 1 1 1 1 1 1 1 1 1 0.8 0.2 1 1 1 1 1 1 1 1 1 1 1 1 1 1 1 1 1 1 1 1 1 1 1 1 1 1 1 1 0.2 0.8 1 1 1 1 1 1 1 1 1 1 1 1 1 1 1 1 1 1 1 1 1 1 1 1 1 1 1 1 1 1 1 1 0.2 0.8 1 1 1 1 1 1 1 1 1 1 1 1 1 1 1 1 1 1 1 1 1 1 0.8 0.2 1 1 1 0.8 0.2 1 1 1 1 1 1 1 1 1 1 0.8 0.2 1 1 0.8 0.2 1 0.2 0.8 1 0.8 0.2 0.8 0.2 0.8 0.2 1 0.2 0.8 0.2 0.8 0.2 0.8 0.2 0.8 1 0.2 0.8 1 1 1 1 0.2 0.8 1 1 1 1 1 1 1 1 1 1 1 1 1 1 1 1 1 1 0.2 0.8 0.2 0.8 1 1 1 1 1 1 1 1 1 1 1 1 1 1 1 1 1 1 1 1 1 1 1 1 1 1 1 1 1 1 1 1 1 1 1 1 1 1 1 1 1 1 1 1 1 1 1 1 1 1 1 1 1 1 1 1 1 1 1 1 1 1 1 1 1 1 1 1 1 1 1 1 1 1 1 1 1 1 1 1 1 1 1 1 1 1 1 1 1 1 1 1 1 1 1 1 1 1 1 1 1 1 1 1 1 1 1 1 1 0.09842514 0.9015748 1 0.09842514 0.9015748 1 0.09842514 0.9015748 0.09842514 0.9015748 1 1 1 1 1 1 1 1 1 1 1 1 1 1 1 1 1 1 1 1 1 1 1 1 1 1 1 1 1 1 1 1 1 1 1 1 1 1 0.8 0.2 1 1 0.8 0.2 0.8 0.2 1 1 0.8 0.2 0.8 0.2 0.8 0.2 0.09842514 0.9015748 0.9015748 0.09842514 0.9015748 0.09842514 0.09842514 0.9015748 0.9015748 0.09842514 0.9015748 0.09842514 1 0.9015748 0.09842514 0.8 0.2 1 1 1 1 1 1 1 1 1 1 1 1 1 1 1 1 1 1 1 1 1 1 1 1 1 1 1 1 1 1 1 1 1 1 1 1 1 1 1 1 1 1 1 1 1 1 1 1 1 1 1 1 1 1 1 1 1 1 1 1 1 1 1 1 1 1 1 1 0.2 0.8 0.2 0.8 1 1 1 1 1 1 1 0.2 0.8 1 1 1 1 0.2 0.8 1 1 1 1 0.09842514 0.9015748 0.09842514 0.9015748 1 1 0.09842514 0.9015748 0.09842514 0.9015748 1 1 0.09842514 0.9015748 1 1 1 1 1 1 1 1 1 1 1 1 1 1 1 1 1 1 1 1 1 1 1 1 1 1 1 1 1 1 0.2 0.8 0.2 0.8 0.2 0.8 1 0.2 0.8 1 1 1 1 1 1 1 1 1 1 1 1 1 1 1 1 1 1 1 1 1 1 1 1 1 1 1 1 1 0.9015748 0.09842514 0.9015748 0.09842514 0.9015748 0.09842514 1 1 1 1 1 1 0.09842514 0.9015748 0.09842514 0.9015748 0.9015748 0.09842514 0.9015748 0.09842514 0.9015748 0.09842514 0.9015748 0.09842514 1 0.8 0.2 1 1 1 1 1 1 1 1 1 1 1 1 1 1 1 0.2 0.8 0.2 0.8 0.2 0.8 1 0.2 0.8 1 1 1 1 1 1 1 1 0.8 0.2 0.8 0.2 1 1 1 1 1 1 1 1 1 1 1 1 1 1 1 1 1 1 1 1 1 1 1 1 1 1 1 1 1 1 0.2 0.8 1 1 1 1 1 1 1 1 1 1 1 1 1 1 1 1 1 1 1 1 1 1 1 1 1 1 1 1 1 1 1 1 1 1 1 1 1 1 1 1 1 1 1 1 1 1 1 1 1 1 1 1 1 1 1 1 1 1 1 1 1 1 1 1 1 1 1 1 1 0.8 0.2 0.8 0.2 0.8 0.2 1 1 1 1 1 1 1 1 1 1 1 1 1 1 1 1 1 1 1 1 1 1 1 1 1 1 1 1 1 1 1 0.8 0.2 0.8 0.2 1 1 1 1 1 1 1 1 1 1 1 1 1 1 1 1 1 1 1 1 1 1 1 1 1 1 1 1 1 1 1 1 1 1 1 1 1 1 1 1 1 1 1 1 1 1 1 1 1 1 1 1 1 1 1 0.8 0.2 0.8 0.2 1 0.8 0.2 1 1 1 1 1 1 1 1 1 1 1 1 1 1 1 1 1 1 1 1 1 1 1 1 1 1 1 1 1 1 1 1 1 0.2 0.8 1 1 1 0.2 0.8 1 0.2 0.8 0.2 0.8 1 0.2 0.8 1 0.2 0.8 0.2 0.8 1 1 1 1 1 1 0.2 0.8 0.2 0.8 0.2 0.8 1 1 1 1 1 1 1 1 1 1 1 1 1 1 1 1 1 1 1 1 1 1 1 1 1 1 1 1 1 1 1 1 1 1 1 1 1 1 1 1 1 1 1 1 1 0.2 0.8 1 1 1 1 1 1 1 1 1 1 0.2 0.8 1 1 1 1 1 1 1 1 1 1 1 1 1 1 1 1 1 1 1 1 1 1 1 1 1 1 1 1 1 1 0.2 0.8 1 1 1 0.8 0.2 0.8 0.2 0.8 0.2 0.8 0.2 1 1 1 1 1 1 1 0.8 0.2 0.8 0.2 0.8 0.2 1 1 0.8 0.2 1 0.8 0.2 1 1 1 1 1 0.2 0.8 1 0.2 0.8 1 1 1 1 1 1 1 1 0.2 0.8 1 0.2 0.8 1 1 1 1 1 0.2 0.8 1 1 1 1 1 1 1 1 1 0.2 0.8 1 1 0.2 0.8 1 0.2 0.8 1 1 0.2 0.8 1 1 1 0.2 0.8 0.2 0.8 1 1 0.2 0.8 1 0.2 0.8 1 0.9015748 0.09842514 0.09842514 0.9015748 1 1 0.2 0.8 0.2 0.8 0.2 0.8 0.2 0.8 1 1 1 0.2 0.8 1 0.2 0.8 1 0.2 0.8 0.8 0.2 0.9015748 0.09842514 0.8 0.2 0.8 0.2 0.9015748 0.09842514 0.8 0.2 1 0.2 0.8 1 0.2 0.8 1 1 1 0.2 0.8 1 1 1 1 1 1 1 1 1 1 1 1 1 1 1 1 0.8 0.2 0.2 0.8 1 0.2 0.8 1 1 1 1 1 1 1 1 1 0.2 0.8 1 0.2 0.8 0.2 0.8 1 0.2 0.8 1 1 1 1 1 1 1 1 1 1 1 1 1 1 1 1 1 1 1 1 1 1 1 1 0.8 0.2 0.8 0.2 0.8 0.2 1 1 1 1 1 1 1 1 1 1 1 1 1 1 1 1 1 1 1 1 1 1 1 1 1 1 1 1 1 1 1 1 1 1 1 1 1 1 1 1 1 1 1 1 1 1 1 1 1 1 1 1 1 1 1 1 1 1 1 1 1 1 1 1 1 1 1 1 1 1 1 1 1 1 1 1</float_array>
          <technique_common>
            <accessor source="#Armature_chest_base-skin-weights-array" count="2277" stride="1">
              <param name="WEIGHT" type="float"/>
            </accessor>
          </technique_common>
        </source>
        <joints>
          <input semantic="JOINT" source="#Armature_chest_base-skin-joints"/>
          <input semantic="INV_BIND_MATRIX" source="#Armature_chest_base-skin-bind_poses"/>
        </joints>
        <vertex_weights count="1946">
          <input semantic="JOINT" source="#Armature_chest_base-skin-joints" offset="0"/>
          <input semantic="WEIGHT" source="#Armature_chest_base-skin-weights" offset="1"/>
          <vcount>1 1 1 1 1 1 1 1 1 1 1 1 1 1 1 1 1 1 1 1 1 1 1 1 1 1 1 1 1 1 1 1 1 1 1 1 1 1 1 1 1 1 1 1 1 1 1 1 1 1 2 2 1 1 1 1 1 1 2 1 1 1 1 1 1 1 1 2 2 2 2 2 1 2 1 1 1 1 1 1 1 1 1 1 1 1 1 1 1 1 1 1 1 1 1 1 1 1 1 1 1 1 1 1 1 1 1 1 1 1 2 2 1 2 2 2 2 2 2 1 1 1 1 1 1 1 1 2 1 1 1 1 1 1 1 1 1 1 1 1 1 1 1 1 1 1 1 1 1 1 1 1 1 1 1 1 1 1 1 1 1 1 1 1 1 1 1 1 1 1 1 1 1 1 1 1 1 1 1 1 1 1 1 1 1 1 1 1 1 1 1 1 1 1 1 1 1 1 1 1 1 1 1 1 1 1 1 1 1 1 2 2 2 2 2 2 2 2 2 2 2 1 1 1 1 1 1 1 1 1 1 1 1 1 1 1 1 1 1 1 1 1 1 1 1 1 1 1 1 1 1 1 2 2 2 2 2 2 2 2 2 1 1 1 1 1 1 2 1 2 2 2 1 2 2 2 2 2 1 2 1 1 2 2 2 2 2 2 2 2 2 2 2 1 1 2 2 1 2 1 1 1 1 1 1 2 2 2 2 2 2 1 1 1 1 2 1 1 2 1 1 1 1 1 1 2 1 1 1 1 1 1 1 1 1 1 2 2 2 2 1 2 2 1 2 1 1 1 2 2 2 1 1 2 2 1 2 2 1 2 1 1 1 1 1 1 1 1 1 1 1 1 1 1 1 1 1 1 1 1 1 2 1 1 1 1 1 1 1 1 1 1 1 1 1 1 1 2 2 2 1 2 2 1 2 1 1 1 2 2 2 1 1 2 2 1 1 1 1 1 1 1 1 1 1 2 2 2 1 1 1 1 1 1 1 1 1 1 1 1 1 1 1 1 1 1 1 1 1 1 1 1 1 1 1 1 1 1 1 1 1 1 1 1 1 1 1 2 1 1 1 1 1 1 1 1 1 1 1 1 1 2 1 1 1 1 1 1 1 1 1 1 1 1 1 1 1 1 2 2 2 1 1 1 1 1 1 1 1 1 1 1 1 1 1 1 1 1 1 1 1 1 1 1 1 1 1 1 2 2 2 2 2 2 2 1 1 1 1 2 2 2 2 2 2 2 2 2 2 2 2 2 2 2 1 1 1 1 1 1 2 2 2 2 2 1 2 2 2 1 2 1 2 2 2 2 2 2 2 2 2 2 2 1 1 2 2 1 1 1 2 1 2 2 2 1 1 1 2 2 2 1 1 2 1 1 1 1 2 2 1 1 2 2 2 2 2 1 1 1 1 1 1 1 1 1 1 2 2 1 1 1 1 1 1 1 1 1 1 1 1 1 1 1 1 1 1 1 1 1 1 1 1 1 1 2 2 2 1 1 1 1 1 1 1 1 1 1 1 1 1 1 2 1 1 2 1 1 1 1 1 1 1 1 1 1 1 1 1 1 1 1 1 1 1 1 2 1 2 2 1 1 1 1 1 2 2 1 1 2 1 2 2 2 1 2 2 2 2 2 1 1 1 1 1 2 2 1 2 1 1 1 1 1 1 1 1 1 1 1 1 1 1 1 1 1 1 1 1 1 1 1 1 1 1 1 1 1 1 2 1 1 1 1 1 1 1 1 1 1 1 1 1 1 1 1 1 1 1 1 1 1 1 1 1 1 1 1 1 1 1 1 2 1 1 1 2 1 1 2 1 1 1 1 1 1 1 1 1 1 1 1 1 1 1 1 1 1 1 1 1 1 1 1 1 1 1 1 1 1 1 1 1 1 1 1 1 1 1 1 1 1 1 2 1 1 1 1 1 1 1 1 1 1 1 1 1 1 1 1 1 1 1 1 1 1 1 1 1 1 1 1 2 1 1 1 1 1 1 1 1 1 1 1 1 1 1 1 1 1 1 1 1 1 1 1 1 1 1 1 1 1 1 1 1 2 1 1 1 1 1 1 1 1 1 1 1 1 1 1 1 1 1 1 1 1 1 1 2 1 1 1 2 1 1 1 1 1 1 1 1 1 1 2 1 1 2 1 2 1 2 2 2 1 2 2 2 2 1 2 1 1 1 1 2 1 1 1 1 1 1 1 1 1 1 1 1 1 1 1 1 1 1 2 2 1 1 1 1 1 1 1 1 1 1 1 1 1 1 1 1 1 1 1 1 1 1 1 1 1 1 1 1 1 1 1 1 1 1 1 1 1 1 1 1 1 1 1 1 1 1 1 1 1 1 1 1 1 1 1 1 1 1 1 1 1 1 1 1 1 1 1 1 1 1 1 1 1 1 1 1 1 1 1 1 1 1 1 1 1 1 1 1 1 1 1 1 1 1 1 1 1 1 1 1 1 1 1 1 1 1 1 1 1 2 1 2 1 2 2 1 1 1 1 1 1 1 1 1 1 1 1 1 1 1 1 1 1 1 1 1 1 1 1 1 1 1 1 1 1 1 1 1 1 1 1 1 1 2 1 1 2 2 1 1 2 2 2 2 2 2 2 2 2 1 2 2 1 1 1 1 1 1 1 1 1 1 1 1 1 1 1 1 1 1 1 1 1 1 1 1 1 1 1 1 1 1 1 1 1 1 1 1 1 1 1 1 1 1 1 1 1 1 1 1 1 1 1 1 1 1 1 1 1 1 1 1 1 1 1 1 1 1 1 1 2 2 1 1 1 1 1 1 1 2 1 1 1 1 2 1 1 1 1 2 2 1 1 2 2 1 1 2 1 1 1 1 1 1 1 1 1 1 1 1 1 1 1 1 1 1 1 1 1 1 1 1 1 1 1 1 1 1 2 2 2 1 2 1 1 1 1 1 1 1 1 1 1 1 1 1 1 1 1 1 1 1 1 1 1 1 1 1 1 1 1 1 2 2 2 1 1 1 1 1 1 2 2 2 2 2 2 1 2 1 1 1 1 1 1 1 1 1 1 1 1 1 1 1 2 2 2 1 2 1 1 1 1 1 1 1 1 2 2 1 1 1 1 1 1 1 1 1 1 1 1 1 1 1 1 1 1 1 1 1 1 1 1 1 1 1 1 1 1 2 1 1 1 1 1 1 1 1 1 1 1 1 1 1 1 1 1 1 1 1 1 1 1 1 1 1 1 1 1 1 1 1 1 1 1 1 1 1 1 1 1 1 1 1 1 1 1 1 1 1 1 1 1 1 1 1 1 1 1 1 1 1 1 1 1 1 1 1 1 2 2 2 1 1 1 1 1 1 1 1 1 1 1 1 1 1 1 1 1 1 1 1 1 1 1 1 1 1 1 1 1 1 1 2 2 1 1 1 1 1 1 1 1 1 1 1 1 1 1 1 1 1 1 1 1 1 1 1 1 1 1 1 1 1 1 1 1 1 1 1 1 1 1 1 1 1 1 1 1 1 1 1 1 1 1 1 1 1 1 1 2 2 1 2 1 1 1 1 1 1 1 1 1 1 1 1 1 1 1 1 1 1 1 1 1 1 1 1 1 1 1 1 1 1 1 1 1 2 1 1 1 2 1 2 2 1 2 1 2 2 1 1 1 1 1 1 2 2 2 1 1 1 1 1 1 1 1 1 1 1 1 1 1 1 1 1 1 1 1 1 1 1 1 1 1 1 1 1 1 1 1 1 1 1 1 1 1 1 1 1 1 1 1 1 2 1 1 1 1 1 1 1 1 1 1 2 1 1 1 1 1 1 1 1 1 1 1 1 1 1 1 1 1 1 1 1 1 1 1 1 1 1 1 1 1 1 2 1 1 1 2 2 2 2 1 1 1 1 1 1 1 2 2 2 1 1 2 1 2 1 1 1 1 1 2 1 2 1 1 1 1 1 1 1 1 2 1 2 1 1 1 1 1 2 1 1 1 1 1 1 1 1 1 2 1 1 2 1 2 1 1 2 1 1 1 2 2 1 1 2 1 2 1 2 2 1 1 2 2 2 2 1 1 1 2 1 2 1 2 2 2 2 2 2 2 1 2 1 2 1 1 1 2 1 1 1 1 1 1 1 1 1 1 1 1 1 1 1 1 2 2 1 2 1 1 1 1 1 1 1 1 1 2 1 2 2 1 2 1 1 1 1 1 1 1 1 1 1 1 1 1 1 1 1 1 1 1 1 1 1 1 1 2 2 2 1 1 1 1 1 1 1 1 1 1 1 1 1 1 1 1 1 1 1 1 1 1 1 1 1 1 1 1 1 1 1 1 1 1 1 1 1 1 1 1 1 1 1 1 1 1 1 1 1 1 1 1 1 1 1 1 1 1 1 1 1 1 1 1 1 1 1 1 1 1 1 1 1 1 1 1 </vcount>
          <v>3 0 3 1 3 2 3 3 3 4 3 5 3 6 3 7 3 8 3 9 0 10 0 11 3 12 3 13 3 14 3 15 4 16 4 17 4 18 4 19 4 20 4 21 4 22 7 23 7 24 0 25 3 26 0 27 3 28 3 29 3 30 3 31 3 32 3 33 3 34 3 35 3 36 3 37 3 38 3 39 3 40 3 41 3 42 0 43 0 44 0 45 0 46 0 47 0 48 0 49 0 50 2 51 0 52 2 53 0 54 0 55 0 56 0 57 0 58 0 59 0 60 2 61 0 62 0 63 0 64 0 65 0 66 0 67 0 68 0 69 0 70 2 71 0 72 2 73 0 74 2 75 0 76 2 77 0 78 2 79 2 80 0 81 2 82 2 83 2 84 5 85 5 86 5 87 5 88 5 89 5 90 5 91 5 92 5 93 5 94 5 95 5 96 8 97 8 98 5 99 5 100 5 101 5 102 5 103 5 104 5 105 5 106 5 107 5 108 5 109 5 110 5 111 5 112 17 113 17 114 17 115 17 116 17 117 17 118 14 119 17 120 14 121 17 122 14 123 14 124 17 125 14 126 17 127 14 128 17 129 14 130 17 131 14 132 17 133 14 134 17 135 17 136 17 137 17 138 17 139 17 140 17 141 17 142 17 143 14 144 17 145 14 146 14 147 14 148 16 149 16 150 16 151 16 152 16 153 16 154 16 155 16 156 16 157 16 158 16 159 16 160 16 161 16 162 16 163 16 164 16 165 18 166 18 167 18 168 18 169 6 170 6 171 6 172 6 173 6 174 6 175 6 176 6 177 6 178 6 179 6 180 6 181 6 182 6 183 6 184 6 185 6 186 6 187 6 188 6 189 6 190 6 191 6 192 6 193 6 194 6 195 14 196 14 197 14 198 14 199 14 200 6 201 3 202 6 203 3 204 6 205 6 206 3 207 6 208 3 209 6 210 6 211 3 212 14 213 14 214 14 215 14 216 14 217 14 218 14 219 14 220 14 221 6 222 6 223 6 224 6 225 6 226 6 227 6 228 15 229 6 230 15 231 6 232 15 233 6 234 15 235 6 236 15 237 6 238 15 239 6 240 15 241 6 242 15 243 6 244 15 245 6 246 15 247 6 248 15 249 6 250 6 251 6 252 6 253 6 254 14 255 14 256 14 257 14 258 14 259 14 260 14 261 14 262 14 263 14 264 14 265 14 266 14 267 14 268 14 269 14 270 14 271 14 272 14 273 14 274 6 275 6 276 6 277 6 278 6 279 6 280 6 281 14 282 6 283 14 284 6 285 14 286 6 287 14 288 6 289 14 290 6 291 14 292 6 293 14 294 6 295 14 296 6 297 14 298 6 299 6 300 6 301 6 302 6 303 6 304 6 305 14 306 6 307 6 308 14 309 6 310 14 311 6 312 14 313 14 314 6 315 14 316 6 317 14 318 6 319 14 320 6 321 14 322 6 323 14 324 6 325 6 326 14 327 6 328 6 329 6 330 14 331 6 332 14 333 6 334 14 335 6 336 14 337 6 338 14 339 6 340 14 341 6 342 14 343 6 344 14 345 6 346 14 347 6 348 14 349 6 350 14 351 14 352 14 353 6 354 14 355 6 356 14 357 14 358 6 359 14 360 6 361 6 362 6 363 6 364 6 365 6 366 6 367 14 368 6 369 14 370 6 371 14 372 6 373 14 374 6 375 14 376 2 377 5 378 2 379 2 380 5 381 5 382 2 383 5 384 5 385 5 386 2 387 5 388 5 389 2 390 2 391 5 392 2 393 5 394 2 395 5 396 2 397 17 398 17 399 17 400 17 401 14 402 14 403 14 404 14 405 14 406 14 407 17 408 14 409 17 410 14 411 17 412 14 413 17 414 17 415 14 416 17 417 14 418 17 419 14 420 14 421 17 422 14 423 14 424 14 425 14 426 17 427 14 428 17 429 14 430 17 431 14 432 14 433 14 434 17 435 14 436 17 437 16 438 6 439 16 440 6 441 16 442 16 443 6 444 16 445 16 446 16 447 16 448 16 449 16 450 16 451 16 452 16 453 16 454 16 455 16 456 16 457 16 458 16 459 16 460 16 461 16 462 16 463 16 464 16 465 16 466 16 467 18 468 16 469 16 470 16 471 16 472 16 473 4 474 4 475 4 476 4 477 4 478 4 479 4 480 4 481 4 482 16 483 16 484 18 485 16 486 18 487 16 488 18 489 18 490 16 491 18 492 16 493 18 494 16 495 16 496 18 497 16 498 16 499 16 500 16 501 18 502 16 503 18 504 16 505 18 506 16 507 16 508 16 509 18 510 16 511 18 512 16 513 16 514 16 515 16 516 16 517 16 518 16 519 16 520 16 521 16 522 16 523 18 524 16 525 18 526 16 527 18 528 16 529 16 530 14 531 14 532 14 533 14 534 14 535 14 536 14 537 14 538 14 539 14 540 14 541 14 542 14 543 14 544 14 545 14 546 14 547 14 548 14 549 14 550 14 551 2 552 2 553 2 554 2 555 2 556 2 557 2 558 2 559 2 560 2 561 2 562 2 563 2 564 2 565 0 566 0 567 0 568 1 569 0 570 0 571 0 572 0 573 18 574 18 575 18 576 18 577 18 578 18 579 18 580 18 581 0 582 0 583 1 584 6 585 6 586 6 587 6 588 6 589 6 590 6 591 6 592 6 593 6 594 6 595 6 596 6 597 6 598 6 599 6 600 6 601 16 602 6 603 16 604 6 605 16 606 6 607 6 608 6 609 6 610 6 611 6 612 6 613 18 614 18 615 18 616 18 617 18 618 17 619 17 620 17 621 17 622 6 623 18 624 18 625 18 626 18 627 18 628 18 629 18 630 18 631 18 632 18 633 18 634 20 635 18 636 20 637 18 638 20 639 18 640 20 641 18 642 20 643 18 644 20 645 18 646 20 647 18 648 18 649 18 650 18 651 16 652 18 653 16 654 18 655 6 656 16 657 6 658 16 659 6 660 16 661 6 662 16 663 6 664 16 665 6 666 16 667 6 668 16 669 6 670 16 671 6 672 16 673 6 674 16 675 6 676 16 677 6 678 16 679 6 680 16 681 6 682 6 683 6 684 6 685 6 686 6 687 6 688 16 689 6 690 16 691 6 692 16 693 6 694 16 695 6 696 16 697 6 698 6 699 16 700 6 701 16 702 6 703 16 704 6 705 6 706 16 707 6 708 6 709 16 710 6 711 16 712 6 713 16 714 6 715 16 716 6 717 16 718 6 719 16 720 6 721 16 722 6 723 16 724 6 725 16 726 6 727 16 728 6 729 16 730 16 731 16 732 6 733 16 734 6 735 16 736 16 737 18 738 18 739 16 740 18 741 18 742 6 743 16 744 6 745 16 746 6 747 16 748 16 749 16 750 16 751 16 752 18 753 14 754 17 755 14 756 17 757 14 758 14 759 14 760 17 761 14 762 14 763 19 764 19 765 17 766 19 767 17 768 19 769 17 770 16 771 16 772 18 773 16 774 18 775 16 776 18 777 16 778 18 779 16 780 18 781 17 782 17 783 17 784 17 785 17 786 17 787 17 788 17 789 17 790 19 791 17 792 19 793 17 794 19 795 17 796 17 797 17 798 17 799 17 800 17 801 6 802 6 803 6 804 6 805 6 806 6 807 6 808 6 809 6 810 6 811 6 812 6 813 6 814 6 815 6 816 6 817 6 818 6 819 6 820 6 821 6 822 15 823 6 824 15 825 6 826 15 827 6 828 20 829 20 830 20 831 20 832 20 833 20 834 20 835 20 836 20 837 20 838 20 839 20 840 20 841 6 842 14 843 14 844 14 845 6 846 14 847 14 848 19 849 19 850 19 851 19 852 19 853 19 854 19 855 19 856 19 857 19 858 19 859 19 860 19 861 1 862 1 863 1 864 1 865 1 866 1 867 0 868 1 869 1 870 0 871 1 872 0 873 1 874 1 875 1 876 1 877 1 878 1 879 0 880 1 881 0 882 1 883 0 884 0 885 0 886 1 887 0 888 0 889 1 890 0 891 1 892 0 893 1 894 1 895 0 896 1 897 0 898 1 899 0 900 1 901 0 902 1 903 0 904 1 905 19 906 19 907 19 908 19 909 0 910 0 911 1 912 0 913 1 914 0 915 0 916 1 917 1 918 1 919 1 920 1 921 1 922 1 923 5 924 5 925 5 926 5 927 5 928 5 929 5 930 5 931 5 932 5 933 5 934 5 935 16 936 16 937 16 938 16 939 16 940 16 941 16 942 16 943 16 944 16 945 18 946 18 947 18 948 20 949 19 950 19 951 19 952 19 953 19 954 19 955 19 956 19 957 19 958 19 959 19 960 19 961 19 962 19 963 19 964 19 965 19 966 6 967 6 968 6 969 6 970 6 971 14 972 14 973 14 974 14 975 14 976 14 977 14 978 14 979 14 980 1 981 1 982 4 983 1 984 4 985 4 986 1 987 4 988 4 989 4 990 1 991 4 992 4 993 1 994 1 995 14 996 14 997 14 998 14 999 6 1000 6 1001 6 1002 6 1003 6 1004 6 1005 6 1006 6 1007 6 1008 6 1009 6 1010 6 1011 6 1012 6 1013 6 1014 6 1015 6 1016 6 1017 6 1018 6 1019 6 1020 6 1021 6 1022 6 1023 6 1024 6 1025 6 1026 6 1027 6 1028 6 1029 6 1030 6 1031 6 1032 6 1033 6 1034 6 1035 6 1036 14 1037 6 1038 6 1039 6 1040 6 1041 6 1042 6 1043 6 1044 6 1045 6 1046 6 1047 6 1048 6 1049 6 1050 6 1051 6 1052 6 1053 6 1054 6 1055 6 1056 6 1057 6 1058 6 1059 6 1060 6 1061 6 1062 6 1063 1 1064 4 1065 1 1066 4 1067 1 1068 14 1069 14 1070 14 1071 14 1072 16 1073 16 1074 16 1075 16 1076 18 1077 18 1078 18 1079 18 1080 4 1081 16 1082 16 1083 16 1084 16 1085 6 1086 6 1087 6 1088 6 1089 16 1090 16 1091 16 1092 6 1093 6 1094 6 1095 6 1096 0 1097 0 1098 0 1099 0 1100 1 1101 1 1102 1 1103 1 1104 1 1105 1 1106 1 1107 1 1108 1 1109 1 1110 1 1111 1 1112 1 1113 1 1114 6 1115 6 1116 6 1117 6 1118 6 1119 6 1120 6 1121 6 1122 6 1123 6 1124 14 1125 14 1126 6 1127 6 1128 6 1129 14 1130 6 1131 6 1132 6 1133 19 1134 19 1135 19 1136 19 1137 19 1138 6 1139 19 1140 17 1141 19 1142 17 1143 17 1144 17 1145 19 1146 0 1147 0 1148 2 1149 0 1150 17 1151 19 1152 17 1153 19 1154 17 1155 19 1156 17 1157 0 1158 2 1159 0 1160 2 1161 0 1162 2 1163 0 1164 2 1165 2 1166 0 1167 2 1168 2 1169 0 1170 0 1171 0 1172 0 1173 2 1174 0 1175 0 1176 0 1177 0 1178 0 1179 0 1180 0 1181 0 1182 0 1183 0 1184 0 1185 0 1186 0 1187 0 1188 0 1189 0 1190 0 1191 0 1192 6 1193 14 1194 6 1195 14 1196 18 1197 18 1198 18 1199 18 1200 8 1201 5 1202 8 1203 5 1204 8 1205 5 1206 8 1207 5 1208 5 1209 8 1210 5 1211 8 1212 4 1213 7 1214 7 1215 4 1216 7 1217 4 1218 7 1219 4 1220 4 1221 7 1222 4 1223 7 1224 4 1225 4 1226 4 1227 4 1228 4 1229 4 1230 4 1231 4 1232 4 1233 4 1234 4 1235 4 1236 4 1237 4 1238 4 1239 4 1240 4 1241 4 1242 4 1243 4 1244 4 1245 4 1246 4 1247 4 1248 4 1249 4 1250 4 1251 4 1252 4 1253 4 1254 5 1255 5 1256 5 1257 5 1258 5 1259 6 1260 6 1261 6 1262 6 1263 6 1264 6 1265 6 1266 6 1267 6 1268 6 1269 6 1270 1 1271 1 1272 1 1273 1 1274 1 1275 1 1276 1 1277 1 1278 1 1279 1 1280 1 1281 1 1282 1 1283 1 1284 1 1285 1 1286 1 1287 2 1288 2 1289 2 1290 2 1291 2 1292 2 1293 2 1294 2 1295 2 1296 2 1297 2 1298 2 1299 2 1300 2 1301 2 1302 2 1303 2 1304 2 1305 18 1306 20 1307 20 1308 18 1309 20 1310 20 1311 18 1312 20 1313 18 1314 20 1315 8 1316 8 1317 8 1318 8 1319 8 1320 8 1321 8 1322 8 1323 8 1324 8 1325 14 1326 14 1327 14 1328 14 1329 14 1330 14 1331 14 1332 14 1333 14 1334 14 1335 14 1336 7 1337 7 1338 7 1339 7 1340 7 1341 7 1342 7 1343 7 1344 7 1345 7 1346 7 1347 7 1348 7 1349 7 1350 7 1351 7 1352 18 1353 16 1354 18 1355 18 1356 18 1357 16 1358 18 1359 16 1360 18 1361 18 1362 18 1363 16 1364 18 1365 16 1366 18 1367 16 1368 18 1369 18 1370 20 1371 18 1372 20 1373 18 1374 20 1375 18 1376 20 1377 18 1378 20 1379 18 1380 20 1381 18 1382 6 1383 15 1384 6 1385 15 1386 6 1387 6 1388 6 1389 6 1390 6 1391 6 1392 6 1393 1 1394 1 1395 1 1396 1 1397 1 1398 1 1399 19 1400 19 1401 19 1402 19 1403 19 1404 19 1405 19 1406 19 1407 4 1408 4 1409 16 1410 16 1411 16 1412 16 1413 16 1414 16 1415 16 1416 16 1417 16 1418 6 1419 6 1420 6 1421 6 1422 6 1423 6 1424 6 1425 6 1426 6 1427 6 1428 6 1429 6 1430 6 1431 6 1432 6 1433 6 1434 6 1435 6 1436 6 1437 6 1438 6 1439 6 1440 3 1441 3 1442 3 1443 3 1444 0 1445 0 1446 6 1447 6 1448 6 1449 6 1450 6 1451 6 1452 6 1453 2 1454 0 1455 2 1456 0 1457 2 1458 2 1459 2 1460 2 1461 2 1462 2 1463 2 1464 2 1465 0 1466 2 1467 2 1468 2 1469 2 1470 2 1471 0 1472 2 1473 5 1474 5 1475 20 1476 20 1477 18 1478 20 1479 18 1480 20 1481 20 1482 20 1483 18 1484 20 1485 18 1486 20 1487 20 1488 20 1489 18 1490 20 1491 14 1492 14 1493 14 1494 14 1495 14 1496 14 1497 14 1498 14 1499 14 1500 6 1501 6 1502 6 1503 6 1504 6 1505 6 1506 6 1507 6 1508 6 1509 6 1510 6 1511 6 1512 6 1513 6 1514 6 1515 6 1516 6 1517 6 1518 6 1519 6 1520 16 1521 6 1522 16 1523 6 1524 16 1525 6 1526 16 1527 16 1528 6 1529 16 1530 6 1531 6 1532 6 1533 6 1534 6 1535 6 1536 6 1537 6 1538 6 1539 6 1540 6 1541 6 1542 6 1543 6 1544 6 1545 6 1546 6 1547 16 1548 16 1549 16 1550 16 1551 16 1552 5 1553 5 1554 5 1555 5 1556 5 1557 5 1558 5 1559 18 1560 20 1561 18 1562 20 1563 18 1564 20 1565 18 1566 18 1567 18 1568 18 1569 18 1570 18 1571 18 1572 20 1573 18 1574 20 1575 18 1576 20 1577 18 1578 20 1579 18 1580 20 1581 18 1582 20 1583 18 1584 16 1585 18 1586 18 1587 18 1588 18 1589 18 1590 18 1591 14 1592 14 1593 14 1594 14 1595 14 1596 19 1597 19 1598 19 1599 19 1600 2 1601 2 1602 5 1603 2 1604 5 1605 2 1606 5 1607 2 1608 2 1609 5 1610 0 1611 20 1612 20 1613 20 1614 20 1615 20 1616 20 1617 19 1618 17 1619 19 1620 17 1621 19 1622 17 1623 6 1624 3 1625 6 1626 6 1627 3 1628 3 1629 3 1630 6 1631 3 1632 3 1633 0 1634 0 1635 3 1636 0 1637 3 1638 3 1639 3 1640 3 1641 3 1642 3 1643 0 1644 0 1645 17 1646 17 1647 17 1648 17 1649 17 1650 14 1651 14 1652 6 1653 14 1654 14 1655 19 1656 19 1657 19 1658 19 1659 19 1660 16 1661 16 1662 16 1663 16 1664 16 1665 16 1666 16 1667 16 1668 16 1669 16 1670 16 1671 16 1672 16 1673 6 1674 6 1675 20 1676 20 1677 20 1678 20 1679 20 1680 1 1681 1 1682 1 1683 1 1684 1 1685 1 1686 1 1687 1 1688 1 1689 1 1690 20 1691 20 1692 20 1693 20 1694 20 1695 20 1696 20 1697 20 1698 20 1699 20 1700 20 1701 20 1702 20 1703 8 1704 8 1705 8 1706 8 1707 8 1708 8 1709 8 1710 8 1711 8 1712 8 1713 8 1714 8 1715 8 1716 17 1717 17 1718 17 1719 17 1720 17 1721 17 1722 17 1723 14 1724 17 1725 14 1726 17 1727 14 1728 17 1729 5 1730 5 1731 20 1732 20 1733 20 1734 20 1735 16 1736 16 1737 16 1738 19 1739 19 1740 19 1741 19 1742 19 1743 19 1744 19 1745 19 1746 19 1747 19 1748 19 1749 19 1750 19 1751 19 1752 19 1753 19 1754 19 1755 19 1756 19 1757 19 1758 18 1759 18 1760 16 1761 18 1762 16 1763 18 1764 7 1765 7 1766 7 1767 7 1768 7 1769 7 1770 7 1771 7 1772 7 1773 7 1774 7 1775 7 1776 7 1777 20 1778 20 1779 20 1780 20 1781 20 1782 20 1783 20 1784 20 1785 20 1786 20 1787 7 1788 7 1789 7 1790 7 1791 7 1792 7 1793 7 1794 7 1795 7 1796 7 1797 7 1798 7 1799 7 1800 7 1801 7 1802 7 1803 7 1804 7 1805 7 1806 7 1807 7 1808 7 1809 7 1810 7 1811 7 1812 7 1813 7 1814 7 1815 7 1816 7 1817 17 1818 17 1819 14 1820 17 1821 14 1822 17 1823 17 1824 14 1825 17 1826 8 1827 8 1828 8 1829 8 1830 8 1831 8 1832 8 1833 8 1834 8 1835 8 1836 8 1837 8 1838 8 1839 8 1840 8 1841 8 1842 8 1843 8 1844 8 1845 8 1846 8 1847 8 1848 8 1849 8 1850 8 1851 8 1852 8 1853 8 1854 8 1855 8 1856 8 1857 5 1858 5 1859 2 1860 5 1861 5 1862 5 1863 5 1864 2 1865 5 1866 5 1867 2 1868 5 1869 0 1870 1 1871 0 1872 0 1873 1 1874 0 1875 0 1876 1 1877 0 1878 1 1879 1 1880 1 1881 1 1882 1 1883 2 1884 2 1885 0 1886 2 1887 0 1888 2 1889 0 1890 2 1891 0 1892 20 1893 20 1894 20 1895 6 1896 6 1897 6 1898 6 1899 6 1900 6 1901 6 1902 6 1903 6 1904 6 1905 6 1906 6 1907 8 1908 8 1909 8 1910 8 1911 8 1912 8 1913 6 1914 6 1915 6 1916 6 1917 6 1918 6 1919 6 1920 6 1921 6 1922 6 1923 6 1924 2 1925 2 1926 2 1927 2 1928 2 1929 2 1930 2 1931 2 1932 2 1933 2 1934 2 1935 0 1936 2 1937 5 1938 5 1939 5 1940 5 1941 5 1942 5 1943 5 1944 5 1945 5 1946 5 1947 5 1948 2 1949 5 1950 5 1951 6 1952 6 1953 6 1954 6 1955 6 1956 6 1957 6 1958 6 1959 6 1960 6 1961 6 1962 6 1963 6 1964 6 1965 6 1966 6 1967 6 1968 6 1969 6 1970 6 1971 6 1972 6 1973 6 1974 6 1975 6 1976 6 1977 6 1978 16 1979 16 1980 6 1981 16 1982 16 1983 19 1984 19 1985 17 1986 19 1987 17 1988 19 1989 17 1990 19 1991 17 1992 19 1993 17 1994 17 1995 4 1996 0 1997 0 1998 3 1999 14 2000 14 2001 17 2002 14 2003 17 2004 14 2005 17 2006 17 2007 17 2008 14 2009 17 2010 17 2011 14 2012 17 2013 17 2014 3 2015 3 2016 3 2017 14 2018 6 2019 14 2020 14 2021 6 2022 14 2023 14 2024 16 2025 6 2026 14 2027 14 2028 0 2029 0 2030 0 2031 0 2032 1 2033 6 2034 0 2035 1 2036 0 2037 0 2038 0 2039 0 2040 4 2041 1 2042 4 2043 4 2044 4 2045 4 2046 4 2047 4 2048 4 2049 4 2050 4 2051 4 2052 1 2053 4 2054 4 2055 0 2056 6 2057 14 2058 14 2059 6 2060 14 2061 4 2062 4 2063 1 2064 4 2065 4 2066 4 2067 4 2068 1 2069 4 2070 1 2071 4 2072 4 2073 16 2074 6 2075 16 2076 16 2077 6 2078 16 2079 16 2080 18 2081 20 2082 18 2083 20 2084 0 2085 16 2086 6 2087 16 2088 6 2089 16 2090 6 2091 16 2092 6 2093 16 2094 16 2095 16 2096 16 2097 6 2098 14 2099 14 2100 6 2101 14 2102 14 2103 6 2104 14 2105 6 2106 15 2107 6 2108 15 2109 6 2110 15 2111 6 2112 15 2113 6 2114 15 2115 6 2116 15 2117 1 2118 0 2119 1 2120 0 2121 0 2122 1 2123 0 2124 0 2125 0 2126 0 2127 2 2128 2 2129 2 2130 2 2131 1 2132 1 2133 1 2134 2 2135 2 2136 2 2137 0 2138 4 2139 4 2140 4 2141 4 2142 4 2143 19 2144 17 2145 19 2146 0 2147 2 2148 2 2149 0 2150 2 2151 2 2152 2 2153 20 2154 20 2155 18 2156 6 2157 6 2158 6 2159 6 2160 1 2161 4 2162 1 2163 1 2164 4 2165 1 2166 4 2167 1 2168 1 2169 4 2170 6 2171 6 2172 6 2173 6 2174 6 2175 6 2176 6 2177 6 2178 6 2179 14 2180 14 2181 14 2182 14 2183 14 2184 14 2185 14 2186 16 2187 16 2188 3 2189 3 2190 3 2191 0 2192 16 2193 16 2194 6 2195 15 2196 6 2197 15 2198 6 2199 15 2200 2 2201 2 2202 2 2203 2 2204 14 2205 14 2206 14 2207 14 2208 16 2209 16 2210 16 2211 16 2212 6 2213 6 2214 6 2215 6 2216 6 2217 6 2218 6 2219 6 2220 6 2221 6 2222 6 2223 6 2224 6 2225 6 2226 6 2227 6 2228 6 2229 6 2230 6 2231 6 2232 6 2233 6 2234 6 2235 6 2236 6 2237 6 2238 6 2239 6 2240 6 2241 6 2242 6 2243 6 2244 6 2245 6 2246 6 2247 6 2248 1 2249 1 2250 1 2251 1 2252 1 2253 1 2254 1 2255 1 2256 2 2257 2 2258 2 2259 2 2260 6 2261 6 2262 6 2263 6 2264 6 2265 6 2266 6 2267 6 2268 14 2269 14 2270 14 2271 14 2272 16 2273 16 2274 16 2275 16 2276</v>
        </vertex_weights>
      </skin>
    </controller>
  </library_controllers>
  <library_visual_scenes>
    <visual_scene id="Scene" name="Scene">
      <node id="Armature" name="Armature" type="NODE">
        <matrix sid="transform">1 0 0 0 0 1 0 0 0 0 1 0 0 0 0 1</matrix>
        <node id="Armature_pelvis" name="pelvis" sid="pelvis" type="JOINT">
          <matrix sid="transform">1.98285e-6 0 -1 -0.821 0 1 0 5.32907e-13 1 0 1.98285e-6 39.43847 0 0 0 1</matrix>
          <node id="Armature_l_thigh" name="l_thigh" sid="l_thigh" type="JOINT">
            <matrix sid="transform">-0.9952733 0 -0.09711353 -1.68867e-5 0 1 0 4.218651 0.09711353 0 -0.9952733 2.6226e-6 0 0 0 1</matrix>
            <node id="Armature_l_calf" name="l_calf" sid="l_calf" type="JOINT">
              <matrix sid="transform">0.9919844 0 0.1263604 17.14295 0 1 0 1.09387 -0.1263604 0 0.9919844 1.092656 0 0 0 1</matrix>
              <node id="Armature_l_foot" name="l_foot" sid="l_foot" type="JOINT">
                <matrix sid="transform">0.9750237 0 -0.2221009 15.56418 0 1 0 0.9868178 0.2221009 0 0.9750237 0.9778173 0 0 0 1</matrix>
                <node id="Armature_l_toe" name="l_toe" sid="l_toe" type="JOINT">
                  <matrix sid="transform">4.96308e-6 0 -0.9999999 6.819386 0 1 0 -1.85966e-5 0.9999999 0 4.96308e-6 5.760338 0 0 0 1</matrix>
                  <extra>
                    <technique profile="blender">
                      <roll sid="roll" type="float">4.29253e-6</roll>
                      <tip_x sid="tip_x" type="float">0</tip_x>
                      <tip_y sid="tip_y" type="float">1.08171</tip_y>
                      <tip_z sid="tip_z" type="float">0</tip_z>
                    </technique>
                  </extra>
                </node>
                <extra>
                  <technique profile="blender">
                    <roll sid="roll" type="float">1.570796</roll>
                    <tip_x sid="tip_x" type="float">0</tip_x>
                    <tip_y sid="tip_y" type="float">1.081709</tip_y>
                    <tip_z sid="tip_z" type="float">0</tip_z>
                  </technique>
                </extra>
              </node>
              <extra>
                <technique profile="blender">
                  <roll sid="roll" type="float">1.794764</roll>
                  <tip_x sid="tip_x" type="float">0</tip_x>
                  <tip_y sid="tip_y" type="float">1.081709</tip_y>
                  <tip_z sid="tip_z" type="float">0</tip_z>
                </technique>
              </extra>
            </node>
            <extra>
              <technique profile="blender">
                <roll sid="roll" type="float">1.668065</roll>
                <tip_x sid="tip_x" type="float">0</tip_x>
                <tip_y sid="tip_y" type="float">1.081709</tip_y>
                <tip_z sid="tip_z" type="float">0</tip_z>
              </technique>
            </extra>
          </node>
          <node id="Armature_r_thigh" name="r_thigh" sid="r_thigh" type="JOINT">
            <matrix sid="transform">-0.9995959 0 0.02842416 9.81618e-6 0 0.9999999 0 -4.218651 -0.02842416 0 -0.9995959 -3.99351e-6 0 0 0 1</matrix>
            <node id="Armature_r_calf" name="r_calf" sid="r_calf" type="JOINT">
              <matrix sid="transform">0.9908935 0 0.1346477 17.1531 0 1 0 -1.01191 -0.1346477 0 0.9908935 -1.009102 0 0 0 1</matrix>
              <node id="Armature_r_foot" name="r_foot" sid="r_foot" type="JOINT">
                <matrix sid="transform">0.9943202 0 -0.1064311 15.57239 0 1 0 -0.912488 0.1064311 0 0.9943202 -0.9172132 0 0 0 1</matrix>
                <node id="Armature_r_toe" name="r_toe" sid="r_toe" type="JOINT">
                  <matrix sid="transform">4.96308e-6 0 -1 6.819389 0 1 0 -3.8147e-6 1 0 4.96308e-6 5.760341 0 0 0 1</matrix>
                  <extra>
                    <technique profile="blender">
                      <roll sid="roll" type="float">3.81569e-6</roll>
                      <tip_x sid="tip_x" type="float">0</tip_x>
                      <tip_y sid="tip_y" type="float">1.081709</tip_y>
                      <tip_z sid="tip_z" type="float">0</tip_z>
                    </technique>
                  </extra>
                </node>
                <extra>
                  <technique profile="blender">
                    <roll sid="roll" type="float">1.570795</roll>
                    <tip_x sid="tip_x" type="float">0</tip_x>
                    <tip_y sid="tip_y" type="float">1.081709</tip_y>
                    <tip_z sid="tip_z" type="float">0</tip_z>
                  </technique>
                </extra>
              </node>
              <extra>
                <technique profile="blender">
                  <roll sid="roll" type="float">1.677428</roll>
                  <tip_x sid="tip_x" type="float">0</tip_x>
                  <tip_y sid="tip_y" type="float">1.081709</tip_y>
                  <tip_z sid="tip_z" type="float">0</tip_z>
                </technique>
              </extra>
            </node>
            <extra>
              <technique profile="blender">
                <roll sid="roll" type="float">1.54237</roll>
                <tip_x sid="tip_x" type="float">0</tip_x>
                <tip_y sid="tip_y" type="float">1.081709</tip_y>
                <tip_z sid="tip_z" type="float">0</tip_z>
              </technique>
            </extra>
          </node>
          <node id="Armature_spine" name="spine" sid="spine" type="JOINT">
            <matrix sid="transform">0.9999997 0 7.94053e-4 3.736593 0 1 0 3.69549e-6 -7.94053e-4 0 0.9999997 0.005895078 0 0 0 1</matrix>
            <node id="Armature_spine1" name="spine1" sid="spine1" type="JOINT">
              <matrix sid="transform">1 0 0 7.399972 0 1 0 1.56164e-5 0 0 1 0.00684607 0 0 0 1</matrix>
              <node id="Armature_l_clavicle" name="l_clavicle" sid="l_clavicle" type="JOINT">
                <matrix sid="transform">7.93532e-4 0 0.9999997 6.349326 0 1 0 5.980281 -0.9999997 0 7.93532e-4 -0.00180769 0 0 0 1</matrix>
                <node id="Armature_l_upperarm" name="l_upperarm" sid="l_upperarm" type="JOINT">
                  <matrix sid="transform">0.201311 0 0.9795274 1.04308e-5 0 1 0 3.042566 -0.9795274 0 0.201311 -2.05521e-6 0 0 0 1</matrix>
                  <node id="Armature_l_forearm" name="l_forearm" sid="l_forearm" type="JOINT">
                    <matrix sid="transform">0.9911615 0 -0.1326609 10.45226 0 1 0 2.114716 0.1326609 0 0.9911615 -2.05232 0 0 0 1</matrix>
                    <node id="Armature_l_hand" name="l_hand" sid="l_hand" type="JOINT">
                      <matrix sid="transform">-0.9992836 0 0.03784603 10.97818 0 0.9999999 0 2.177939 -0.03784603 0 -0.9992836 -2.058956 0 0 0 1</matrix>
                      <node id="Armature_l_index_low" name="l_index_low" sid="l_index_low" type="JOINT">
                        <matrix sid="transform">0.9917451 0 0.1282261 -5.244634 0 1 0 -0.1553869 -0.1282261 0 0.9917451 0.1606696 0 0 0 1</matrix>
                        <node id="Armature_l_index_mid" name="l_index_mid" sid="l_index_mid" type="JOINT">
                          <matrix sid="transform">0.9996946 0 0.02471396 -1.641696 0 1 0 -0.4257536 -0.02471396 0 0.9996946 0.02628422 0 0 0 1</matrix>
                          <node id="Armature_l_index_tip" name="l_index_tip" sid="l_index_tip" type="JOINT">
                            <matrix sid="transform">0.9999862 0 0.005264267 -1.053838 0 1 0 -0.7389774 -0.005264267 0 0.9999862 -0.007775068 0 0 0 1</matrix>
                            <extra>
                              <technique profile="blender">
                                <roll sid="roll" type="float">-1.785837</roll>
                                <tip_x sid="tip_x" type="float">0</tip_x>
                                <tip_y sid="tip_y" type="float">1.081709</tip_y>
                                <tip_z sid="tip_z" type="float">0</tip_z>
                              </technique>
                            </extra>
                          </node>
                          <extra>
                            <technique profile="blender">
                              <roll sid="roll" type="float">-1.791102</roll>
                              <tip_x sid="tip_x" type="float">0</tip_x>
                              <tip_y sid="tip_y" type="float">1.08171</tip_y>
                              <tip_z sid="tip_z" type="float">0</tip_z>
                            </technique>
                          </extra>
                        </node>
                        <extra>
                          <technique profile="blender">
                            <roll sid="roll" type="float">-1.815818</roll>
                            <tip_x sid="tip_x" type="float">0</tip_x>
                            <tip_y sid="tip_y" type="float">1.08171</tip_y>
                            <tip_z sid="tip_z" type="float">0</tip_z>
                          </technique>
                        </extra>
                      </node>
                      <node id="Armature_l_middle_low" name="l_middle_low" sid="l_middle_low" type="JOINT">
                        <matrix sid="transform">0.998383 0 0.05684805 -5.040757 0 1 0 0.05901432 -0.05684805 0 0.998383 1.208687 0 0 0 1</matrix>
                        <node id="Armature_l_middle_mid" name="l_middle_mid" sid="l_middle_mid" type="JOINT">
                          <matrix sid="transform">0.9958636 0 0.09086214 -1.790437 0 1 0 -0.5738859 -0.09086214 0 0.9958636 0.4010532 0 0 0 1</matrix>
                          <node id="Armature_l_middle_tip" name="l_middle_tip" sid="l_middle_tip" type="JOINT">
                            <matrix sid="transform">0.9995837 0 0.02885206 -1.14609 0 1 0 -0.6995907 -0.02885206 0 0.9995837 0.1577241 0 0 0 1</matrix>
                            <extra>
                              <technique profile="blender">
                                <roll sid="roll" type="float">-1.767676</roll>
                                <tip_x sid="tip_x" type="float">0</tip_x>
                                <tip_y sid="tip_y" type="float">1.081709</tip_y>
                                <tip_z sid="tip_z" type="float">0</tip_z>
                              </technique>
                            </extra>
                          </node>
                          <extra>
                            <technique profile="blender">
                              <roll sid="roll" type="float">-1.796532</roll>
                              <tip_x sid="tip_x" type="float">0</tip_x>
                              <tip_y sid="tip_y" type="float">1.08171</tip_y>
                              <tip_z sid="tip_z" type="float">0</tip_z>
                            </technique>
                          </extra>
                        </node>
                        <extra>
                          <technique profile="blender">
                            <roll sid="roll" type="float">-1.887519</roll>
                            <tip_x sid="tip_x" type="float">0</tip_x>
                            <tip_y sid="tip_y" type="float">1.081709</tip_y>
                            <tip_z sid="tip_z" type="float">0</tip_z>
                          </technique>
                        </extra>
                      </node>
                      <node id="Armature_l_pinky_low" name="l_pinky_low" sid="l_pinky_low" type="JOINT">
                        <matrix sid="transform">0.9937562 0 -0.1115741 -3.597614 0 1 0 -0.08777142 0.1115741 0 0.9937562 2.869494 0 0 0 1</matrix>
                        <node id="Armature_l_pinky_mid" name="l_pinky_mid" sid="l_pinky_mid" type="JOINT">
                          <matrix sid="transform">0.9698928 0 0.2435328 -1.088737 0 1 0 -0.456358 -0.2435328 0 0.9698928 0.7228227 0 0 0 1</matrix>
                          <node id="Armature_l_pinky_tip" name="l_pinky_tip" sid="l_pinky_tip" type="JOINT">
                            <matrix sid="transform">0.9971239 0 0.07578874 -0.8926952 0 1 0 -0.6822767 -0.07578874 0 0.9971239 0.339538 0 0 0 1</matrix>
                            <extra>
                              <technique profile="blender">
                                <roll sid="roll" type="float">-1.734337</roll>
                                <tip_x sid="tip_x" type="float">0</tip_x>
                                <tip_y sid="tip_y" type="float">1.081709</tip_y>
                                <tip_z sid="tip_z" type="float">0</tip_z>
                              </technique>
                            </extra>
                          </node>
                          <extra>
                            <technique profile="blender">
                              <roll sid="roll" type="float">-1.810198</roll>
                              <tip_x sid="tip_x" type="float">0</tip_x>
                              <tip_y sid="tip_y" type="float">1.08171</tip_y>
                              <tip_z sid="tip_z" type="float">0</tip_z>
                            </technique>
                          </extra>
                        </node>
                        <extra>
                          <technique profile="blender">
                            <roll sid="roll" type="float">-2.056205</roll>
                            <tip_x sid="tip_x" type="float">0</tip_x>
                            <tip_y sid="tip_y" type="float">1.08171</tip_y>
                            <tip_z sid="tip_z" type="float">0</tip_z>
                          </technique>
                        </extra>
                      </node>
                      <node id="Armature_l_ring_low" name="l_ring_low" sid="l_ring_low" type="JOINT">
                        <matrix sid="transform">0.9996672 0 -0.02580193 -4.647973 0 1 0 0.1096478 0.02580193 0 0.9996672 2.097578 0 0 0 1</matrix>
                        <node id="Armature_l_ring_mid" name="l_ring_mid" sid="l_ring_mid" type="JOINT">
                          <matrix sid="transform">0.992837 0 0.1194776 -1.467529 0 0.9999999 0 -0.6400833 -0.1194776 0 0.992837 0.6504928 0 0 0 1</matrix>
                          <node id="Armature_l_ring_tip" name="l_ring_tip" sid="l_ring_tip" type="JOINT">
                            <matrix sid="transform">0.9964816 0 0.08381161 -1.100691 0 1 0 -0.6894789 -0.08381161 0 0.9964816 0.3520305 0 0 0 1</matrix>
                            <extra>
                              <technique profile="blender">
                                <roll sid="roll" type="float">-1.766529</roll>
                                <tip_x sid="tip_x" type="float">0</tip_x>
                                <tip_y sid="tip_y" type="float">1.08171</tip_y>
                                <tip_z sid="tip_z" type="float">0</tip_z>
                              </technique>
                            </extra>
                          </node>
                          <extra>
                            <technique profile="blender">
                              <roll sid="roll" type="float">-1.850439</roll>
                              <tip_x sid="tip_x" type="float">0</tip_x>
                              <tip_y sid="tip_y" type="float">1.08171</tip_y>
                              <tip_z sid="tip_z" type="float">0</tip_z>
                            </technique>
                          </extra>
                        </node>
                        <extra>
                          <technique profile="blender">
                            <roll sid="roll" type="float">-1.970203</roll>
                            <tip_x sid="tip_x" type="float">0</tip_x>
                            <tip_y sid="tip_y" type="float">1.08171</tip_y>
                            <tip_z sid="tip_z" type="float">0</tip_z>
                          </technique>
                        </extra>
                      </node>
                      <node id="Armature_l_thumb_low" name="l_thumb_low" sid="l_thumb_low" type="JOINT">
                        <matrix sid="transform">-0.7731261 0 -0.6342524 -2.810844 0 1 0 -0.6345825 0.6342524 0 -0.7731261 -1.417623 0 0 0 1</matrix>
                        <node id="Armature_l_thumb_mid" name="l_thumb_mid" sid="l_thumb_mid" type="JOINT">
                          <matrix sid="transform">0.9185128 0 0.3953913 0.9495914 0 1 0 -0.4894829 -0.3953913 0 0.9185128 1.125971 0 0 0 1</matrix>
                          <node id="Armature_l_thumb_tip" name="l_thumb_tip" sid="l_thumb_tip" type="JOINT">
                            <matrix sid="transform">1 0 -4.47035e-7 0.4109471 0 1 0 -0.5027704 4.47035e-7 0 1 0.8871336 0 0 0 1</matrix>
                            <extra>
                              <technique profile="blender">
                                <roll sid="roll" type="float">2.290729</roll>
                                <tip_x sid="tip_x" type="float">0</tip_x>
                                <tip_y sid="tip_y" type="float">1.08171</tip_y>
                                <tip_z sid="tip_z" type="float">0</tip_z>
                              </technique>
                            </extra>
                          </node>
                          <extra>
                            <technique profile="blender">
                              <roll sid="roll" type="float">2.290729</roll>
                              <tip_x sid="tip_x" type="float">0</tip_x>
                              <tip_y sid="tip_y" type="float">1.081709</tip_y>
                              <tip_z sid="tip_z" type="float">0</tip_z>
                            </technique>
                          </extra>
                        </node>
                        <extra>
                          <technique profile="blender">
                            <roll sid="roll" type="float">1.884236</roll>
                            <tip_x sid="tip_x" type="float">0</tip_x>
                            <tip_y sid="tip_y" type="float">1.081709</tip_y>
                            <tip_z sid="tip_z" type="float">0</tip_z>
                          </technique>
                        </extra>
                      </node>
                      <extra>
                        <technique profile="blender">
                          <roll sid="roll" type="float">-1.944398</roll>
                          <tip_x sid="tip_x" type="float">0</tip_x>
                          <tip_y sid="tip_y" type="float">1.08171</tip_y>
                          <tip_z sid="tip_z" type="float">0</tip_z>
                        </technique>
                      </extra>
                    </node>
                    <extra>
                      <technique profile="blender">
                        <roll sid="roll" type="float">1.235049</roll>
                        <tip_x sid="tip_x" type="float">0</tip_x>
                        <tip_y sid="tip_y" type="float">1.081709</tip_y>
                        <tip_z sid="tip_z" type="float">0</tip_z>
                      </technique>
                    </extra>
                  </node>
                  <extra>
                    <technique profile="blender">
                      <roll sid="roll" type="float">1.368103</roll>
                      <tip_x sid="tip_x" type="float">0</tip_x>
                      <tip_y sid="tip_y" type="float">1.08171</tip_y>
                      <tip_z sid="tip_z" type="float">0</tip_z>
                    </technique>
                  </extra>
                </node>
                <extra>
                  <technique profile="blender">
                    <roll sid="roll" type="float">2.5034e-6</roll>
                    <tip_x sid="tip_x" type="float">0</tip_x>
                    <tip_y sid="tip_y" type="float">1.081709</tip_y>
                    <tip_z sid="tip_z" type="float">0</tip_z>
                  </technique>
                </extra>
              </node>
              <node id="Armature_neck" name="neck" sid="neck" type="JOINT">
                <matrix sid="transform">0.9982005 0 0.0599655 8.612726 0 1 0 1.19209e-5 -0.0599655 0 0.9982005 0.001355946 0 0 0 1</matrix>
                <node id="Armature_head" name="head" sid="head" type="JOINT">
                  <matrix sid="transform">0.9981524 0 -0.06076037 1.724731 0 1 0 2.86102e-6 0.06076037 0 0.9981524 2.38419e-6 0 0 0 1</matrix>
                  <extra>
                    <technique profile="blender">
                      <roll sid="roll" type="float">-1.570797</roll>
                      <tip_x sid="tip_x" type="float">0</tip_x>
                      <tip_y sid="tip_y" type="float">1.081709</tip_y>
                      <tip_z sid="tip_z" type="float">0</tip_z>
                    </technique>
                  </extra>
                </node>
                <extra>
                  <technique profile="blender">
                    <roll sid="roll" type="float">-1.509999</roll>
                    <tip_x sid="tip_x" type="float">0</tip_x>
                    <tip_y sid="tip_y" type="float">1.081709</tip_y>
                    <tip_z sid="tip_z" type="float">0</tip_z>
                  </technique>
                </extra>
              </node>
              <node id="Armature_r_clavicle" name="r_clavicle" sid="r_clavicle" type="JOINT">
                <matrix sid="transform">6.87042e-6 0 -1 6.349356 0 1 0 -5.980262 1 0 6.87042e-6 -0.001823068 0 0 0 1</matrix>
                <node id="Armature_r_upperarm" name="r_upperarm" sid="r_upperarm" type="JOINT">
                  <matrix sid="transform">0.1881655 0 -0.9821373 2.98023e-6 0 1 0 -3.042566 0.9821373 0 0.1881655 -2.36699e-5 0 0 0 1</matrix>
                  <node id="Armature_r_forearm" name="r_forearm" sid="r_forearm" type="JOINT">
                    <matrix sid="transform">0.9902689 0 -0.1391681 10.44348 0 1 0 -2.114794 0.1391681 0 0.9902689 2.096427 0 0 0 1</matrix>
                    <node id="Armature_r_hand" name="r_hand" sid="r_hand" type="JOINT">
                      <matrix sid="transform">0.980542 0 -0.1963098 10.94687 0 1 0 -2.178032 0.1963098 0 0.980542 2.219377 0 0 0 1</matrix>
                      <node id="Armature_r_index_low" name="r_index_low" sid="r_index_low" type="JOINT">
                        <matrix sid="transform">0.993232 0 -0.1161481 5.147553 0 1 0 0.1553183 0.1161481 0 0.993232 1.016934 0 0 0 1</matrix>
                        <node id="Armature_r_index_mid" name="r_index_mid" sid="r_index_mid" type="JOINT">
                          <matrix sid="transform">0.9992465 0 0.03881001 1.629628 0 1 0 0.46558 -0.03881001 0 0.9992465 -0.06843543 0 0 0 1</matrix>
                          <node id="Armature_r_index_tip" name="r_index_tip" sid="r_index_tip" type="JOINT">
                            <matrix sid="transform">0.999886 0 0.01509883 1.102389 0 1 0 0.6561661 -0.01509883 0 0.999886 -0.1042304 0 0 0 1</matrix>
                            <extra>
                              <technique profile="blender">
                                <roll sid="roll" type="float">1.361187</roll>
                                <tip_x sid="tip_x" type="float">0</tip_x>
                                <tip_y sid="tip_y" type="float">1.08171</tip_y>
                                <tip_z sid="tip_z" type="float">0</tip_z>
                              </technique>
                            </extra>
                          </node>
                          <extra>
                            <technique profile="blender">
                              <roll sid="roll" type="float">1.346088</roll>
                              <tip_x sid="tip_x" type="float">0</tip_x>
                              <tip_y sid="tip_y" type="float">1.081709</tip_y>
                              <tip_z sid="tip_z" type="float">0</tip_z>
                            </technique>
                          </extra>
                        </node>
                        <extra>
                          <technique profile="blender">
                            <roll sid="roll" type="float">1.307268</roll>
                            <tip_x sid="tip_x" type="float">0</tip_x>
                            <tip_y sid="tip_y" type="float">1.081709</tip_y>
                            <tip_z sid="tip_z" type="float">0</tip_z>
                          </technique>
                        </extra>
                      </node>
                      <node id="Armature_r_middle_low" name="r_middle_low" sid="r_middle_low" type="JOINT">
                        <matrix sid="transform">0.9988381 0 0.04819194 5.183385 0 1 0 -0.05904388 -0.04819194 0 0.9988381 -0.0501467 0 0 0 1</matrix>
                        <node id="Armature_r_middle_mid" name="r_middle_mid" sid="r_middle_mid" type="JOINT">
                          <matrix sid="transform">0.9999657 0 -0.008288525 1.82559 0 1 0 0.6020622 0.008288525 0 0.9999657 0.02110636 0 0 0 1</matrix>
                          <node id="Armature_r_middle_tip" name="r_middle_tip" sid="r_middle_tip" type="JOINT">
                            <matrix sid="transform">0.9999924 0 -0.003924832 1.146007 0 1 0 0.7166729 0.003924832 0 0.9999924 0.0269326 0 0 0 1</matrix>
                            <extra>
                              <technique profile="blender">
                                <roll sid="roll" type="float">1.459676</roll>
                                <tip_x sid="tip_x" type="float">0</tip_x>
                                <tip_y sid="tip_y" type="float">1.081709</tip_y>
                                <tip_z sid="tip_z" type="float">0</tip_z>
                              </technique>
                            </extra>
                          </node>
                          <extra>
                            <technique profile="blender">
                              <roll sid="roll" type="float">1.463601</roll>
                              <tip_x sid="tip_x" type="float">0</tip_x>
                              <tip_y sid="tip_y" type="float">1.081709</tip_y>
                              <tip_z sid="tip_z" type="float">0</tip_z>
                            </technique>
                          </extra>
                        </node>
                        <extra>
                          <technique profile="blender">
                            <roll sid="roll" type="float">1.471889</roll>
                            <tip_x sid="tip_x" type="float">0</tip_x>
                            <tip_y sid="tip_y" type="float">1.08171</tip_y>
                            <tip_z sid="tip_z" type="float">0</tip_z>
                          </technique>
                        </extra>
                      </node>
                      <node id="Armature_r_pinky_low" name="r_pinky_low" sid="r_pinky_low" type="JOINT">
                        <matrix sid="transform">0.9710976 0 0.2386826 4.148462 0 1 0 0.08778763 -0.2386826 0 0.9710976 -1.991809 0 0 0 1</matrix>
                        <node id="Armature_r_pinky_mid" name="r_pinky_mid" sid="r_pinky_mid" type="JOINT">
                          <matrix sid="transform">0.999993 0 -0.003785715 1.298755 0 1 0 0.4788322 0.003785715 0 0.999993 0.006726623 0 0 0 1</matrix>
                          <node id="Armature_r_pinky_tip" name="r_pinky_tip" sid="r_pinky_tip" type="JOINT">
                            <matrix sid="transform">0.9999983 0 -0.001868472 0.9425986 0 1 0 0.6993561 0.001868472 0 0.9999983 0.01088995 0 0 0 1</matrix>
                            <extra>
                              <technique profile="blender">
                                <roll sid="roll" type="float">1.659034</roll>
                                <tip_x sid="tip_x" type="float">0</tip_x>
                                <tip_y sid="tip_y" type="float">1.081709</tip_y>
                                <tip_z sid="tip_z" type="float">0</tip_z>
                              </technique>
                            </extra>
                          </node>
                          <extra>
                            <technique profile="blender">
                              <roll sid="roll" type="float">1.660902</roll>
                              <tip_x sid="tip_x" type="float">0</tip_x>
                              <tip_y sid="tip_y" type="float">1.08171</tip_y>
                              <tip_z sid="tip_z" type="float">0</tip_z>
                            </technique>
                          </extra>
                        </node>
                        <extra>
                          <technique profile="blender">
                            <roll sid="roll" type="float">1.664688</roll>
                            <tip_x sid="tip_x" type="float">0</tip_x>
                            <tip_y sid="tip_y" type="float">1.08171</tip_y>
                            <tip_z sid="tip_z" type="float">0</tip_z>
                          </technique>
                        </extra>
                      </node>
                      <node id="Armature_r_ring_low" name="r_ring_low" sid="r_ring_low" type="JOINT">
                        <matrix sid="transform">0.9829611 0 0.1838139 4.999468 0 1 0 -0.1097069 -0.1838139 0 0.9829611 -1.004367 0 0 0 1</matrix>
                        <node id="Armature_r_ring_mid" name="r_ring_mid" sid="r_ring_mid" type="JOINT">
                          <matrix sid="transform">0.999999 0 -0.001386743 1.591905 0 1 0 0.6724262 0.001386743 0 0.999999 0.01058626 0 0 0 1</matrix>
                          <node id="Armature_r_ring_tip" name="r_ring_tip" sid="r_ring_tip" type="JOINT">
                            <matrix sid="transform">0.999993 0 -0.003763784 1.173678 0 1 0 0.6581106 0.003763784 0 0.999993 0.01108795 0 0 0 1</matrix>
                            <extra>
                              <technique profile="blender">
                                <roll sid="roll" type="float">1.603393</roll>
                                <tip_x sid="tip_x" type="float">0</tip_x>
                                <tip_y sid="tip_y" type="float">1.081709</tip_y>
                                <tip_z sid="tip_z" type="float">0</tip_z>
                              </technique>
                            </extra>
                          </node>
                          <extra>
                            <technique profile="blender">
                              <roll sid="roll" type="float">1.607157</roll>
                              <tip_x sid="tip_x" type="float">0</tip_x>
                              <tip_y sid="tip_y" type="float">1.08171</tip_y>
                              <tip_z sid="tip_z" type="float">0</tip_z>
                            </technique>
                          </extra>
                        </node>
                        <extra>
                          <technique profile="blender">
                            <roll sid="roll" type="float">1.608544</roll>
                            <tip_x sid="tip_x" type="float">0</tip_x>
                            <tip_y sid="tip_y" type="float">1.08171</tip_y>
                            <tip_z sid="tip_z" type="float">0</tip_z>
                          </technique>
                        </extra>
                      </node>
                      <node id="Armature_r_thumb_low" name="r_thumb_low" sid="r_thumb_low" type="JOINT">
                        <matrix sid="transform">0.8671423 0 -0.4980605 2.422261 0 1 0 0.6345911 0.4980605 0 0.8671423 2.010552 0 0 0 1</matrix>
                        <node id="Armature_r_thumb_mid" name="r_thumb_mid" sid="r_thumb_mid" type="JOINT">
                          <matrix sid="transform">0.9976001 0 0.06923831 1.463635 0 1 0 0.4894676 -0.06923831 0 0.9976001 -0.1654108 0 0 0 1</matrix>
                          <node id="Armature_r_thumb_tip" name="r_thumb_tip" sid="r_thumb_tip" type="JOINT">
                            <matrix sid="transform">0.9961948 0 0.08715478 0.9459302 0 1 0 0.4946718 -0.08715478 0 0.9961948 -0.1749697 0 0 0 1</matrix>
                            <extra>
                              <technique profile="blender">
                                <roll sid="roll" type="float">1.058877</roll>
                                <tip_x sid="tip_x" type="float">0</tip_x>
                                <tip_y sid="tip_y" type="float">1.081709</tip_y>
                                <tip_z sid="tip_z" type="float">0</tip_z>
                              </technique>
                            </extra>
                          </node>
                          <extra>
                            <technique profile="blender">
                              <roll sid="roll" type="float">0.9716119</roll>
                              <tip_x sid="tip_x" type="float">0</tip_x>
                              <tip_y sid="tip_y" type="float">1.08171</tip_y>
                              <tip_z sid="tip_z" type="float">0</tip_z>
                            </technique>
                          </extra>
                        </node>
                        <extra>
                          <technique profile="blender">
                            <roll sid="roll" type="float">0.9023183</roll>
                            <tip_x sid="tip_x" type="float">0</tip_x>
                            <tip_y sid="tip_y" type="float">1.08171</tip_y>
                            <tip_z sid="tip_z" type="float">0</tip_z>
                          </technique>
                        </extra>
                      </node>
                      <extra>
                        <technique profile="blender">
                          <roll sid="roll" type="float">1.423679</roll>
                          <tip_x sid="tip_x" type="float">0</tip_x>
                          <tip_y sid="tip_y" type="float">1.08171</tip_y>
                          <tip_z sid="tip_z" type="float">0</tip_z>
                        </technique>
                      </extra>
                    </node>
                    <extra>
                      <technique profile="blender">
                        <roll sid="roll" type="float">1.621272</roll>
                        <tip_x sid="tip_x" type="float">0</tip_x>
                        <tip_y sid="tip_y" type="float">1.081709</tip_y>
                        <tip_z sid="tip_z" type="float">0</tip_z>
                      </technique>
                    </extra>
                  </node>
                  <extra>
                    <technique profile="blender">
                      <roll sid="roll" type="float">1.760893</roll>
                      <tip_x sid="tip_x" type="float">0</tip_x>
                      <tip_y sid="tip_y" type="float">1.081709</tip_y>
                      <tip_z sid="tip_z" type="float">0</tip_z>
                    </technique>
                  </extra>
                </node>
                <extra>
                  <technique profile="blender">
                    <roll sid="roll" type="float">-3.14079</roll>
                    <tip_x sid="tip_x" type="float">0</tip_x>
                    <tip_y sid="tip_y" type="float">1.081709</tip_y>
                    <tip_z sid="tip_z" type="float">0</tip_z>
                  </technique>
                </extra>
              </node>
              <extra>
                <technique profile="blender">
                  <roll sid="roll" type="float">-1.57</roll>
                  <tip_x sid="tip_x" type="float">0</tip_x>
                  <tip_y sid="tip_y" type="float">1.081709</tip_y>
                  <tip_z sid="tip_z" type="float">0</tip_z>
                </technique>
              </extra>
            </node>
            <extra>
              <technique profile="blender">
                <roll sid="roll" type="float">-1.57</roll>
                <tip_x sid="tip_x" type="float">0</tip_x>
                <tip_y sid="tip_y" type="float">1.081709</tip_y>
                <tip_z sid="tip_z" type="float">0</tip_z>
              </technique>
            </extra>
          </node>
          <extra>
            <technique profile="blender">
              <roll sid="roll" type="float">-1.570794</roll>
              <tip_x sid="tip_x" type="float">0</tip_x>
              <tip_y sid="tip_y" type="float">1.081709</tip_y>
              <tip_z sid="tip_z" type="float">0</tip_z>
            </technique>
          </extra>
        </node>
        <node id="chest_base" name="chest:base" type="NODE">
          <matrix sid="transform">1 0 0 0 0 1 0 0 0 0 1 0 0 0 0 1</matrix>
          <instance_controller url="#Armature_chest_base-skin">
            <skeleton>#Armature_pelvis</skeleton>
            <bind_material>
              <technique_common>
                <instance_material symbol="light_shield_generator-material" target="#light_shield_generator-material">
                  <bind_vertex_input semantic="UVMap" input_semantic="TEXCOORD" input_set="0"/>
                </instance_material>
                <instance_material symbol="armor_fixed-material" target="#armor_fixed-material">
                  <bind_vertex_input semantic="UVMap" input_semantic="TEXCOORD" input_set="0"/>
                </instance_material>
                <instance_material symbol="light_shield_cc-material" target="#light_shield_cc-material">
                  <bind_vertex_input semantic="UVMap" input_semantic="TEXCOORD" input_set="0"/>
                </instance_material>
                <instance_material symbol="emblem-material" target="#emblem-material">
                  <bind_vertex_input semantic="UVMap" input_semantic="TEXCOORD" input_set="0"/>
                </instance_material>
              </technique_common>
            </bind_material>
          </instance_controller>
        </node>
        <node id="chest_mp_recon" name="chest:mp_recon" type="NODE">
          <matrix sid="transform">1 0 0 0 0 1 0 0 0 0 1 0 0 0 0 1</matrix>
          <instance_controller url="#Armature_chest_mp_recon-skin">
            <skeleton>#Armature_pelvis</skeleton>
            <bind_material>
              <technique_common>
                <instance_material symbol="cyborg_99_armor-material" target="#cyborg_99_armor-material">
                  <bind_vertex_input semantic="UVMap" input_semantic="TEXCOORD" input_set="0"/>
                </instance_material>
                <instance_material symbol="emblem-material" target="#emblem-material">
                  <bind_vertex_input semantic="UVMap" input_semantic="TEXCOORD" input_set="0"/>
                </instance_material>
              </technique_common>
            </bind_material>
          </instance_controller>
        </node>
        <node id="default_default" name="default:default" type="NODE">
          <matrix sid="transform">1 0 0 0 0 1 0 0 0 0 1 0 0 0 0 1</matrix>
          <instance_controller url="#Armature_default_default-skin">
            <skeleton>#Armature_pelvis</skeleton>
            <bind_material>
              <technique_common>
                <instance_material symbol="mp_visor-material" target="#mp_visor-material">
                  <bind_vertex_input semantic="UVMap" input_semantic="TEXCOORD" input_set="0"/>
                </instance_material>
                <instance_material symbol="armor_fixed-material" target="#armor_fixed-material">
                  <bind_vertex_input semantic="UVMap" input_semantic="TEXCOORD" input_set="0"/>
                </instance_material>
              </technique_common>
            </bind_material>
          </instance_controller>
        </node>
        <node id="default_mp_recon" name="default:mp_recon" type="NODE">
          <matrix sid="transform">1 0 0 0 0 1 0 0 0 0 1 0 0 0 0 1</matrix>
          <instance_controller url="#Armature_default_mp_recon-skin">
            <skeleton>#Armature_pelvis</skeleton>
            <bind_material>
              <technique_common>
                <instance_material symbol="mp_visor-material" target="#mp_visor-material">
                  <bind_vertex_input semantic="UVMap" input_semantic="TEXCOORD" input_set="0"/>
                </instance_material>
                <instance_material symbol="cyborg_99_armor-material" target="#cyborg_99_armor-material">
                  <bind_vertex_input semantic="UVMap" input_semantic="TEXCOORD" input_set="0"/>
                </instance_material>
              </technique_common>
            </bind_material>
          </instance_controller>
        </node>
        <node id="chest_mp_beta" name="chest:mp_beta" type="NODE">
          <matrix sid="transform">1 0 0 0 0 1 0 0 0 0 1 0 0 0 0 1</matrix>
          <instance_controller url="#Armature_chest_mp_beta-skin">
            <skeleton>#Armature_pelvis</skeleton>
            <bind_material>
              <technique_common>
                <instance_material symbol="emblem-material" target="#emblem-material">
                  <bind_vertex_input semantic="UVMap" input_semantic="TEXCOORD" input_set="0"/>
                </instance_material>
                <instance_material symbol="head_rubber-material" target="#head_rubber-material">
                  <bind_vertex_input semantic="UVMap" input_semantic="TEXCOORD" input_set="0"/>
                </instance_material>
                <instance_material symbol="legs_armor-material" target="#legs_armor-material">
                  <bind_vertex_input semantic="UVMap" input_semantic="TEXCOORD" input_set="0"/>
                </instance_material>
                <instance_material symbol="torso_armor-material" target="#torso_armor-material">
                  <bind_vertex_input semantic="UVMap" input_semantic="TEXCOORD" input_set="0"/>
                </instance_material>
                <instance_material symbol="arms_armor-material" target="#arms_armor-material">
                  <bind_vertex_input semantic="UVMap" input_semantic="TEXCOORD" input_set="0"/>
                </instance_material>
              </technique_common>
            </bind_material>
          </instance_controller>
        </node>
        <node id="default_mp_beta" name="default:mp_beta" type="NODE">
          <matrix sid="transform">1 0 0 0 0 1 0 0 0 0 1 0 0 0 0 1</matrix>
          <instance_controller url="#Armature_default_mp_beta-skin">
            <skeleton>#Armature_pelvis</skeleton>
            <bind_material>
              <technique_common>
                <instance_material symbol="head_armor-material" target="#head_armor-material">
                  <bind_vertex_input semantic="UVMap" input_semantic="TEXCOORD" input_set="0"/>
                </instance_material>
                <instance_material symbol="head_visor-material" target="#head_visor-material">
                  <bind_vertex_input semantic="UVMap" input_semantic="TEXCOORD" input_set="0"/>
                </instance_material>
              </technique_common>
            </bind_material>
          </instance_controller>
        </node>
      </node>
    </visual_scene>
  </library_visual_scenes>
  <scene>
    <instance_visual_scene url="#Scene"/>
  </scene>
</COLLADA>